ID,Folder,PDF_File,Category,Page,Product_Title,Description,Price_Formatted,Raw_Price,Extraction_Method,Line_Text
FURN-00001,A -DIVINE CHAIRS PRICELIST,+ PRINCE SERIES - PRICELIST WEF 1STMAY 2026.pdf,prince,1,Prince,,"₹2,026",2026,ocr,"PRINCE |  | ₹2,026"
FURN-00002,A -DIVINE CHAIRS PRICELIST,+ PRINCE SERIES - PRICELIST WEF 1STMAY 2026.pdf,prince,2,Quartz,Formedforstillness.,"₹34,000",34000,ocr,"Quartz | Formedforstillness. | ₹34,000"
FURN-00003,A -DIVINE CHAIRS PRICELIST,+ PRINCE SERIES - PRICELIST WEF 1STMAY 2026.pdf,prince,3,Paradox,Where form meets freedom.,Price on Request,0,ocr,Paradox | Where form meets freedom. | Price on Request
FURN-00004,A -DIVINE CHAIRS PRICELIST,+ PRINCE SERIES - PRICELIST WEF 1STMAY 2026.pdf,prince,4,Ferrari,Modern comfort.,"₹47,500",47500,ocr,"Ferrari | Modern comfort. | ₹47,500"
FURN-00005,A -DIVINE CHAIRS PRICELIST,+ PRINCE SERIES - PRICELIST WEF 1STMAY 2026.pdf,prince,5,Valour,Bold in form.,"₹48,500",48500,ocr,"Valour | Bold in form. | ₹48,500"
FURN-00006,A -DIVINE CHAIRS PRICELIST,+ PRINCE SERIES - PRICELIST WEF 1STMAY 2026.pdf,prince,6,Soho,Moderncomfort.,"₹41,500",41500,ocr,"Soho | Moderncomfort. | ₹41,500"
FURN-00007,A -DIVINE CHAIRS PRICELIST,+ PRINCE SERIES - PRICELIST WEF 1STMAY 2026.pdf,prince,7,Tiago,Designed for focus.,"₹32,000",32000,ocr,"TIAGO | Designed for focus. | ₹32,000"
FURN-00008,A -DIVINE CHAIRS PRICELIST,+ PRINCE SERIES - PRICELIST WEF 1STMAY 2026.pdf,prince,8,Allure,LOUNGE CHAIR,"₹28,000",28000,ocr,"Allure | LOUNGE CHAIR | ₹28,000"
FURN-00009,A -DIVINE CHAIRS PRICELIST,+ PRINCE SERIES - PRICELIST WEF 1STMAY 2026.pdf,prince,9,Pebble,Soft curves.,"₹29,000",29000,ocr,"PEBBLE | Soft curves. | ₹29,000"
FURN-00010,A -DIVINE CHAIRS PRICELIST,+ PRINCE SERIES - PRICELIST WEF 1STMAY 2026.pdf,prince,10,Crafty,Modern comfort.,"₹32,000",32000,ocr,"Crafty | Modern comfort. | ₹32,000"
FURN-00011,A -DIVINE CHAIRS PRICELIST,+ PRINCE SERIES - PRICELIST WEF 1STMAY 2026.pdf,prince,11,Marina,LOUNGE CHAIR,"₹28,000",28000,ocr,"MARINA | LOUNGE CHAIR | ₹28,000"
FURN-00012,A -DIVINE CHAIRS PRICELIST,+ PRINCE SERIES - PRICELIST WEF 1STMAY 2026.pdf,prince,12,Osaka,Sculpted comfort.,"₹32,000",32000,ocr,"Osaka | Sculpted comfort. | ₹32,000"
FURN-00013,A -DIVINE CHAIRS PRICELIST,+ PRINCE SERIES - PRICELIST WEF 1STMAY 2026.pdf,prince,13,Azzura,Modern comfort.,Price on Request,0,ocr,azzura | Modern comfort. | Price on Request
FURN-00014,A -DIVINE CHAIRS PRICELIST,+ PRINCE SERIES - PRICELIST WEF 1STMAY 2026.pdf,prince,14,Cassina,Contemporary Comfort,"₹26,000",26000,ocr,"Cassina | Contemporary Comfort | ₹26,000"
FURN-00015,A -DIVINE CHAIRS PRICELIST,+ PRINCE SERIES - PRICELIST WEF 1STMAY 2026.pdf,prince,15,Meraki,LOUNGE CHAIR,"₹30,000",30000,ocr,"MERAKI | LOUNGE CHAIR | ₹30,000"
FURN-00016,A -DIVINE CHAIRS PRICELIST,+ PRINCE SERIES - PRICELIST WEF 1STMAY 2026.pdf,prince,16,Scorpio,Curvedfor comfort.,"₹27,000",27000,ocr,"SCORPIO | Curvedfor comfort. | ₹27,000"
FURN-00017,A -DIVINE CHAIRS PRICELIST,+ PRINCE SERIES - PRICELIST WEF 1STMAY 2026.pdf,prince,17,Tiesto,LOUNGE CHAIR,"₹19,000",19000,ocr,"TIESTO | LOUNGE CHAIR | ₹19,000"
FURN-00018,A -DIVINE CHAIRS PRICELIST,+ PRINCE SERIES - PRICELIST WEF 1STMAY 2026.pdf,prince,18,Avita,Moderncomfort.,"₹32,000",32000,ocr,"Avita | Moderncomfort. | ₹32,000"
FURN-00019,A -DIVINE CHAIRS PRICELIST,+ PRINCE SERIES - PRICELIST WEF 1STMAY 2026.pdf,prince,19,June,Comfort that inspires.,"₹35,000",35000,ocr,"June | Comfort that inspires. | ₹35,000"
FURN-00020,A -DIVINE CHAIRS PRICELIST,+ PRINCE SERIES - PRICELIST WEF 1STMAY 2026.pdf,prince,20,Rolf,Modern comfort.,"₹24,000",24000,ocr,"Rolf | Modern comfort. | ₹24,000"
FURN-00021,A -DIVINE CHAIRS PRICELIST,+ PRINCE SERIES - PRICELIST WEF 1STMAY 2026.pdf,prince,21,Symphony,Modern comfort.,"₹29,750",29750,ocr,"Symphony | Modern comfort. | ₹29,750"
FURN-00022,A -DIVINE CHAIRS PRICELIST,+ PRINCE SERIES - PRICELIST WEF 1STMAY 2026.pdf,prince,22,Lancer,Sleek design,"₹41,000",41000,ocr,"Lancer | Sleek design | ₹41,000"
FURN-00023,A -DIVINE CHAIRS PRICELIST,+ PRINCE SERIES - PRICELIST WEF 1STMAY 2026.pdf,prince,23,Zara,Comfortthat inspires.,"₹39,500",39500,ocr,"Zara | Comfortthat inspires. | ₹39,500"
FURN-00024,A -DIVINE CHAIRS PRICELIST,+ PRINCE SERIES - PRICELIST WEF 1STMAY 2026.pdf,prince,24,Zara,without arms,"₹37,000",37000,ocr,"Zara | without arms | ₹37,000"
FURN-00025,A -DIVINE CHAIRS PRICELIST,+ PRINCE SERIES - PRICELIST WEF 1STMAY 2026.pdf,prince,25,Oxy,Modern comfort,"₹32,000",32000,ocr,"oxy | Modern comfort | ₹32,000"
FURN-00026,A -DIVINE CHAIRS PRICELIST,+ PRINCE SERIES - PRICELIST WEF 1STMAY 2026.pdf,prince,26,Finista,Moderncomfort.,"₹28,000",28000,ocr,"Finista | Moderncomfort. | ₹28,000"
FURN-00027,A -DIVINE CHAIRS PRICELIST,+ PRINCE SERIES - PRICELIST WEF 1STMAY 2026.pdf,prince,27,Ethan,Sculpted comfort.,"₹28,000",28000,ocr,"Ethan | Sculpted comfort. | ₹28,000"
FURN-00028,A -DIVINE CHAIRS PRICELIST,+ PRINCE SERIES - PRICELIST WEF 1STMAY 2026.pdf,prince,28,Antonia,Modern comfort.,"₹26,000",26000,ocr,"Antonia | Modern comfort. | ₹26,000"
FURN-00029,A -DIVINE CHAIRS PRICELIST,+ PRINCE SERIES - PRICELIST WEF 1STMAY 2026.pdf,prince,29,Mackanzy,Modern comfort.,"₹29,000",29000,ocr,"Mackanzy | Modern comfort. | ₹29,000"
FURN-00030,A -DIVINE CHAIRS PRICELIST,+ PRINCE SERIES - PRICELIST WEF 1STMAY 2026.pdf,prince,30,Mustang,Modern comfort.,"₹29,500",29500,ocr,"mustang | Modern comfort. | ₹29,500"
FURN-00031,A -DIVINE CHAIRS PRICELIST,+ PRINCE SERIES - PRICELIST WEF 1STMAY 2026.pdf,prince,31,Maharaja,Timeless luxury.,"₹32,000",32000,ocr,"Maharaja | Timeless luxury. | ₹32,000"
FURN-00032,A -DIVINE CHAIRS PRICELIST,+PUFFY PRICELIST LIFESTYLE- AUG26.pdf,puffy,1,Puffy,ALBERT,"₹2,026",2026,ocr,"PUFFY | ALBERT | ₹2,026"
FURN-00033,A -DIVINE CHAIRS PRICELIST,+PUFFY PRICELIST LIFESTYLE- AUG26.pdf,puffy,2,Divin,Libra,₹700,700,ocr,DIVIN | Libra | ₹700
FURN-00034,A -DIVINE CHAIRS PRICELIST,+PUFFY PRICELIST LIFESTYLE- AUG26.pdf,puffy,3,Albert,Sculptural design.,"₹6,500",6500,ocr,"Albert | Sculptural design. | ₹6,500"
FURN-00035,A -DIVINE CHAIRS PRICELIST,+PUFFY PRICELIST LIFESTYLE- AUG26.pdf,puffy,4,Vin,KINFOLK,"₹8,000",8000,ocr,"VIN | KINFOLK | ₹8,000"
FURN-00036,A -DIVINE CHAIRS PRICELIST,+PUFFY PRICELIST LIFESTYLE- AUG26.pdf,puffy,5,Ivine,Moon,"₹6,750",6750,ocr,"IVINE | Moon | ₹6,750"
FURN-00037,A -DIVINE CHAIRS PRICELIST,+PUFFY PRICELIST LIFESTYLE- AUG26.pdf,puffy,6,Drift,LIVEREALTIFTLIV,"₹6,500",6500,ocr,"Drift | LIVEREALTIFTLIV | ₹6,500"
FURN-00038,A -DIVINE CHAIRS PRICELIST,+PUFFY PRICELIST LIFESTYLE- AUG26.pdf,puffy,7,Vine,Dior,"₹8,250",8250,ocr,"VINE | Dior | ₹8,250"
FURN-00039,A -DIVINE CHAIRS PRICELIST,+PUFFY PRICELIST LIFESTYLE- AUG26.pdf,puffy,8,Kinfolk,LINEBENUTIFULEYO,"₹5,750",5750,ocr,"KINFOLK | LINEBENUTIFULEYO | ₹5,750"
FURN-00040,A -DIVINE CHAIRS PRICELIST,+PUFFY PRICELIST LIFESTYLE- AUG26.pdf,puffy,9,Vine,Opal,"₹5,500",5500,ocr,"VINE | Opal | ₹5,500"
FURN-00041,A -DIVINE CHAIRS PRICELIST,+PUFFY PRICELIST LIFESTYLE- AUG26.pdf,puffy,10,Ivine,Flow,"₹5,750",5750,ocr,"IVINE | Flow | ₹5,750"
FURN-00042,A -DIVINE CHAIRS PRICELIST,+PUFFY PRICELIST LIFESTYLE- AUG26.pdf,puffy,11,Bolt,Compact luxury.,"₹9,000",9000,ocr,"Bolt | Compact luxury. | ₹9,000"
FURN-00043,A -DIVINE CHAIRS PRICELIST,+PUFFY PRICELIST LIFESTYLE- AUG26.pdf,puffy,12,Hush,Compact luxury,"₹6,250",6250,ocr,"Hush | Compact luxury | ₹6,250"
FURN-00044,A -DIVINE CHAIRS PRICELIST,+PUFFY PRICELIST LIFESTYLE- AUG26.pdf,puffy,13,Vini,Mushroom,"₹6,000",6000,ocr,"VINI | Mushroom | ₹6,000"
FURN-00045,A -DIVINE CHAIRS PRICELIST,+PUFFY PRICELIST LIFESTYLE- AUG26.pdf,puffy,14,Vine,Vibe,"₹9,000",9000,ocr,"VINE | Vibe | ₹9,000"
FURN-00046,A -DIVINE CHAIRS PRICELIST,+PUFFY PRICELIST LIFESTYLE- AUG26.pdf,puffy,15,Astro,Timelessdesign,"₹6,500",6500,ocr,"Astro | Timelessdesign | ₹6,500"
FURN-00047,A -DIVINE CHAIRS PRICELIST,+PUFFY PRICELIST LIFESTYLE- AUG26.pdf,puffy,16,Gold,Minimal form.,"₹6,250",6250,ocr,"Gold | Minimal form. | ₹6,250"
FURN-00048,A -DIVINE CHAIRS PRICELIST,+PUFFY PRICELIST LIFESTYLE- AUG26.pdf,puffy,17,Kenzi,Modern elegance.,"₹11,000",11000,ocr,"Kenzi | Modern elegance. | ₹11,000"
FURN-00049,A -DIVINE CHAIRS PRICELIST,+PUFFY PRICELIST LIFESTYLE- AUG26.pdf,puffy,18,Capsule,Minimal form.,"₹5,500",5500,ocr,"Capsule | Minimal form. | ₹5,500"
FURN-00050,A -DIVINE CHAIRS PRICELIST,+PUFFY PRICELIST LIFESTYLE- AUG26.pdf,puffy,19,Kazo,Earthy tones.,"₹8,500",8500,ocr,"Kazo | Earthy tones. | ₹8,500"
FURN-00051,A -DIVINE CHAIRS PRICELIST,+PUFFY PRICELIST LIFESTYLE- AUG26.pdf,puffy,20,Vine,Eva,"₹5,500",5500,ocr,"VINE | Eva | ₹5,500"
FURN-00052,A -DIVINE CHAIRS PRICELIST,+PUFFY PRICELIST LIFESTYLE- AUG26.pdf,puffy,21,Ivine,Torry,"₹7,750",7750,ocr,"IVINE | Torry | ₹7,750"
FURN-00053,A -DIVINE CHAIRS PRICELIST,+PUFFY PRICELIST LIFESTYLE- AUG26.pdf,puffy,22,Vitro,Bold form.,"₹10,250",10250,ocr,"Vitro | Bold form. | ₹10,250"
FURN-00054,A -DIVINE CHAIRS PRICELIST,+PUFFY PRICELIST LIFESTYLE- AUG26.pdf,puffy,23,Lume,Compact luxury.,"₹7,000",7000,ocr,"Lume | Compact luxury. | ₹7,000"
FURN-00055,A -DIVINE CHAIRS PRICELIST,+PUFFY PRICELIST LIFESTYLE- AUG26.pdf,puffy,24,Snug,Compact luxury.,₹520,520,ocr,Snug | Compact luxury. | ₹520
FURN-00056,A -DIVINE CHAIRS PRICELIST,+PUFFY PRICELIST LIFESTYLE- AUG26.pdf,puffy,25,Zoya,Smartdesign.,"₹7,500",7500,ocr,"Zoya | Smartdesign. | ₹7,500"
FURN-00057,A -DIVINE CHAIRS PRICELIST,+PUFFY PRICELIST LIFESTYLE- AUG26.pdf,puffy,26,Majesty,Compact luxury.,₹900,900,ocr,Majesty | Compact luxury. | ₹900
FURN-00058,A -DIVINE CHAIRS PRICELIST,+PUFFY PRICELIST LIFESTYLE- AUG26.pdf,puffy,27,Divin,Novel,₹900,900,ocr,DIVIN | Novel | ₹900
FURN-00059,A -DIVINE CHAIRS PRICELIST,+PUFFY PRICELIST LIFESTYLE- AUG26.pdf,puffy,28,Louis,KINFOL,₹900,900,ocr,Louis | KINFOL | ₹900
FURN-00060,A -DIVINE CHAIRS PRICELIST,+PUFFY PRICELIST LIFESTYLE- AUG26.pdf,puffy,29,Drum,Compact luxury.,₹900,900,ocr,Drum | Compact luxury. | ₹900
FURN-00061,A -DIVINE CHAIRS PRICELIST,+PUFFY PRICELIST LIFESTYLE- AUG26.pdf,puffy,30,Chairs,MY CHAIR MY PRIDE,Price on Request,0,ocr,CHAIRS | MY CHAIR MY PRIDE | Price on Request
FURN-00062,A -DIVINE CHAIRS PRICELIST,+SOFA LIFESTYLE PRICELIST- AUG26.pdf,sofa,1,Sofa,,"₹2,026",2026,ocr,"SOFA |  | ₹2,026"
FURN-00063,A -DIVINE CHAIRS PRICELIST,+SOFA LIFESTYLE PRICELIST- AUG26.pdf,sofa,2,Canvas,Artful comfort,"₹92,000",92000,ocr,"Canvas | Artful comfort | ₹92,000"
FURN-00064,A -DIVINE CHAIRS PRICELIST,+SOFA LIFESTYLE PRICELIST- AUG26.pdf,sofa,3,Vegas,Timeless design.,"₹92,000",92000,ocr,"VEGAS | Timeless design. | ₹92,000"
FURN-00065,A -DIVINE CHAIRS PRICELIST,+SOFA LIFESTYLE PRICELIST- AUG26.pdf,sofa,4,Flame,SOFA,"₹82,000",82000,ocr,"FLAME | SOFA | ₹82,000"
FURN-00066,A -DIVINE CHAIRS PRICELIST,+SOFA LIFESTYLE PRICELIST- AUG26.pdf,sofa,5,Lopez,Curves that welcome.,"₹62,000",62000,ocr,"LOPEZ | Curves that welcome. | ₹62,000"
FURN-00067,A -DIVINE CHAIRS PRICELIST,+SOFA LIFESTYLE PRICELIST- AUG26.pdf,sofa,6,Montana,Craftedwith wood.,"₹72,000",72000,ocr,"MONTANA | Craftedwith wood. | ₹72,000"
FURN-00068,A -DIVINE CHAIRS PRICELIST,+SOFA LIFESTYLE PRICELIST- AUG26.pdf,sofa,7,Arcus,Timeless design.,"₹64,000",64000,ocr,"ARCUS | Timeless design. | ₹64,000"
FURN-00069,A -DIVINE CHAIRS PRICELIST,+SOFA LIFESTYLE PRICELIST- AUG26.pdf,sofa,8,Zara,Timeless design.,"₹84,000",84000,ocr,"ZARA | Timeless design. | ₹84,000"
FURN-00070,A -DIVINE CHAIRS PRICELIST,+SOFA LIFESTYLE PRICELIST- AUG26.pdf,sofa,9,Divin,LIBERTY,"₹98,000",98000,ocr,"DIVIN | LIBERTY | ₹98,000"
FURN-00071,A -DIVINE CHAIRS PRICELIST,+SOFA LIFESTYLE PRICELIST- AUG26.pdf,sofa,10,Vine,LIBERTY,"₹98,000",98000,ocr,"VINE | LIBERTY | ₹98,000"
FURN-00072,A -DIVINE CHAIRS PRICELIST,+SOFA LIFESTYLE PRICELIST- AUG26.pdf,sofa,11,Nova,Modern design.,"₹64,500",64500,ocr,"NOVA | Modern design. | ₹64,500"
FURN-00073,A -DIVINE CHAIRS PRICELIST,+SOFA LIFESTYLE PRICELIST- AUG26.pdf,sofa,12,Curve,VINE,"₹68,000",68000,ocr,"CURVE | VINE | ₹68,000"
FURN-00074,A -DIVINE CHAIRS PRICELIST,+SOFA LIFESTYLE PRICELIST- AUG26.pdf,sofa,13,Meridian,Sophisticated Comfort.,"₹82,000",82000,ocr,"MERIDIAN | Sophisticated Comfort. | ₹82,000"
FURN-00075,A -DIVINE CHAIRS PRICELIST,+SOFA LIFESTYLE PRICELIST- AUG26.pdf,sofa,14,Tiara,Timeless Design.,"₹68,000",68000,ocr,"TIARA | Timeless Design. | ₹68,000"
FURN-00076,A -DIVINE CHAIRS PRICELIST,+SOFA LIFESTYLE PRICELIST- AUG26.pdf,sofa,15,Fortune,VINE,"₹62,000",62000,ocr,"Fortune | VINE | ₹62,000"
FURN-00077,A -DIVINE CHAIRS PRICELIST,+SOFA LIFESTYLE PRICELIST- AUG26.pdf,sofa,16,Chester,Timeless Elegance.,"₹65,000",65000,ocr,"CHESTER | Timeless Elegance. | ₹65,000"
FURN-00078,A -DIVINE CHAIRS PRICELIST,+SOFA LIFESTYLE PRICELIST- AUG26.pdf,sofa,17,New Vogue,Refined Comfort.,"₹58,000",58000,ocr,"NEW VOGUE | Refined Comfort. | ₹58,000"
FURN-00079,A -DIVINE CHAIRS PRICELIST,+SOFA LIFESTYLE PRICELIST- AUG26.pdf,sofa,18,Heritage,"Timeless elegance,crafted forheritage living.","₹65,000",65000,ocr,"HERITAGE | Timeless elegance,crafted forheritage living. | ₹65,000"
FURN-00080,A -DIVINE CHAIRS PRICELIST,+SOFA LIFESTYLE PRICELIST- AUG26.pdf,sofa,19,Vine,ZURICH,"₹98,000",98000,ocr,"VINE | ZURICH | ₹98,000"
FURN-00081,A -DIVINE CHAIRS PRICELIST,+SOFA LIFESTYLE PRICELIST- AUG26.pdf,sofa,20,Vine,Glamour,"₹65,000",65000,ocr,"VINE | Glamour | ₹65,000"
FURN-00082,A -DIVINE CHAIRS PRICELIST,+SOFA LIFESTYLE PRICELIST- AUG26.pdf,sofa,21,Florance,Timeless Design.,"₹54,000",54000,ocr,"FLORANCE | Timeless Design. | ₹54,000"
FURN-00083,A -DIVINE CHAIRS PRICELIST,+SOFA LIFESTYLE PRICELIST- AUG26.pdf,sofa,22,Vine,Imperial,"₹68,000",68000,ocr,"VINE | Imperial | ₹68,000"
FURN-00084,A -DIVINE CHAIRS PRICELIST,+SOFA LIFESTYLE PRICELIST- AUG26.pdf,sofa,23,Tokyo,Timeless design.,"₹51,000",51000,ocr,"TOKYO | Timeless design. | ₹51,000"
FURN-00085,A -DIVINE CHAIRS PRICELIST,+SOFA LIFESTYLE PRICELIST- AUG26.pdf,sofa,24,Saphire,Designed to inspire.,"₹54,500",54500,ocr,"SAPHIRE | Designed to inspire. | ₹54,500"
FURN-00086,A -DIVINE CHAIRS PRICELIST,+SOFA LIFESTYLE PRICELIST- AUG26.pdf,sofa,25,Mapple,Modern comfort.,"₹55,500",55500,ocr,"Mapple | Modern comfort. | ₹55,500"
FURN-00087,A -DIVINE CHAIRS PRICELIST,+SOFA LIFESTYLE PRICELIST- AUG26.pdf,sofa,26,California,DIV.INE,"₹52,000",52000,ocr,"California | DIV.INE | ₹52,000"
FURN-00088,A -DIVINE CHAIRS PRICELIST,+SOFA LIFESTYLE PRICELIST- AUG26.pdf,sofa,27,Oxy,Sophisticated Comfort.,"₹58,000",58000,ocr,"OXY | Sophisticated Comfort. | ₹58,000"
FURN-00089,A -DIVINE CHAIRS PRICELIST,+SOFA LIFESTYLE PRICELIST- AUG26.pdf,sofa,28,Divin,CORBUSIER,"₹63,000",63000,ocr,"DIVIN | CORBUSIER | ₹63,000"
FURN-00090,A -DIVINE CHAIRS PRICELIST,+SOFA LIFESTYLE PRICELIST- AUG26.pdf,sofa,29,Sofa,DREAM,"₹58,000",58000,ocr,"SOFA | DREAM | ₹58,000"
FURN-00091,A -DIVINE CHAIRS PRICELIST,+SOFA LIFESTYLE PRICELIST- AUG26.pdf,sofa,30,Divin,JUNE,"₹53,000",53000,ocr,"DIVIN | JUNE | ₹53,000"
FURN-00092,A -DIVINE CHAIRS PRICELIST,+SOFA LIFESTYLE PRICELIST- AUG26.pdf,sofa,31,Kitkat,KITKAT,"₹52,000",52000,ocr,"KitKat | KITKAT | ₹52,000"
FURN-00093,A -DIVINE CHAIRS PRICELIST,+SOFA LIFESTYLE PRICELIST- AUG26.pdf,sofa,32,Barcelona,Bold design.,"₹74,000",74000,ocr,"BARCELONA | Bold design. | ₹74,000"
FURN-00094,A -DIVINE CHAIRS PRICELIST,+SOFA LIFESTYLE PRICELIST- AUG26.pdf,sofa,33,Futon,Simple comfort.Modern living.,"₹45,500",45500,ocr,"FUTON | Simple comfort.Modern living. | ₹45,500"
FURN-00095,A -DIVINE CHAIRS PRICELIST,+SOFA LIFESTYLE PRICELIST- AUG26.pdf,sofa,34,Havoc,Bold by design.,"₹45,500",45500,ocr,"HAVOC | Bold by design. | ₹45,500"
FURN-00096,A -DIVINE CHAIRS PRICELIST,+SOFA LIFESTYLE PRICELIST- AUG26.pdf,sofa,35,Aero,Elevate your space.,"₹42,000",42000,ocr,"AERO | Elevate your space. | ₹42,000"
FURN-00097,A -DIVINE CHAIRS PRICELIST,+SOFA LIFESTYLE PRICELIST- AUG26.pdf,sofa,36,Crystal,Sophisticated Comfort.,"₹65,000",65000,ocr,"CRYSTAL | Sophisticated Comfort. | ₹65,000"
FURN-00098,A -DIVINE CHAIRS PRICELIST,+SOFA LIFESTYLE PRICELIST- AUG26.pdf,sofa,37,Nero,Bold by design.,"₹58,000",58000,ocr,"NERO | Bold by design. | ₹58,000"
FURN-00099,A -DIVINE CHAIRS PRICELIST,+SOFA LIFESTYLE PRICELIST- AUG26.pdf,sofa,38,Benz,Modern design.,"₹56,000",56000,ocr,"BENZ | Modern design. | ₹56,000"
FURN-00100,A -DIVINE CHAIRS PRICELIST,DINNING PRICELIST -AUG26 .pdf,dining,1,26,,₹0,0,text_regex,26000/-
FURN-00101,A -DIVINE CHAIRS PRICELIST,DINNING PRICELIST -AUG26 .pdf,dining,2,31,,₹0,0,text_regex,31000/-
FURN-00102,A -DIVINE CHAIRS PRICELIST,DINNING PRICELIST -AUG26 .pdf,dining,2,28,,₹750,750,text_regex,28750/-
FURN-00103,A -DIVINE CHAIRS PRICELIST,DINNING PRICELIST -AUG26 .pdf,dining,2,32,,₹0,0,text_regex,32000/-
FURN-00104,A -DIVINE CHAIRS PRICELIST,DINNING PRICELIST -AUG26 .pdf,dining,3,17,,₹0,0,text_regex,17000/-
FURN-00105,A -DIVINE CHAIRS PRICELIST,DINNING PRICELIST -AUG26 .pdf,dining,3,21,,₹500,500,text_regex,21500/-
FURN-00106,A -DIVINE CHAIRS PRICELIST,DINNING PRICELIST -AUG26 .pdf,dining,3,21,,₹0,0,text_regex,21000/-
FURN-00107,A -DIVINE CHAIRS PRICELIST,DINNING PRICELIST -AUG26 .pdf,dining,4,22,,₹0,0,text_regex,22000/-
FURN-00108,A -DIVINE CHAIRS PRICELIST,DINNING PRICELIST -AUG26 .pdf,dining,4,26,,₹0,0,text_regex,26000/-
FURN-00109,A -DIVINE CHAIRS PRICELIST,DINNING PRICELIST -AUG26 .pdf,dining,4,42,,₹0,0,text_regex,42000/-
FURN-00110,A -DIVINE CHAIRS PRICELIST,DINNING PRICELIST -AUG26 .pdf,dining,5,17,,₹0,0,text_regex,17000/-
FURN-00111,A -DIVINE CHAIRS PRICELIST,DINNING PRICELIST -AUG26 .pdf,dining,5,26,,₹0,0,text_regex,26000/-
FURN-00112,A -DIVINE CHAIRS PRICELIST,DINNING PRICELIST -AUG26 .pdf,dining,5,22,,₹0,0,text_regex,22000/-
FURN-00113,A -DIVINE CHAIRS PRICELIST,DINNING PRICELIST -AUG26 .pdf,dining,6,26,,₹0,0,text_regex,26000/-
FURN-00114,A -DIVINE CHAIRS PRICELIST,DINNING PRICELIST -AUG26 .pdf,dining,6,28,,₹0,0,text_regex,28000/-
FURN-00115,A -DIVINE CHAIRS PRICELIST,DINNING PRICELIST -AUG26 .pdf,dining,6,10,,₹750,750,text_regex,10750/-
FURN-00116,A -DIVINE CHAIRS PRICELIST,DINNING PRICELIST -AUG26 .pdf,dining,7,22,,₹0,0,text_regex,22000/-
FURN-00117,A -DIVINE CHAIRS PRICELIST,DINNING PRICELIST -AUG26 .pdf,dining,7,23,,₹0,0,text_regex,23000/-
FURN-00118,A -DIVINE CHAIRS PRICELIST,DINNING PRICELIST -AUG26 .pdf,dining,7,17,,₹500,500,text_regex,17500/-
FURN-00119,A -DIVINE CHAIRS PRICELIST,DINNING PRICELIST -AUG26 .pdf,dining,8,22,,₹0,0,text_regex,22000/-
FURN-00120,A -DIVINE CHAIRS PRICELIST,DINNING PRICELIST -AUG26 .pdf,dining,8,23,,₹0,0,text_regex,23000/-
FURN-00121,A -DIVINE CHAIRS PRICELIST,DINNING PRICELIST -AUG26 .pdf,dining,8,22,,₹0,0,text_regex,22000/-
FURN-00122,A -DIVINE CHAIRS PRICELIST,DINNING PRICELIST -AUG26 .pdf,dining,9,14,,₹0,0,text_regex,14000/-
FURN-00123,A -DIVINE CHAIRS PRICELIST,DINNING PRICELIST -AUG26 .pdf,dining,10,11,,₹500,500,text_regex,11500/-
FURN-00124,A -DIVINE CHAIRS PRICELIST,DINNING PRICELIST -AUG26 .pdf,dining,10,18,,₹500,500,text_regex,18500/-
FURN-00125,A -DIVINE CHAIRS PRICELIST,DINNING PRICELIST -AUG26 .pdf,dining,10,12,,₹500,500,text_regex,12500/-
FURN-00126,A -DIVINE CHAIRS PRICELIST,DINNING PRICELIST -AUG26 .pdf,dining,11,34,,₹0,0,text_regex,34000/-
FURN-00127,A -DIVINE CHAIRS PRICELIST,DINNING PRICELIST -AUG26 .pdf,dining,11,22,,₹0,0,text_regex,22000/-
FURN-00128,A -DIVINE CHAIRS PRICELIST,DINNING PRICELIST -AUG26 .pdf,dining,11,42,,₹0,0,text_regex,42000/-
FURN-00129,A -DIVINE CHAIRS PRICELIST,DINNING PRICELIST -AUG26 .pdf,dining,12,23,,₹0,0,text_regex,23000/-
FURN-00130,A -DIVINE CHAIRS PRICELIST,DINNING PRICELIST -AUG26 .pdf,dining,12,17,,₹200,200,text_regex,17200/-
FURN-00131,A -DIVINE CHAIRS PRICELIST,DINNING PRICELIST -AUG26 .pdf,dining,12,16,,₹0,0,text_regex,16000/-
FURN-00132,A -DIVINE CHAIRS PRICELIST,DINNING PRICELIST -AUG26 .pdf,dining,13,18,,₹800,800,text_regex,18800/-
FURN-00133,A -DIVINE CHAIRS PRICELIST,DINNING PRICELIST -AUG26 .pdf,dining,13,23,,₹500,500,text_regex,23500/-
FURN-00134,A -DIVINE CHAIRS PRICELIST,DINNING PRICELIST -AUG26 .pdf,dining,13,23,,₹0,0,text_regex,23000/-
FURN-00135,A -DIVINE CHAIRS PRICELIST,DINNING PRICELIST -AUG26 .pdf,dining,14,21,,₹500,500,text_regex,21500/-
FURN-00136,A -DIVINE CHAIRS PRICELIST,DINNING PRICELIST -AUG26 .pdf,dining,14,21,,₹0,0,text_regex,21000/-
FURN-00137,A -DIVINE CHAIRS PRICELIST,DINNING PRICELIST -AUG26 .pdf,dining,14,19,,₹0,0,text_regex,19000/-
FURN-00138,A -DIVINE CHAIRS PRICELIST,DINNING PRICELIST -AUG26 .pdf,dining,15,10,,₹500,500,text_regex,10500/-
FURN-00139,A -DIVINE CHAIRS PRICELIST,DINNING PRICELIST -AUG26 .pdf,dining,15,18,,₹500,500,text_regex,18500/-
FURN-00140,A -DIVINE CHAIRS PRICELIST,DINNING PRICELIST -AUG26 .pdf,dining,15,Wood,,"₹22,500",22500,text_regex,WOOD : 22500/- | METAL : 20000/-
FURN-00141,A -DIVINE CHAIRS PRICELIST,DINNING PRICELIST -AUG26 .pdf,dining,16,19,,₹500,500,text_regex,19500/-
FURN-00142,A -DIVINE CHAIRS PRICELIST,DINNING PRICELIST -AUG26 .pdf,dining,16,14,,₹500,500,text_regex,14500/-
FURN-00143,A -DIVINE CHAIRS PRICELIST,DINNING PRICELIST -AUG26 .pdf,dining,16,23,,₹0,0,text_regex,23000/-
FURN-00144,A -DIVINE CHAIRS PRICELIST,DINNING PRICELIST -AUG26 .pdf,dining,17,16,,₹500,500,text_regex,16500/-
FURN-00145,A -DIVINE CHAIRS PRICELIST,DINNING PRICELIST -AUG26 .pdf,dining,17,14,,₹0,0,text_regex,14000/-
FURN-00146,A -DIVINE CHAIRS PRICELIST,DINNING PRICELIST -AUG26 .pdf,dining,17,19,,₹500,500,text_regex,19500/-
FURN-00147,A -DIVINE CHAIRS PRICELIST,DINNING PRICELIST -AUG26 .pdf,dining,18,21,,₹0,0,text_regex,21000/- | BLACK - 21000/-
FURN-00148,A -DIVINE CHAIRS PRICELIST,DINNING PRICELIST -AUG26 .pdf,dining,18,14,,₹500,500,text_regex,14500/-
FURN-00149,A -DIVINE CHAIRS PRICELIST,DINNING PRICELIST -AUG26 .pdf,dining,18,23,,₹0,0,text_regex,23000/-
FURN-00150,A -DIVINE CHAIRS PRICELIST,DINNING PRICELIST -AUG26 .pdf,dining,19,13,,₹750,750,text_regex,13750/-
FURN-00151,A -DIVINE CHAIRS PRICELIST,DINNING PRICELIST -AUG26 .pdf,dining,19,10,,₹750,750,text_regex,10750/-
FURN-00152,A -DIVINE CHAIRS PRICELIST,DINNING PRICELIST -AUG26 .pdf,dining,19,11,,₹0,0,text_regex,11000/-
FURN-00153,A -DIVINE CHAIRS PRICELIST,DINNING PRICELIST -AUG26 .pdf,dining,20,15,,₹0,0,text_regex,15000/-
FURN-00154,A -DIVINE CHAIRS PRICELIST,DINNING PRICELIST -AUG26 .pdf,dining,20,15,,₹0,0,text_regex,15000/-
FURN-00155,A -DIVINE CHAIRS PRICELIST,DINNING PRICELIST -AUG26 .pdf,dining,20,16,,₹0,0,text_regex,16000/-
FURN-00156,A -DIVINE CHAIRS PRICELIST,DINNING PRICELIST -AUG26 .pdf,dining,21,21,,₹0,0,text_regex,21000/-
FURN-00157,A -DIVINE CHAIRS PRICELIST,DINNING PRICELIST -AUG26 .pdf,dining,21,15,,₹0,0,text_regex,15000/-
FURN-00158,A -DIVINE CHAIRS PRICELIST,DINNING PRICELIST -AUG26 .pdf,dining,21,15,,₹0,0,text_regex,15000/-
FURN-00159,A -DIVINE CHAIRS PRICELIST,DINNING PRICELIST -AUG26 .pdf,dining,22,Dining Chairs,PEPPER,"₹5,600",5600,ocr,"DINING CHAIRS | PEPPER | ₹5,600"
FURN-00160,A -DIVINE CHAIRS PRICELIST,DINNING PRICELIST -AUG26 .pdf,dining,23,12,,₹250,250,text_regex,12250/-
FURN-00161,A -DIVINE CHAIRS PRICELIST,DINNING PRICELIST -AUG26 .pdf,dining,23,11,,₹500,500,text_regex,11500/-
FURN-00162,A -DIVINE CHAIRS PRICELIST,DINNING PRICELIST -AUG26 .pdf,dining,24,Dining Chairs,IRIS (IND),"₹6,300",6300,ocr,"DINING CHAIRS | IRIS (IND) | ₹6,300"
FURN-00163,A -DIVINE CHAIRS PRICELIST,DINNING PRICELIST -AUG26 .pdf,dining,25,13,,₹500,500,text_regex,13500/-
FURN-00164,A -DIVINE CHAIRS PRICELIST,DINNING PRICELIST -AUG26 .pdf,dining,25,10,,₹500,500,text_regex,10500/-
FURN-00165,A -DIVINE CHAIRS PRICELIST,DINNING PRICELIST -AUG26 .pdf,dining,26,13,,₹0,0,text_regex,13000/-
FURN-00166,A -DIVINE CHAIRS PRICELIST,DINNING PRICELIST -AUG26 .pdf,dining,26,12,,₹0,0,text_regex,12000/-
FURN-00167,A -DIVINE CHAIRS PRICELIST,DINNING PRICELIST -AUG26 .pdf,dining,26,14,,₹500,500,text_regex,14500/-
FURN-00168,A -DIVINE CHAIRS PRICELIST,DINNING PRICELIST -AUG26 .pdf,dining,27,11,,₹0,0,text_regex,11000/-
FURN-00169,A -DIVINE CHAIRS PRICELIST,DINNING PRICELIST -AUG26 .pdf,dining,28,23,,₹0,0,text_regex,23000/-
FURN-00170,A -DIVINE CHAIRS PRICELIST,DINNING PRICELIST -AUG26 .pdf,dining,28,14,,₹0,0,text_regex,14000/-
FURN-00171,A -DIVINE CHAIRS PRICELIST,DINNING PRICELIST -AUG26 .pdf,dining,29,Chairs.,MY CHAIR MY PRIDE,Price on Request,0,ocr,CHAIRS. | MY CHAIR MY PRIDE | Price on Request
FURN-00172,A -DIVINE CHAIRS PRICELIST,EXECUTIVE PRICELIST-AUG26.pdf,executive,1,Executive,工一尺,"₹2,026",2026,ocr,"EXECUTIVE | 工一尺 | ₹2,026"
FURN-00173,A -DIVINE CHAIRS PRICELIST,EXECUTIVE PRICELIST-AUG26.pdf,executive,2,81,,₹0,0,text_regex,: 81000/- | MB : 79000/-
FURN-00174,A -DIVINE CHAIRS PRICELIST,EXECUTIVE PRICELIST-AUG26.pdf,executive,2,76,,₹0,0,text_regex,: 76000/- | MB : 74000/-
FURN-00175,A -DIVINE CHAIRS PRICELIST,EXECUTIVE PRICELIST-AUG26.pdf,executive,2,- 130,,₹0,0,text_regex,- 130000/-
FURN-00176,A -DIVINE CHAIRS PRICELIST,EXECUTIVE PRICELIST-AUG26.pdf,executive,3,35,,₹0,0,text_regex,: 35000/-
FURN-00177,A -DIVINE CHAIRS PRICELIST,EXECUTIVE PRICELIST-AUG26.pdf,executive,3,34,,₹0,0,text_regex,: 34000/-
FURN-00178,A -DIVINE CHAIRS PRICELIST,EXECUTIVE PRICELIST-AUG26.pdf,executive,3,35,,₹0,0,text_regex,: 35000/-
FURN-00179,A -DIVINE CHAIRS PRICELIST,EXECUTIVE PRICELIST-AUG26.pdf,executive,3,34,,₹0,0,text_regex,: 34000/-
FURN-00180,A -DIVINE CHAIRS PRICELIST,EXECUTIVE PRICELIST-AUG26.pdf,executive,4,40,,₹0,0,text_regex,: 40000/-
FURN-00181,A -DIVINE CHAIRS PRICELIST,EXECUTIVE PRICELIST-AUG26.pdf,executive,4,38,,₹0,0,text_regex,: 38000/-
FURN-00182,A -DIVINE CHAIRS PRICELIST,EXECUTIVE PRICELIST-AUG26.pdf,executive,4,40,,₹0,0,text_regex,: 40000/-
FURN-00183,A -DIVINE CHAIRS PRICELIST,EXECUTIVE PRICELIST-AUG26.pdf,executive,4,38,,₹0,0,text_regex,: 38000/-
FURN-00184,A -DIVINE CHAIRS PRICELIST,EXECUTIVE PRICELIST-AUG26.pdf,executive,5,31,,₹0,0,text_regex,: 31000/-
FURN-00185,A -DIVINE CHAIRS PRICELIST,EXECUTIVE PRICELIST-AUG26.pdf,executive,5,29,,₹0,0,text_regex,: 29000/-
FURN-00186,A -DIVINE CHAIRS PRICELIST,EXECUTIVE PRICELIST-AUG26.pdf,executive,5,29,,₹0,0,text_regex,: 29000/-
FURN-00187,A -DIVINE CHAIRS PRICELIST,EXECUTIVE PRICELIST-AUG26.pdf,executive,5,28,,₹0,0,text_regex,: 28000/-
FURN-00188,A -DIVINE CHAIRS PRICELIST,EXECUTIVE PRICELIST-AUG26.pdf,executive,6,30,,₹500,500,text_regex,: 30500/-
FURN-00189,A -DIVINE CHAIRS PRICELIST,EXECUTIVE PRICELIST-AUG26.pdf,executive,6,28,,₹500,500,text_regex,: 28500/-
FURN-00190,A -DIVINE CHAIRS PRICELIST,EXECUTIVE PRICELIST-AUG26.pdf,executive,7,24,,₹500,500,text_regex,: 24500/- | MB : 23500/-
FURN-00191,A -DIVINE CHAIRS PRICELIST,EXECUTIVE PRICELIST-AUG26.pdf,executive,7,23,,₹500,500,text_regex,: 23500/-  | MB : 22500/-
FURN-00192,A -DIVINE CHAIRS PRICELIST,EXECUTIVE PRICELIST-AUG26.pdf,executive,7,32,,₹0,0,text_regex,: 32000/-
FURN-00193,A -DIVINE CHAIRS PRICELIST,EXECUTIVE PRICELIST-AUG26.pdf,executive,7,31,,₹0,0,text_regex,: 31000/-
FURN-00194,A -DIVINE CHAIRS PRICELIST,EXECUTIVE PRICELIST-AUG26.pdf,executive,8,16,,₹200,200,text_regex,: 16200/- |MB : 15300/-
FURN-00195,A -DIVINE CHAIRS PRICELIST,EXECUTIVE PRICELIST-AUG26.pdf,executive,8,(Ind/Eco) 10,,₹500,500,text_regex,(IND/ECO) 10500/- |MB : 9
FURN-00196,A -DIVINE CHAIRS PRICELIST,EXECUTIVE PRICELIST-AUG26.pdf,executive,8,(Imp),,₹310,310,text_regex,(IMP)       310
FURN-00197,A -DIVINE CHAIRS PRICELIST,EXECUTIVE PRICELIST-AUG26.pdf,executive,8,11,,₹500,500,text_regex,: 11500/- | MB :10500/-
FURN-00198,A -DIVINE CHAIRS PRICELIST,EXECUTIVE PRICELIST-AUG26.pdf,executive,9,21,,₹500,500,text_regex,: 21500/-
FURN-00199,A -DIVINE CHAIRS PRICELIST,EXECUTIVE PRICELIST-AUG26.pdf,executive,9,20,,₹500,500,text_regex,: 20500/-
FURN-00200,A -DIVINE CHAIRS PRICELIST,EXECUTIVE PRICELIST-AUG26.pdf,executive,9,20,,₹0,0,text_regex,: 20000/-
FURN-00201,A -DIVINE CHAIRS PRICELIST,EXECUTIVE PRICELIST-AUG26.pdf,executive,9,18,,₹500,500,text_regex,: 18500/-
FURN-00202,A -DIVINE CHAIRS PRICELIST,EXECUTIVE PRICELIST-AUG26.pdf,executive,10,19,,₹0,0,text_regex,: 19000/-
FURN-00203,A -DIVINE CHAIRS PRICELIST,EXECUTIVE PRICELIST-AUG26.pdf,executive,10,16,,₹500,500,text_regex,: 16500/-
FURN-00204,A -DIVINE CHAIRS PRICELIST,EXECUTIVE PRICELIST-AUG26.pdf,executive,10,15,,₹0,0,text_regex,: 15000/-
FURN-00205,A -DIVINE CHAIRS PRICELIST,EXECUTIVE PRICELIST-AUG26.pdf,executive,10,18,,₹500,500,text_regex,: 18500/-
FURN-00206,A -DIVINE CHAIRS PRICELIST,EXECUTIVE PRICELIST-AUG26.pdf,executive,10,17,,₹500,500,text_regex,: 17500/-
FURN-00207,A -DIVINE CHAIRS PRICELIST,EXECUTIVE PRICELIST-AUG26.pdf,executive,11,16,,₹0,0,text_regex,16000/-
FURN-00208,A -DIVINE CHAIRS PRICELIST,EXECUTIVE PRICELIST-AUG26.pdf,executive,11,15,,₹0,0,text_regex,15000/
FURN-00209,A -DIVINE CHAIRS PRICELIST,EXECUTIVE PRICELIST-AUG26.pdf,executive,11,10,,₹700,700,text_regex,: 10700/- |MB
FURN-00210,A -DIVINE CHAIRS PRICELIST,EXECUTIVE PRICELIST-AUG26.pdf,executive,11,10,,₹0,0,text_regex,: 10000/-
FURN-00211,A -DIVINE CHAIRS PRICELIST,EXECUTIVE PRICELIST-AUG26.pdf,executive,11,29,,₹0,0,text_regex,: 29000/- |MB
FURN-00212,A -DIVINE CHAIRS PRICELIST,EXECUTIVE PRICELIST-AUG26.pdf,executive,11,27,,₹0,0,text_regex,: 27000/-
FURN-00213,A -DIVINE CHAIRS PRICELIST,EXECUTIVE PRICELIST-AUG26.pdf,executive,11,18,,₹500,500,text_regex,: 18500/-
FURN-00214,A -DIVINE CHAIRS PRICELIST,EXECUTIVE PRICELIST-AUG26.pdf,executive,11,17,,₹500,500,text_regex,: 17500/-
FURN-00215,A -DIVINE CHAIRS PRICELIST,EXECUTIVE PRICELIST-AUG26.pdf,executive,11,15,,₹700,700,text_regex,15700/-
FURN-00216,A -DIVINE CHAIRS PRICELIST,EXECUTIVE PRICELIST-AUG26.pdf,executive,11,15,,₹0,0,text_regex,15000/
FURN-00217,A -DIVINE CHAIRS PRICELIST,EXECUTIVE PRICELIST-AUG26.pdf,executive,12,15,,₹750,750,text_regex,: 15750/-
FURN-00218,A -DIVINE CHAIRS PRICELIST,EXECUTIVE PRICELIST-AUG26.pdf,executive,12,14,,₹750,750,text_regex,: 14750/-
FURN-00219,A -DIVINE CHAIRS PRICELIST,EXECUTIVE PRICELIST-AUG26.pdf,executive,12,14,,₹750,750,text_regex,: 14750/-
FURN-00220,A -DIVINE CHAIRS PRICELIST,EXECUTIVE PRICELIST-AUG26.pdf,executive,12,13,,₹750,750,text_regex,: 13750/-
FURN-00221,A -DIVINE CHAIRS PRICELIST,EXECUTIVE PRICELIST-AUG26.pdf,executive,13,23,,₹0,0,text_regex,: 23000/- | MB : 22500/-
FURN-00222,A -DIVINE CHAIRS PRICELIST,EXECUTIVE PRICELIST-AUG26.pdf,executive,13,22,,₹500,500,text_regex,: 22500/-  | MB : 21500/-
FURN-00223,A -DIVINE CHAIRS PRICELIST,EXECUTIVE PRICELIST-AUG26.pdf,executive,13,23,,₹0,0,text_regex,: 23000/- | MB : 22500/-
FURN-00224,A -DIVINE CHAIRS PRICELIST,EXECUTIVE PRICELIST-AUG26.pdf,executive,13,22,,₹500,500,text_regex,: 22500/- | MB : 21500/-
FURN-00225,A -DIVINE CHAIRS PRICELIST,EXECUTIVE PRICELIST-AUG26.pdf,executive,13,12,,₹0,0,text_regex,: 12000/- | MB : 11500/-
FURN-00226,A -DIVINE CHAIRS PRICELIST,EXECUTIVE PRICELIST-AUG26.pdf,executive,13,10,,₹0,0,text_regex,: 10000/- | MB : 9500/-
FURN-00227,A -DIVINE CHAIRS PRICELIST,EXECUTIVE PRICELIST-AUG26.pdf,executive,14,10,,₹750,750,text_regex,: 10750/-
FURN-00228,A -DIVINE CHAIRS PRICELIST,EXECUTIVE PRICELIST-AUG26.pdf,executive,14,10,,₹0,0,text_regex,: 10000/-
FURN-00229,A -DIVINE CHAIRS PRICELIST,EXECUTIVE PRICELIST-AUG26.pdf,executive,15,13,,₹0,0,text_regex,: 13000/-
FURN-00230,A -DIVINE CHAIRS PRICELIST,EXECUTIVE PRICELIST-AUG26.pdf,executive,15,12,,₹0,0,text_regex,: 12000/-
FURN-00231,A -DIVINE CHAIRS PRICELIST,EXECUTIVE PRICELIST-AUG26.pdf,executive,15,14,,₹250,250,text_regex,: 14250/-
FURN-00232,A -DIVINE CHAIRS PRICELIST,EXECUTIVE PRICELIST-AUG26.pdf,executive,15,13,,₹500,500,text_regex,: 13500/-
FURN-00233,A -DIVINE CHAIRS PRICELIST,EXECUTIVE PRICELIST-AUG26.pdf,executive,16,14,,₹0,0,text_regex,: 14000/-
FURN-00234,A -DIVINE CHAIRS PRICELIST,EXECUTIVE PRICELIST-AUG26.pdf,executive,16,13,,₹0,0,text_regex,: 13000/-
FURN-00235,A -DIVINE CHAIRS PRICELIST,EXECUTIVE PRICELIST-AUG26.pdf,executive,16,13,,₹500,500,text_regex,: 13500/-
FURN-00236,A -DIVINE CHAIRS PRICELIST,EXECUTIVE PRICELIST-AUG26.pdf,executive,16,12,,₹500,500,text_regex,: 12500/-
FURN-00237,A -DIVINE CHAIRS PRICELIST,EXECUTIVE PRICELIST-AUG26.pdf,executive,17,(Ind) 8,,₹800,800,text_regex,(IND) 8800/- | MB : 76
FURN-00238,A -DIVINE CHAIRS PRICELIST,EXECUTIVE PRICELIST-AUG26.pdf,executive,17,11,,₹500,500,text_regex,: 11500/-
FURN-00239,A -DIVINE CHAIRS PRICELIST,EXECUTIVE PRICELIST-AUG26.pdf,executive,17,10,,₹500,500,text_regex,: 10500/-
FURN-00240,A -DIVINE CHAIRS PRICELIST,EXECUTIVE PRICELIST-AUG26.pdf,executive,18,10,,₹500,500,text_regex,: 10500/-
FURN-00241,A -DIVINE CHAIRS PRICELIST,EXECUTIVE PRICELIST-AUG26.pdf,executive,18,10,,₹0,0,text_regex,: 10000/-
FURN-00242,A -DIVINE CHAIRS PRICELIST,EXECUTIVE PRICELIST-AUG26.pdf,executive,18,10,,₹0,0,text_regex,: 10000/-
FURN-00243,A -DIVINE CHAIRS PRICELIST,EXECUTIVE PRICELIST-AUG26.pdf,executive,21,64,,₹0,0,text_regex,: 64000/-
FURN-00244,A -DIVINE CHAIRS PRICELIST,EXECUTIVE PRICELIST-AUG26.pdf,executive,21,60,,₹0,0,text_regex,: 60000/-
FURN-00245,A -DIVINE CHAIRS PRICELIST,EXECUTIVE PRICELIST-AUG26.pdf,executive,21,56,,₹0,0,text_regex,: 56000/-
FURN-00246,A -DIVINE CHAIRS PRICELIST,EXECUTIVE PRICELIST-AUG26.pdf,executive,21,52,,₹0,0,text_regex,: 52000/-
FURN-00247,A -DIVINE CHAIRS PRICELIST,EXECUTIVE PRICELIST-AUG26.pdf,executive,22,63,,₹500,500,text_regex,: 63500/- | MB : 58500/-
FURN-00248,A -DIVINE CHAIRS PRICELIST,EXECUTIVE PRICELIST-AUG26.pdf,executive,22,51,,₹0,0,text_regex,: 51000/- | MB : 48000/-
FURN-00249,A -DIVINE CHAIRS PRICELIST,EXECUTIVE PRICELIST-AUG26.pdf,executive,22,68,,₹0,0,text_regex,: 68000/-
FURN-00250,A -DIVINE CHAIRS PRICELIST,EXECUTIVE PRICELIST-AUG26.pdf,executive,22,40,,₹0,0,text_regex,: 40000/-
FURN-00251,A -DIVINE CHAIRS PRICELIST,EXECUTIVE PRICELIST-AUG26.pdf,executive,23,75,,₹0,0,text_regex,: 75000/- | MB : 72000/-
FURN-00252,A -DIVINE CHAIRS PRICELIST,EXECUTIVE PRICELIST-AUG26.pdf,executive,23,55,,₹0,0,text_regex,: 55000/- | MB : 50000/-
FURN-00253,A -DIVINE CHAIRS PRICELIST,EXECUTIVE PRICELIST-AUG26.pdf,executive,23,41,,₹0,0,text_regex,: 41000/- |MB : 39000/-
FURN-00254,A -DIVINE CHAIRS PRICELIST,EXECUTIVE PRICELIST-AUG26.pdf,executive,23,59,,₹0,0,text_regex,: 59000/- | MB : 57000/-
FURN-00255,A -DIVINE CHAIRS PRICELIST,EXECUTIVE PRICELIST-AUG26.pdf,executive,24,26,,₹0,0,text_regex,: 26000/-
FURN-00256,A -DIVINE CHAIRS PRICELIST,EXECUTIVE PRICELIST-AUG26.pdf,executive,24,24,,₹0,0,text_regex,: 24000/-
FURN-00257,A -DIVINE CHAIRS PRICELIST,EXECUTIVE PRICELIST-AUG26.pdf,executive,24,28,,₹0,0,text_regex,: 28000/-
FURN-00258,A -DIVINE CHAIRS PRICELIST,EXECUTIVE PRICELIST-AUG26.pdf,executive,24,26,,₹0,0,text_regex,: 26000/-
FURN-00259,A -DIVINE CHAIRS PRICELIST,EXECUTIVE PRICELIST-AUG26.pdf,executive,25,95,,₹0,0,text_regex,: 95000/-
FURN-00260,A -DIVINE CHAIRS PRICELIST,EXECUTIVE PRICELIST-AUG26.pdf,executive,25,85,,₹0,0,text_regex,: 85000/-
FURN-00261,A -DIVINE CHAIRS PRICELIST,EXECUTIVE PRICELIST-AUG26.pdf,executive,25,80,,₹0,0,text_regex,: 80000/-
FURN-00262,A -DIVINE CHAIRS PRICELIST,EXECUTIVE PRICELIST-AUG26.pdf,executive,25,76,,₹0,0,text_regex,: 76000/-
FURN-00263,A -DIVINE CHAIRS PRICELIST,EXECUTIVE PRICELIST-AUG26.pdf,executive,26,28,,₹0,0,text_regex,: 28000/-
FURN-00264,A -DIVINE CHAIRS PRICELIST,EXECUTIVE PRICELIST-AUG26.pdf,executive,26,(Imp),,₹280,280,text_regex,(IMP) 280
FURN-00265,A -DIVINE CHAIRS PRICELIST,EXECUTIVE PRICELIST-AUG26.pdf,executive,27,32,,₹500,500,text_regex,: 32500/-
FURN-00266,A -DIVINE CHAIRS PRICELIST,EXECUTIVE PRICELIST-AUG26.pdf,executive,27,30,,₹500,500,text_regex,: 30500/-
FURN-00267,A -DIVINE CHAIRS PRICELIST,EXECUTIVE PRICELIST-AUG26.pdf,executive,27,34,,₹0,0,text_regex,: 34000/-
FURN-00268,A -DIVINE CHAIRS PRICELIST,EXECUTIVE PRICELIST-AUG26.pdf,executive,27,32,,₹0,0,text_regex,: 32000/-
FURN-00269,A -DIVINE CHAIRS PRICELIST,EXECUTIVE PRICELIST-AUG26.pdf,executive,28,28,,₹0,0,text_regex,: 28000/-
FURN-00270,A -DIVINE CHAIRS PRICELIST,EXECUTIVE PRICELIST-AUG26.pdf,executive,28,26,,₹500,500,text_regex,: 26500/-
FURN-00271,A -DIVINE CHAIRS PRICELIST,EXECUTIVE PRICELIST-AUG26.pdf,executive,28,32,,₹0,0,text_regex,: 32000/-
FURN-00272,A -DIVINE CHAIRS PRICELIST,EXECUTIVE PRICELIST-AUG26.pdf,executive,28,30,,₹0,0,text_regex,: 30000/-
FURN-00273,A -DIVINE CHAIRS PRICELIST,EXECUTIVE PRICELIST-AUG26.pdf,executive,29,33,,₹0,0,text_regex,: 33000/-
FURN-00274,A -DIVINE CHAIRS PRICELIST,EXECUTIVE PRICELIST-AUG26.pdf,executive,29,32,,₹0,0,text_regex,: 32000/-
FURN-00275,A -DIVINE CHAIRS PRICELIST,EXECUTIVE PRICELIST-AUG26.pdf,executive,29,34,,₹500,500,text_regex,: 34500/-
FURN-00276,A -DIVINE CHAIRS PRICELIST,EXECUTIVE PRICELIST-AUG26.pdf,executive,29,32,,₹0,0,text_regex,: 32000/-
FURN-00277,A -DIVINE CHAIRS PRICELIST,EXECUTIVE PRICELIST-AUG26.pdf,executive,30,64,,₹0,0,text_regex,: 64000/-
FURN-00278,A -DIVINE CHAIRS PRICELIST,EXECUTIVE PRICELIST-AUG26.pdf,executive,30,61,,₹0,0,text_regex,: 61000/-
FURN-00279,A -DIVINE CHAIRS PRICELIST,EXECUTIVE PRICELIST-AUG26.pdf,executive,30,75,,₹0,0,text_regex,: 75000/-
FURN-00280,A -DIVINE CHAIRS PRICELIST,EXECUTIVE PRICELIST-AUG26.pdf,executive,30,55,,₹0,0,text_regex,: 55000/-
FURN-00281,A -DIVINE CHAIRS PRICELIST,EXECUTIVE PRICELIST-AUG26.pdf,executive,31,128,,₹0,0,text_regex,: 128000/-
FURN-00282,A -DIVINE CHAIRS PRICELIST,EXECUTIVE PRICELIST-AUG26.pdf,executive,31,120,,₹0,0,text_regex,: 120000/-
FURN-00283,A -DIVINE CHAIRS PRICELIST,EXECUTIVE PRICELIST-AUG26.pdf,executive,31,32,,₹0,0,text_regex,: 32000/-
FURN-00284,A -DIVINE CHAIRS PRICELIST,EXECUTIVE PRICELIST-AUG26.pdf,executive,31,31,,₹0,0,text_regex,: 31000/-
FURN-00285,A -DIVINE CHAIRS PRICELIST,EXECUTIVE PRICELIST-AUG26.pdf,executive,32,31,,₹0,0,text_regex,: 31000/-
FURN-00286,A -DIVINE CHAIRS PRICELIST,EXECUTIVE PRICELIST-AUG26.pdf,executive,32,28,,₹500,500,text_regex,: 28500/-
FURN-00287,A -DIVINE CHAIRS PRICELIST,EXECUTIVE PRICELIST-AUG26.pdf,executive,32,26,,₹0,0,text_regex,: 26000/-
FURN-00288,A -DIVINE CHAIRS PRICELIST,EXECUTIVE PRICELIST-AUG26.pdf,executive,32,24,,₹0,0,text_regex,: 24000/-
FURN-00289,A -DIVINE CHAIRS PRICELIST,EXECUTIVE PRICELIST-AUG26.pdf,executive,33,20,,₹0,0,text_regex,: 20000/-
FURN-00290,A -DIVINE CHAIRS PRICELIST,EXECUTIVE PRICELIST-AUG26.pdf,executive,33,19,,₹0,0,text_regex,: 19000/-
FURN-00291,A -DIVINE CHAIRS PRICELIST,EXECUTIVE PRICELIST-AUG26.pdf,executive,33,38,,₹500,500,text_regex,: 38500/-
FURN-00292,A -DIVINE CHAIRS PRICELIST,EXECUTIVE PRICELIST-AUG26.pdf,executive,33,37,,₹500,500,text_regex,: 37500/-
FURN-00293,A -DIVINE CHAIRS PRICELIST,EXECUTIVE PRICELIST-AUG26.pdf,executive,34,17,,₹500,500,text_regex,: 17500/-
FURN-00294,A -DIVINE CHAIRS PRICELIST,EXECUTIVE PRICELIST-AUG26.pdf,executive,34,17,,₹0,0,text_regex,: 17000/-
FURN-00295,A -DIVINE CHAIRS PRICELIST,EXECUTIVE PRICELIST-AUG26.pdf,executive,34,17,,₹500,500,text_regex,: 17500/-
FURN-00296,A -DIVINE CHAIRS PRICELIST,EXECUTIVE PRICELIST-AUG26.pdf,executive,34,17,,₹0,0,text_regex,: 17000/-
FURN-00297,A -DIVINE CHAIRS PRICELIST,EXECUTIVE PRICELIST-AUG26.pdf,executive,35,14,,₹0,0,text_regex,: 14000/-
FURN-00298,A -DIVINE CHAIRS PRICELIST,EXECUTIVE PRICELIST-AUG26.pdf,executive,35,13,,₹0,0,text_regex,: 13000/-
FURN-00299,A -DIVINE CHAIRS PRICELIST,EXECUTIVE PRICELIST-AUG26.pdf,executive,35,25,,₹500,500,text_regex,: 25500/-
FURN-00300,A -DIVINE CHAIRS PRICELIST,EXECUTIVE PRICELIST-AUG26.pdf,executive,35,24,,₹500,500,text_regex,: 24500/-
FURN-00301,A -DIVINE CHAIRS PRICELIST,HIGHCOUNTER PRICELIST- AUG26.pdf,highcounter,2,17,,₹0,0,text_regex,17000
FURN-00302,A -DIVINE CHAIRS PRICELIST,HIGHCOUNTER PRICELIST- AUG26.pdf,highcounter,2,19,,₹800,800,text_regex,19800/-
FURN-00303,A -DIVINE CHAIRS PRICELIST,HIGHCOUNTER PRICELIST- AUG26.pdf,highcounter,2,16,,₹0,0,text_regex,16000/-
FURN-00304,A -DIVINE CHAIRS PRICELIST,HIGHCOUNTER PRICELIST- AUG26.pdf,highcounter,2,12,,₹500,500,text_regex,12500/-
FURN-00305,A -DIVINE CHAIRS PRICELIST,HIGHCOUNTER PRICELIST- AUG26.pdf,highcounter,2,23,,₹0,0,text_regex,23000/-
FURN-00306,A -DIVINE CHAIRS PRICELIST,HIGHCOUNTER PRICELIST- AUG26.pdf,highcounter,2,12,,₹500,500,text_regex,12500/-
FURN-00307,A -DIVINE CHAIRS PRICELIST,HIGHCOUNTER PRICELIST- AUG26.pdf,highcounter,2,16,,₹500,500,text_regex,16500/-
FURN-00308,A -DIVINE CHAIRS PRICELIST,HIGHCOUNTER PRICELIST- AUG26.pdf,highcounter,2,23,,₹0,0,text_regex,23000/-
FURN-00309,A -DIVINE CHAIRS PRICELIST,HIGHCOUNTER PRICELIST- AUG26.pdf,highcounter,2,25,,₹0,0,text_regex,25000/-
FURN-00310,A -DIVINE CHAIRS PRICELIST,HIGHCOUNTER PRICELIST- AUG26.pdf,highcounter,3,14,,₹500,500,text_regex,14500/-
FURN-00311,A -DIVINE CHAIRS PRICELIST,HIGHCOUNTER PRICELIST- AUG26.pdf,highcounter,3,10,,₹500,500,text_regex,10500/-
FURN-00312,A -DIVINE CHAIRS PRICELIST,HIGHCOUNTER PRICELIST- AUG26.pdf,highcounter,3,18,,₹500,500,text_regex,18500/-
FURN-00313,A -DIVINE CHAIRS PRICELIST,HIGHCOUNTER PRICELIST- AUG26.pdf,highcounter,3,12,,₹500,500,text_regex,12500/-
FURN-00314,A -DIVINE CHAIRS PRICELIST,HIGHCOUNTER PRICELIST- AUG26.pdf,highcounter,3,11,,₹500,500,text_regex,11500/-
FURN-00315,A -DIVINE CHAIRS PRICELIST,HIGHCOUNTER PRICELIST- AUG26.pdf,highcounter,3,12,,₹200,200,text_regex,12200/-
FURN-00316,A -DIVINE CHAIRS PRICELIST,HIGHCOUNTER PRICELIST- AUG26.pdf,highcounter,3,12,,₹500,500,text_regex,12500/-
FURN-00317,A -DIVINE CHAIRS PRICELIST,HIGHCOUNTER PRICELIST- AUG26.pdf,highcounter,4,12,,₹500,500,text_regex,12500/-
FURN-00318,A -DIVINE CHAIRS PRICELIST,HIGHCOUNTER PRICELIST- AUG26.pdf,highcounter,4,12,,₹0,0,text_regex,12000/-
FURN-00319,A -DIVINE CHAIRS PRICELIST,HIGHCOUNTER PRICELIST- AUG26.pdf,highcounter,5,15,,₹0,0,text_regex,15000/-
FURN-00320,A -DIVINE CHAIRS PRICELIST,HIGHCOUNTER PRICELIST- AUG26.pdf,highcounter,5,12,,₹750,750,text_regex,12750/-
FURN-00321,A -DIVINE CHAIRS PRICELIST,HIGHCOUNTER PRICELIST- AUG26.pdf,highcounter,5,11,,₹0,0,text_regex,11000/-
FURN-00322,A -DIVINE CHAIRS PRICELIST,HIGHCOUNTER PRICELIST- AUG26.pdf,highcounter,6,10,,₹500,500,text_regex,10500/-
FURN-00323,A -DIVINE CHAIRS PRICELIST,HIGHCOUNTER PRICELIST- AUG26.pdf,highcounter,6,14,,₹500,500,text_regex,14500/-
FURN-00324,A -DIVINE CHAIRS PRICELIST,LOUNGE  PRICELIST- AUG26.pdf,lounge,2,Emmi,,"₹44,000",44000,text_regex,EMMI : 44000/-
FURN-00325,A -DIVINE CHAIRS PRICELIST,LOUNGE  PRICELIST- AUG26.pdf,lounge,2,Rambo,,"₹38,000",38000,text_regex,RAMBO : 38000/-
FURN-00326,A -DIVINE CHAIRS PRICELIST,LOUNGE  PRICELIST- AUG26.pdf,lounge,2,Spain,,"₹52,000",52000,text_regex,SPAIN : 52000/-
FURN-00327,A -DIVINE CHAIRS PRICELIST,LOUNGE  PRICELIST- AUG26.pdf,lounge,2,Armenia,,"₹44,000",44000,text_regex,ARMENIA : 44000/-
FURN-00328,A -DIVINE CHAIRS PRICELIST,LOUNGE  PRICELIST- AUG26.pdf,lounge,3,Lucifer,,"₹22,000",22000,text_regex,LUCIFER : 22000/-
FURN-00329,A -DIVINE CHAIRS PRICELIST,LOUNGE  PRICELIST- AUG26.pdf,lounge,3,Matrix,,"₹48,000",48000,text_regex,MATRIX : 48000/-
FURN-00330,A -DIVINE CHAIRS PRICELIST,LOUNGE  PRICELIST- AUG26.pdf,lounge,3,Denver,,"₹44,000",44000,text_regex,DENVER : 44000/-
FURN-00331,A -DIVINE CHAIRS PRICELIST,LOUNGE  PRICELIST- AUG26.pdf,lounge,3,Vortex,,"₹48,000",48000,text_regex,VORTEX : 48000/-
FURN-00332,A -DIVINE CHAIRS PRICELIST,LOUNGE  PRICELIST- AUG26.pdf,lounge,4,Volos - 36,,₹0,0,text_regex,VOLOS - 36000/-
FURN-00333,A -DIVINE CHAIRS PRICELIST,LOUNGE  PRICELIST- AUG26.pdf,lounge,4,Starc,,"₹29,000",29000,text_regex,STARC : 29000/-
FURN-00334,A -DIVINE CHAIRS PRICELIST,LOUNGE  PRICELIST- AUG26.pdf,lounge,4,Rolf Ash Wood (Imp),,"₹28,000",28000,text_regex,ROLF ASH WOOD (IMP) : 28000/-
FURN-00335,A -DIVINE CHAIRS PRICELIST,LOUNGE  PRICELIST- AUG26.pdf,lounge,4,Antalia,,"₹33,000",33000,text_regex,ANTALIA : 33000/-
FURN-00336,A -DIVINE CHAIRS PRICELIST,LOUNGE  PRICELIST- AUG26.pdf,lounge,5,Belgium,,"₹36,000",36000,text_regex,BELGIUM: 36000/-
FURN-00337,A -DIVINE CHAIRS PRICELIST,LOUNGE  PRICELIST- AUG26.pdf,lounge,5,Capitol,,"₹29,500",29500,text_regex,CAPITOL : 29500/-
FURN-00338,A -DIVINE CHAIRS PRICELIST,LOUNGE  PRICELIST- AUG26.pdf,lounge,5,Austria,,"₹54,000",54000,text_regex,AUSTRIA : 54000/-
FURN-00339,A -DIVINE CHAIRS PRICELIST,LOUNGE  PRICELIST- AUG26.pdf,lounge,5,Domino - 16,,₹500,500,text_regex,DOMINO - 16500/- | 17500/-
FURN-00340,A -DIVINE CHAIRS PRICELIST,LOUNGE  PRICELIST- AUG26.pdf,lounge,6,Bulgaria,,"₹66,000",66000,text_regex,BULGARIA : 66000/-
FURN-00341,A -DIVINE CHAIRS PRICELIST,LOUNGE  PRICELIST- AUG26.pdf,lounge,6,Vivienne - 62,,₹0,0,text_regex,VIVIENNE - 62000/-
FURN-00342,A -DIVINE CHAIRS PRICELIST,LOUNGE  PRICELIST- AUG26.pdf,lounge,6,Maxx,,"₹36,000",36000,text_regex,MAXX : 36000/-
FURN-00343,A -DIVINE CHAIRS PRICELIST,LOUNGE  PRICELIST- AUG26.pdf,lounge,6,Roogle,,"₹38,000",38000,text_regex,ROOGLE : 38000/-
FURN-00344,A -DIVINE CHAIRS PRICELIST,LOUNGE  PRICELIST- AUG26.pdf,lounge,7,Greece,,"₹49,900",49900,text_regex,GREECE : 49900/-
FURN-00345,A -DIVINE CHAIRS PRICELIST,LOUNGE  PRICELIST- AUG26.pdf,lounge,7,Epitome,,"₹49,500",49500,text_regex,EPITOME : 49500/-
FURN-00346,A -DIVINE CHAIRS PRICELIST,LOUNGE  PRICELIST- AUG26.pdf,lounge,7,Bern,,"₹44,000",44000,text_regex,BERN : 44000/-
FURN-00347,A -DIVINE CHAIRS PRICELIST,LOUNGE  PRICELIST- AUG26.pdf,lounge,7,Sasaski,,"₹44,000",44000,text_regex,SASASKI : 44000/-
FURN-00348,A -DIVINE CHAIRS PRICELIST,LOUNGE  PRICELIST- AUG26.pdf,lounge,8,Enigma,,"₹49,500",49500,text_regex,ENIGMA : 49500/-
FURN-00349,A -DIVINE CHAIRS PRICELIST,LOUNGE  PRICELIST- AUG26.pdf,lounge,8,Antartica,,"₹35,000",35000,text_regex,ANTARTICA : 35000/-
FURN-00350,A -DIVINE CHAIRS PRICELIST,LOUNGE  PRICELIST- AUG26.pdf,lounge,8,Cape,,"₹40,000",40000,text_regex,CAPE : 40000/-
FURN-00351,A -DIVINE CHAIRS PRICELIST,LOUNGE  PRICELIST- AUG26.pdf,lounge,8,Albania,,"₹34,000",34000,text_regex,ALBANIA : 34000/-
FURN-00352,A -DIVINE CHAIRS PRICELIST,LOUNGE  PRICELIST- AUG26.pdf,lounge,9,Bugatti,,"₹42,000",42000,text_regex,BUGATTI : 42000/-
FURN-00353,A -DIVINE CHAIRS PRICELIST,LOUNGE  PRICELIST- AUG26.pdf,lounge,9,Sierra - 50,,₹0,0,text_regex,SIERRA - 50000/-
FURN-00354,A -DIVINE CHAIRS PRICELIST,LOUNGE  PRICELIST- AUG26.pdf,lounge,9,Lucerne,,"₹38,000",38000,text_regex,LUCERNE : 38000/-
FURN-00355,A -DIVINE CHAIRS PRICELIST,LOUNGE  PRICELIST- AUG26.pdf,lounge,9,Santosa - 19,,₹950,950,text_regex,SANTOSA - 19950/-
FURN-00356,A -DIVINE CHAIRS PRICELIST,LOUNGE  PRICELIST- AUG26.pdf,lounge,10,Romania,,"₹29,500",29500,text_regex,ROMANIA : 29500/-
FURN-00357,A -DIVINE CHAIRS PRICELIST,LOUNGE  PRICELIST- AUG26.pdf,lounge,10,Milos (Ar),,"₹33,000",33000,text_regex,MILOS (AR) : 33000/-
FURN-00358,A -DIVINE CHAIRS PRICELIST,LOUNGE  PRICELIST- AUG26.pdf,lounge,10,Ferrara,,"₹44,000",44000,text_regex,FERRARA : 44000/-
FURN-00359,A -DIVINE CHAIRS PRICELIST,LOUNGE  PRICELIST- AUG26.pdf,lounge,10,Sorrento,,"₹34,000",34000,text_regex,SORRENTO : 34000/-
FURN-00360,A -DIVINE CHAIRS PRICELIST,LOUNGE  PRICELIST- AUG26.pdf,lounge,11,Burano,,"₹28,000",28000,text_regex,BURANO : 28000/-
FURN-00361,A -DIVINE CHAIRS PRICELIST,LOUNGE  PRICELIST- AUG26.pdf,lounge,11,Carnival,,"₹36,000",36000,text_regex,CARNIVAL : 36000/-
FURN-00362,A -DIVINE CHAIRS PRICELIST,LOUNGE  PRICELIST- AUG26.pdf,lounge,11,London,,"₹21,000",21000,text_regex,LONDON : 21000/-
FURN-00363,A -DIVINE CHAIRS PRICELIST,LOUNGE  PRICELIST- AUG26.pdf,lounge,11,Jamaica,,"₹24,500",24500,text_regex,JAMAICA : 24500/-
FURN-00364,A -DIVINE CHAIRS PRICELIST,LOUNGE  PRICELIST- AUG26.pdf,lounge,12,Athens (R),,"₹38,000",38000,text_regex,ATHENS (R) : 38000/-
FURN-00365,A -DIVINE CHAIRS PRICELIST,LOUNGE  PRICELIST- AUG26.pdf,lounge,12,Edinburg,,"₹36,000",36000,text_regex,EDINBURG : 36000/-
FURN-00366,A -DIVINE CHAIRS PRICELIST,LOUNGE  PRICELIST- AUG26.pdf,lounge,12,Sumo  - 21,,₹0,0,text_regex,SUMO  - 21000/-
FURN-00367,A -DIVINE CHAIRS PRICELIST,LOUNGE  PRICELIST- AUG26.pdf,lounge,12,Knoll (Fix),,"₹13,400",13400,text_regex,KNOLL (FIX) : 13400/-
FURN-00368,A -DIVINE CHAIRS PRICELIST,LOUNGE  PRICELIST- AUG26.pdf,lounge,13,Amalfi - 56,,₹0,0,text_regex,AMALFI - 56000/-
FURN-00369,A -DIVINE CHAIRS PRICELIST,LOUNGE  PRICELIST- AUG26.pdf,lounge,13,Lexus - 64,,₹0,0,text_regex,LEXUS - 64000/-
FURN-00370,A -DIVINE CHAIRS PRICELIST,LOUNGE  PRICELIST- AUG26.pdf,lounge,13,Milano - 46,,₹0,0,text_regex,MILANO - 46000/-
FURN-00371,A -DIVINE CHAIRS PRICELIST,LOUNGE  PRICELIST- AUG26.pdf,lounge,13,Swing,,"₹46,000",46000,text_regex,SWING : 46000/-
FURN-00372,A -DIVINE CHAIRS PRICELIST,LOUNGE  PRICELIST- AUG26.pdf,lounge,14,Gemini,,"₹26,000",26000,text_regex,GEMINI : 26000/-
FURN-00373,A -DIVINE CHAIRS PRICELIST,LOUNGE  PRICELIST- AUG26.pdf,lounge,14,Capri,,"₹15,500",15500,text_regex,CAPRI : 15500/-
FURN-00374,A -DIVINE CHAIRS PRICELIST,LOUNGE  PRICELIST- AUG26.pdf,lounge,14,Rome,,"₹33,000",33000,text_regex,ROME : 33000/-
FURN-00375,A -DIVINE CHAIRS PRICELIST,LOUNGE  PRICELIST- AUG26.pdf,lounge,14,Caviana,,"₹36,000",36000,text_regex,CAVIANA : 36000/-
FURN-00376,A -DIVINE CHAIRS PRICELIST,LOUNGE  PRICELIST- AUG26.pdf,lounge,15,Lawson Hb Black,,"₹21,500",21500,text_regex,LAWSON HB BLACK : 21500/-
FURN-00377,A -DIVINE CHAIRS PRICELIST,LOUNGE  PRICELIST- AUG26.pdf,lounge,15,Samson,,"₹13,000",13000,text_regex,SAMSON : 13000/-
FURN-00378,A -DIVINE CHAIRS PRICELIST,LOUNGE  PRICELIST- AUG26.pdf,lounge,15,Lawson Mb Black,,"₹19,000",19000,text_regex,LAWSON MB BLACK : 19000/-
FURN-00379,A -DIVINE CHAIRS PRICELIST,LOUNGE  PRICELIST- AUG26.pdf,lounge,15,Tucson,,"₹12,000",12000,text_regex,TUCSON : 12000/-
FURN-00380,A -DIVINE CHAIRS PRICELIST,LOUNGE  PRICELIST- AUG26.pdf,lounge,16,Siam Wood,,"₹15,300",15300,text_regex,SIAM WOOD : 15300/-
FURN-00381,A -DIVINE CHAIRS PRICELIST,LOUNGE  PRICELIST- AUG26.pdf,lounge,16,Siam Apex,,"₹21,000",21000,text_regex,SIAM APEX : 21000/-
FURN-00382,A -DIVINE CHAIRS PRICELIST,LOUNGE  PRICELIST- AUG26.pdf,lounge,16,Siam Aluminium,,"₹14,800",14800,text_regex,SIAM ALUMINIUM : 14800/-
FURN-00383,A -DIVINE CHAIRS PRICELIST,LOUNGE  PRICELIST- AUG26.pdf,lounge,16,Siam Crest,,"₹16,500",16500,text_regex,SIAM CREST : 16500/-
FURN-00384,A -DIVINE CHAIRS PRICELIST,LOUNGE  PRICELIST- AUG26.pdf,lounge,17,Barbados,,"₹14,000",14000,text_regex,BARBADOS : 14000/-
FURN-00385,A -DIVINE CHAIRS PRICELIST,LOUNGE  PRICELIST- AUG26.pdf,lounge,17,Kiwis,,"₹12,000",12000,text_regex,KIWIS : 12000/-
FURN-00386,A -DIVINE CHAIRS PRICELIST,LOUNGE  PRICELIST- AUG26.pdf,lounge,17,Prince,,"₹24,000",24000,text_regex,PRINCE : 24000/-
FURN-00387,A -DIVINE CHAIRS PRICELIST,LOUNGE  PRICELIST- AUG26.pdf,lounge,17,Paris - 23,,₹0,0,text_regex,PARIS - 23000/-
FURN-00388,A -DIVINE CHAIRS PRICELIST,LOUNGE  PRICELIST- AUG26.pdf,lounge,18,Siam 4 Star,,"₹11,600",11600,text_regex,SIAM 4 STAR : 11600/-
FURN-00389,A -DIVINE CHAIRS PRICELIST,LOUNGE  PRICELIST- AUG26.pdf,lounge,18,Star Blk 4 Star,,"₹11,500",11500,text_regex,STAR BLK 4 STAR : 11500/-
FURN-00390,A -DIVINE CHAIRS PRICELIST,LOUNGE  PRICELIST- AUG26.pdf,lounge,18,Terano,,"₹14,500",14500,text_regex,TERANO : 14500/-
FURN-00391,A -DIVINE CHAIRS PRICELIST,LOUNGE  PRICELIST- AUG26.pdf,lounge,18,Espana,,"₹10,500",10500,text_regex,ESPANA : 10500/-
FURN-00392,A -DIVINE CHAIRS PRICELIST,LOUNGE  PRICELIST- AUG26.pdf,lounge,18,Espana (Ind),,"₹10,500",10500,text_regex,ESPANA (IND) : 10500/-
FURN-00393,A -DIVINE CHAIRS PRICELIST,LOUNGE  PRICELIST- AUG26.pdf,lounge,19,Abira (F),,"₹9,400",9400,text_regex,ABIRA (F) : 9400/-
FURN-00394,A -DIVINE CHAIRS PRICELIST,LOUNGE  PRICELIST- AUG26.pdf,lounge,19,Alex (F),,"₹9,800",9800,text_regex,ALEX (F) : 9800/-
FURN-00395,A -DIVINE CHAIRS PRICELIST,LOUNGE  PRICELIST- AUG26.pdf,lounge,19,Star (F),,"₹9,900",9900,text_regex,STAR (F) : 9900/-
FURN-00396,A -DIVINE CHAIRS PRICELIST,LOUNGE  PRICELIST- AUG26.pdf,lounge,19,Andros,,"₹19,000",19000,text_regex,ANDROS : 19000/-
FURN-00397,A -DIVINE CHAIRS PRICELIST,LOUNGE  PRICELIST- AUG26.pdf,lounge,20,Knoll (Rev.),,"₹13,200",13200,text_regex,KNOLL (REV.) : 13200/-
FURN-00398,A -DIVINE CHAIRS PRICELIST,LOUNGE  PRICELIST- AUG26.pdf,lounge,20,Boston,,"₹12,250",12250,text_regex,BOSTON : 12250/-
FURN-00399,A -DIVINE CHAIRS PRICELIST,LOUNGE  PRICELIST- AUG26.pdf,lounge,20,Alex Rev.,,"₹11,000",11000,text_regex,ALEX REV. : 11000/-
FURN-00400,A -DIVINE CHAIRS PRICELIST,LOUNGE  PRICELIST- AUG26.pdf,lounge,20,Kiwis Rev. - 11,,₹0,0,text_regex,KIWIS REV. - 11000/-
FURN-00401,A -DIVINE CHAIRS PRICELIST,LOUNGE  PRICELIST- AUG26.pdf,lounge,21,Sofia,,"₹13,000",13000,text_regex,SOFIA : 13000/-
FURN-00402,A -DIVINE CHAIRS PRICELIST,LOUNGE  PRICELIST- AUG26.pdf,lounge,21,Abira Rev.,,"₹10,850",10850,text_regex,ABIRA REV. : 10850/-
FURN-00403,A -DIVINE CHAIRS PRICELIST,LOUNGE  PRICELIST- AUG26.pdf,lounge,21,Stefano,,"₹15,500",15500,text_regex,STEFANO : 15500/-
FURN-00404,A -DIVINE CHAIRS PRICELIST,LOUNGE  PRICELIST- AUG26.pdf,lounge,21,Royal Espana,,"₹12,500",12500,text_regex,ROYAL ESPANA : 12500/-
FURN-00405,A -DIVINE CHAIRS PRICELIST,LOUNGE  PRICELIST- AUG26.pdf,lounge,22,Luv,,"₹13,000",13000,text_regex,LUV : 13000/-
FURN-00406,A -DIVINE CHAIRS PRICELIST,LOUNGE  PRICELIST- AUG26.pdf,lounge,22,Dayton,,"₹15,500",15500,text_regex,DAYTON : 15500/-
FURN-00407,A -DIVINE CHAIRS PRICELIST,LOUNGE  PRICELIST- AUG26.pdf,lounge,22,Toledo,,"₹13,800",13800,text_regex,TOLEDO : 13800/-
FURN-00408,A -DIVINE CHAIRS PRICELIST,LOUNGE  PRICELIST- AUG26.pdf,lounge,22,Swan,,"₹10,400",10400,text_regex,SWAN : 10400/-
FURN-00409,A -DIVINE CHAIRS PRICELIST,LOUNGE  PRICELIST- AUG26.pdf,lounge,23,Sorrento With Footrest,,"₹54,000",54000,text_regex,SORRENTO WITH FOOTREST : 54000/-
FURN-00410,A -DIVINE CHAIRS PRICELIST,LOUNGE  PRICELIST- AUG26.pdf,lounge,23,L - 92,,₹0,0,text_regex,LAZY BOY SET : L - 92000/- | PU - 64000/-
FURN-00411,A -DIVINE CHAIRS PRICELIST,LOUNGE  PRICELIST- AUG26.pdf,lounge,24,Carnival With Footrest,,"₹54,000",54000,text_regex,CARNIVAL WITH FOOTREST : 54000/-
FURN-00412,A -DIVINE CHAIRS PRICELIST,LOUNGE  PRICELIST- AUG26.pdf,lounge,24,Italiano With Footrest,,"₹60,000",60000,text_regex,ITALIANO WITH FOOTREST : 60000/-
FURN-00413,A -DIVINE CHAIRS PRICELIST,LOUNGE  PRICELIST- AUG26.pdf,lounge,25,Enigma With Footrest,,"₹72,000",72000,text_regex,ENIGMA WITH FOOTREST : 72000/-
FURN-00414,A -DIVINE CHAIRS PRICELIST,LOUNGE  PRICELIST- AUG26.pdf,lounge,25,Prince With Footrest,,"₹38,000",38000,text_regex,PRINCE WITH FOOTREST : 38000/-
FURN-00415,A -DIVINE CHAIRS PRICELIST,LOUNGE  PRICELIST- AUG26.pdf,lounge,26,Sasaski With Footrest,,"₹60,000",60000,text_regex,SASASKI WITH FOOTREST : 60000/-
FURN-00416,A -DIVINE CHAIRS PRICELIST,LOUNGE  PRICELIST- AUG26.pdf,lounge,26,Bern With Footrest,,"₹59,000",59000,text_regex,BERN WITH FOOTREST : 59000/-
FURN-00417,A -DIVINE CHAIRS PRICELIST,LOUNGE  PRICELIST- AUG26.pdf,lounge,27,London With Footrest,,"₹32,000",32000,text_regex,LONDON WITH FOOTREST : 32000/-
FURN-00418,A -DIVINE CHAIRS PRICELIST,LOUNGE  PRICELIST- AUG26.pdf,lounge,27,Crystal With Footrest,,"₹56,000",56000,text_regex,CRYSTAL WITH FOOTREST : 56000/-
FURN-00419,A -DIVINE CHAIRS PRICELIST,LOUNGE  PRICELIST- AUG26.pdf,lounge,28,49,,₹500,500,text_regex,49500/-
FURN-00420,A -DIVINE CHAIRS PRICELIST,LOUNGE  PRICELIST- AUG26.pdf,lounge,29,41,,₹0,0,text_regex,41000/-
FURN-00421,A -DIVINE CHAIRS PRICELIST,LOUNGE  PRICELIST- AUG26.pdf,lounge,30,My Chair My Pride,All PricesareEx-Warehouse,Price on Request,0,ocr,MY CHAIR MY PRIDE | All PricesareEx-Warehouse | Price on Request
FURN-00422,A -DIVINE CHAIRS PRICELIST,PRINCE PRICELIST- AUG26.pdf,prince,1,Prince,CHAIRS,"₹2,026",2026,ocr,"PRINCE | CHAIRS | ₹2,026"
FURN-00423,A -DIVINE CHAIRS PRICELIST,PRINCE PRICELIST- AUG26.pdf,prince,2,Quartz,SCULPTED COMFORT,"₹34,000",34000,ocr,"QUARTZ | SCULPTED COMFORT | ₹34,000"
FURN-00424,A -DIVINE CHAIRS PRICELIST,PRINCE PRICELIST- AUG26.pdf,prince,3,Paradox,Where form meets freedom,₹700,700,ocr,Paradox | Where form meets freedom | ₹700
FURN-00425,A -DIVINE CHAIRS PRICELIST,PRINCE PRICELIST- AUG26.pdf,prince,4,Ferrari,Modern comfort.,₹770,770,ocr,Ferrari | Modern comfort. | ₹770
FURN-00426,A -DIVINE CHAIRS PRICELIST,PRINCE PRICELIST- AUG26.pdf,prince,5,Valour,Bold in form.,₹610,610,ocr,Valour | Bold in form. | ₹610
FURN-00427,A -DIVINE CHAIRS PRICELIST,PRINCE PRICELIST- AUG26.pdf,prince,6,Div,Soho,₹720,720,ocr,DIV | Soho | ₹720
FURN-00428,A -DIVINE CHAIRS PRICELIST,PRINCE PRICELIST- AUG26.pdf,prince,7,R S,TIAGO,₹740,740,ocr,R S | TIAGO | ₹740
FURN-00429,A -DIVINE CHAIRS PRICELIST,PRINCE PRICELIST- AUG26.pdf,prince,8,Allure,LOUNGECHAIR,₹700,700,ocr,Allure | LOUNGECHAIR | ₹700
FURN-00430,A -DIVINE CHAIRS PRICELIST,PRINCE PRICELIST- AUG26.pdf,prince,9,Pebble,Soft curves.,"₹29,000",29000,ocr,"PEBBLE | Soft curves. | ₹29,000"
FURN-00431,A -DIVINE CHAIRS PRICELIST,PRINCE PRICELIST- AUG26.pdf,prince,10,Hairs,Crafty,₹800,800,ocr,HAIRS | Crafty | ₹800
FURN-00432,A -DIVINE CHAIRS PRICELIST,PRINCE PRICELIST- AUG26.pdf,prince,11,Cha,MARINA,₹700,700,ocr,CHA | MARINA | ₹700
FURN-00433,A -DIVINE CHAIRS PRICELIST,PRINCE PRICELIST- AUG26.pdf,prince,12,Osaka,Sculpted comfort.,₹800,800,ocr,Osaka | Sculpted comfort. | ₹800
FURN-00434,A -DIVINE CHAIRS PRICELIST,PRINCE PRICELIST- AUG26.pdf,prince,13,Chairs,azzura,₹600,600,ocr,CHAIRS | azzura | ₹600
FURN-00435,A -DIVINE CHAIRS PRICELIST,PRINCE PRICELIST- AUG26.pdf,prince,14,Cassina,VINE,₹700,700,ocr,Cassina | VINE | ₹700
FURN-00436,A -DIVINE CHAIRS PRICELIST,PRINCE PRICELIST- AUG26.pdf,prince,15,Meraki,LOUNGE CHAIR,₹640,640,ocr,MERAKI | LOUNGE CHAIR | ₹640
FURN-00437,A -DIVINE CHAIRS PRICELIST,PRINCE PRICELIST- AUG26.pdf,prince,16,Chair,SCORPIO,₹700,700,ocr,CHAIR | SCORPIO | ₹700
FURN-00438,A -DIVINE CHAIRS PRICELIST,PRINCE PRICELIST- AUG26.pdf,prince,17,Tiesto,CHAIRS,₹750,750,ocr,TIESTO | CHAIRS | ₹750
FURN-00439,A -DIVINE CHAIRS PRICELIST,PRINCE PRICELIST- AUG26.pdf,prince,18,Ivine,Avita,₹840,840,ocr,IVINE | Avita | ₹840
FURN-00440,A -DIVINE CHAIRS PRICELIST,PRINCE PRICELIST- AUG26.pdf,prince,19,Temple,Chic in form.,₹840,840,ocr,temple | Chic in form. | ₹840
FURN-00441,A -DIVINE CHAIRS PRICELIST,PRINCE PRICELIST- AUG26.pdf,prince,20,June,Comfort that inspires.,₹970,970,ocr,June | Comfort that inspires. | ₹970
FURN-00442,A -DIVINE CHAIRS PRICELIST,PRINCE PRICELIST- AUG26.pdf,prince,21,Rolf,Modern comfort.,₹710,710,ocr,Rolf | Modern comfort. | ₹710
FURN-00443,A -DIVINE CHAIRS PRICELIST,PRINCE PRICELIST- AUG26.pdf,prince,22,Symphony,Modern comfort.,₹680,680,ocr,Symphony | Modern comfort. | ₹680
FURN-00444,A -DIVINE CHAIRS PRICELIST,PRINCE PRICELIST- AUG26.pdf,prince,23,Lancer,Sleek design.,₹700,700,ocr,Lancer | Sleek design. | ₹700
FURN-00445,A -DIVINE CHAIRS PRICELIST,PRINCE PRICELIST- AUG26.pdf,prince,24,Zara,Comfort that inspires,₹740,740,ocr,Zara | Comfort that inspires | ₹740
FURN-00446,A -DIVINE CHAIRS PRICELIST,PRINCE PRICELIST- AUG26.pdf,prince,25,Zara,CHAI,₹680,680,ocr,Zara | CHAI | ₹680
FURN-00447,A -DIVINE CHAIRS PRICELIST,PRINCE PRICELIST- AUG26.pdf,prince,26,Ivine,oxy,₹850,850,ocr,IVINE | oxy | ₹850
FURN-00448,A -DIVINE CHAIRS PRICELIST,PRINCE PRICELIST- AUG26.pdf,prince,27,Vine,Finista,₹840,840,ocr,VINE | Finista | ₹840
FURN-00449,A -DIVINE CHAIRS PRICELIST,PRINCE PRICELIST- AUG26.pdf,prince,28,Ethan,Sculpted comfort.,₹640,640,ocr,Ethan | Sculpted comfort. | ₹640
FURN-00450,A -DIVINE CHAIRS PRICELIST,PRINCE PRICELIST- AUG26.pdf,prince,29,Vine,Antonia,₹700,700,ocr,VINE | Antonia | ₹700
FURN-00451,A -DIVINE CHAIRS PRICELIST,PRINCE PRICELIST- AUG26.pdf,prince,30,Mackanzy,Modern comfort.,₹640,640,ocr,Mackanzy | Modern comfort. | ₹640
FURN-00452,A -DIVINE CHAIRS PRICELIST,PRINCE PRICELIST- AUG26.pdf,prince,31,Ivine,mustang,₹710,710,ocr,IVINE | mustang | ₹710
FURN-00453,A -DIVINE CHAIRS PRICELIST,PRINCE PRICELIST- AUG26.pdf,prince,32,Ine,CHA,₹710,710,ocr,INE | CHA | ₹710
FURN-00454,A -DIVINE CHAIRS PRICELIST,PRINCE PRICELIST- AUG26.pdf,prince,33,Chair,MY CHAIRMY PRIDE,Price on Request,0,ocr,CHAIR | MY CHAIRMY PRIDE | Price on Request
FURN-00455,A -DIVINE CHAIRS PRICELIST,RECLINER  PRICELIST- AUG26.pdf,recliner,1,Recliner,RUR,"₹2,026",2026,ocr,"RECLINER | RUR | ₹2,026"
FURN-00456,A -DIVINE CHAIRS PRICELIST,RECLINER  PRICELIST- AUG26.pdf,recliner,2,M.R.P.,,"₹82,000",82000,text_regex,"M.R.P. : 82,000/-"
FURN-00457,A -DIVINE CHAIRS PRICELIST,RECLINER  PRICELIST- AUG26.pdf,recliner,3,M.R.P.,,"₹92,000",92000,text_regex,"M.R.P. : 92,000/-"
FURN-00458,A -DIVINE CHAIRS PRICELIST,RECLINER  PRICELIST- AUG26.pdf,recliner,4,M.R.P.,,"₹92,000",92000,text_regex,"M.R.P. : 92,000/-"
FURN-00459,A -DIVINE CHAIRS PRICELIST,RECLINER  PRICELIST- AUG26.pdf,recliner,5,M.R.P.,,"₹63,000",63000,text_regex,"M.R.P. : 63,000/-"
FURN-00460,A -DIVINE CHAIRS PRICELIST,RECLINER  PRICELIST- AUG26.pdf,recliner,6,"1,20,",,₹0,0,text_regex,"M.R.P. : 1,20,000/-"
FURN-00461,A -DIVINE CHAIRS PRICELIST,RECLINER  PRICELIST- AUG26.pdf,recliner,7,M.R.P.,,"₹38,500",38500,text_regex,"M.R.P. : 38,500/-"
FURN-00462,A -DIVINE CHAIRS PRICELIST,RECLINER  PRICELIST- AUG26.pdf,recliner,8,M.R.P.,,"₹86,000",86000,text_regex,"M.R.P. : 86,000/-"
FURN-00463,A -DIVINE CHAIRS PRICELIST,RECLINER  PRICELIST- AUG26.pdf,recliner,9,M.R.P.,,"₹96,000",96000,text_regex,"M.R.P. : 96,000/-"
FURN-00464,A -DIVINE CHAIRS PRICELIST,RECLINER  PRICELIST- AUG26.pdf,recliner,10,M.R.P.,,"₹86,000",86000,text_regex,"M.R.P. : 86,000/-"
FURN-00465,A -DIVINE CHAIRS PRICELIST,RECLINER  PRICELIST- AUG26.pdf,recliner,11,M.R.P.,,"₹49,000",49000,text_regex,"M.R.P. : 49,000/-"
FURN-00466,A -DIVINE CHAIRS PRICELIST,RECLINER  PRICELIST- AUG26.pdf,recliner,12,M.R.P.,,"₹68,000",68000,text_regex,"M.R.P. : 68,000/-"
FURN-00467,A -DIVINE CHAIRS PRICELIST,RECLINER  PRICELIST- AUG26.pdf,recliner,13,Chairs,MY CHAIR MY PRIDE,Price on Request,0,ocr,CHAIRS | MY CHAIR MY PRIDE | Price on Request
FURN-00468,A -DIVINE CHAIRS PRICELIST,TABLE & STAND PRICELIST-AUG26.pdf,tables,1,Table & Stand,CHAIRS,"₹2,026",2026,ocr,"TABLE & STAND | CHAIRS | ₹2,026"
FURN-00469,A -DIVINE CHAIRS PRICELIST,TABLE & STAND PRICELIST-AUG26.pdf,tables,2,1920 X,,₹390,390,text_regex,1920 X 390
FURN-00470,A -DIVINE CHAIRS PRICELIST,TABLE & STAND PRICELIST-AUG26.pdf,tables,2,120,,₹0,0,text_regex,120000/-
FURN-00471,A -DIVINE CHAIRS PRICELIST,TABLE & STAND PRICELIST-AUG26.pdf,tables,2,Xm,,₹18,18,text_regex,XM 018
FURN-00472,A -DIVINE CHAIRS PRICELIST,TABLE & STAND PRICELIST-AUG26.pdf,tables,2,50,,₹0,0,text_regex,50000/-
FURN-00473,A -DIVINE CHAIRS PRICELIST,TABLE & STAND PRICELIST-AUG26.pdf,tables,2,75,,₹0,0,text_regex,75000/-
FURN-00474,A -DIVINE CHAIRS PRICELIST,TABLE & STAND PRICELIST-AUG26.pdf,tables,3,Wt,,₹300,300,text_regex,WT 300
FURN-00475,A -DIVINE CHAIRS PRICELIST,TABLE & STAND PRICELIST-AUG26.pdf,tables,3,104,,₹0,0,text_regex,104000/-
FURN-00476,A -DIVINE CHAIRS PRICELIST,TABLE & STAND PRICELIST-AUG26.pdf,tables,3,Fd,,₹402,402,text_regex,FD 402
FURN-00477,A -DIVINE CHAIRS PRICELIST,TABLE & STAND PRICELIST-AUG26.pdf,tables,3,70,,₹0,0,text_regex,70000/-
FURN-00478,A -DIVINE CHAIRS PRICELIST,TABLE & STAND PRICELIST-AUG26.pdf,tables,3,Bht,,₹103,103,text_regex,BHT 103
FURN-00479,A -DIVINE CHAIRS PRICELIST,TABLE & STAND PRICELIST-AUG26.pdf,tables,3,70,,₹0,0,text_regex,70000/-
FURN-00480,A -DIVINE CHAIRS PRICELIST,TABLE & STAND PRICELIST-AUG26.pdf,tables,3,Fyx,,₹402,402,text_regex,FYX 402
FURN-00481,A -DIVINE CHAIRS PRICELIST,TABLE & STAND PRICELIST-AUG26.pdf,tables,3,54,,₹0,0,text_regex,54000/-
FURN-00482,A -DIVINE CHAIRS PRICELIST,TABLE & STAND PRICELIST-AUG26.pdf,tables,4,360 &,,₹600,600,text_regex,900*360 & 600*460
FURN-00483,A -DIVINE CHAIRS PRICELIST,TABLE & STAND PRICELIST-AUG26.pdf,tables,4,68,,₹0,0,text_regex,68000/-
FURN-00484,A -DIVINE CHAIRS PRICELIST,TABLE & STAND PRICELIST-AUG26.pdf,tables,4,300 &,,₹500,500,text_regex,900*300 & 500*500
FURN-00485,A -DIVINE CHAIRS PRICELIST,TABLE & STAND PRICELIST-AUG26.pdf,tables,4,75,,₹0,0,text_regex,75000/-
FURN-00486,A -DIVINE CHAIRS PRICELIST,TABLE & STAND PRICELIST-AUG26.pdf,tables,4,330 &,,₹450,450,text_regex,1000*800*330 & 450*550*400
FURN-00487,A -DIVINE CHAIRS PRICELIST,TABLE & STAND PRICELIST-AUG26.pdf,tables,4,68,,₹0,0,text_regex,68000/-
FURN-00488,A -DIVINE CHAIRS PRICELIST,TABLE & STAND PRICELIST-AUG26.pdf,tables,4,300 &,,₹600,600,text_regex,1000*300 & 600*400
FURN-00489,A -DIVINE CHAIRS PRICELIST,TABLE & STAND PRICELIST-AUG26.pdf,tables,4,68,,₹0,0,text_regex,68000/-
FURN-00490,A -DIVINE CHAIRS PRICELIST,TABLE & STAND PRICELIST-AUG26.pdf,tables,4,320 &,,₹520,520,text_regex,850*320 & 520*430
FURN-00491,A -DIVINE CHAIRS PRICELIST,TABLE & STAND PRICELIST-AUG26.pdf,tables,4,42,,₹0,0,text_regex,42000/-
FURN-00492,A -DIVINE CHAIRS PRICELIST,TABLE & STAND PRICELIST-AUG26.pdf,tables,4,Cj1,,₹135,135,text_regex,CJ1135AB
FURN-00493,A -DIVINE CHAIRS PRICELIST,TABLE & STAND PRICELIST-AUG26.pdf,tables,4,84,,₹0,0,text_regex,84000/-
FURN-00494,A -DIVINE CHAIRS PRICELIST,TABLE & STAND PRICELIST-AUG26.pdf,tables,5,44,,₹500,500,text_regex,44500/-
FURN-00495,A -DIVINE CHAIRS PRICELIST,TABLE & STAND PRICELIST-AUG26.pdf,tables,5,330 &,,₹500,500,text_regex,1300*700*330 & 500*400*440
FURN-00496,A -DIVINE CHAIRS PRICELIST,TABLE & STAND PRICELIST-AUG26.pdf,tables,5,105,,₹0,0,text_regex,105000/-
FURN-00497,A -DIVINE CHAIRS PRICELIST,TABLE & STAND PRICELIST-AUG26.pdf,tables,5,380 &,,₹550,550,text_regex,1160*850*380 & 550*480
FURN-00498,A -DIVINE CHAIRS PRICELIST,TABLE & STAND PRICELIST-AUG26.pdf,tables,5,38,,₹0,0,text_regex,38000/-
FURN-00499,A -DIVINE CHAIRS PRICELIST,TABLE & STAND PRICELIST-AUG26.pdf,tables,5,62,,₹0,0,text_regex,62000/-
FURN-00500,A -DIVINE CHAIRS PRICELIST,TABLE & STAND PRICELIST-AUG26.pdf,tables,5,36,,₹0,0,text_regex,36000/-
FURN-00501,A -DIVINE CHAIRS PRICELIST,TABLE & STAND PRICELIST-AUG26.pdf,tables,5,800 X 300 & 545 X,,₹360,360,text_regex,800 X 300 & 545 X 360
FURN-00502,A -DIVINE CHAIRS PRICELIST,TABLE & STAND PRICELIST-AUG26.pdf,tables,5,48,,₹0,0,text_regex,48000/-
FURN-00503,A -DIVINE CHAIRS PRICELIST,TABLE & STAND PRICELIST-AUG26.pdf,tables,6,Cj,,₹943,943,text_regex,CJ 943 A & B
FURN-00504,A -DIVINE CHAIRS PRICELIST,TABLE & STAND PRICELIST-AUG26.pdf,tables,6,300 /,,₹950,950,text_regex,950*425*300 / 950*425*350
FURN-00505,A -DIVINE CHAIRS PRICELIST,TABLE & STAND PRICELIST-AUG26.pdf,tables,6,135,,₹0,0,text_regex,135000/-
FURN-00506,A -DIVINE CHAIRS PRICELIST,TABLE & STAND PRICELIST-AUG26.pdf,tables,6,Yb,,₹257,257,text_regex,YB 257
FURN-00507,A -DIVINE CHAIRS PRICELIST,TABLE & STAND PRICELIST-AUG26.pdf,tables,6,220 &,,₹800,800,text_regex,1300*700*220 & 800*900*350
FURN-00508,A -DIVINE CHAIRS PRICELIST,TABLE & STAND PRICELIST-AUG26.pdf,tables,6,78,,₹0,0,text_regex,78000/-
FURN-00509,A -DIVINE CHAIRS PRICELIST,TABLE & STAND PRICELIST-AUG26.pdf,tables,6,410 /,,₹540,540,text_regex,1240*650*410 / 540*510
FURN-00510,A -DIVINE CHAIRS PRICELIST,TABLE & STAND PRICELIST-AUG26.pdf,tables,6,31,,₹0,0,text_regex,31000/-
FURN-00511,A -DIVINE CHAIRS PRICELIST,TABLE & STAND PRICELIST-AUG26.pdf,tables,6,Cj,,₹791,791,text_regex,CJ 791 C & D (Set of 2 only)
FURN-00512,A -DIVINE CHAIRS PRICELIST,TABLE & STAND PRICELIST-AUG26.pdf,tables,6,300 /,,₹600,600,text_regex,950*950*300 / 600*550
FURN-00513,A -DIVINE CHAIRS PRICELIST,TABLE & STAND PRICELIST-AUG26.pdf,tables,6,105,,₹0,0,text_regex,105000/-
FURN-00514,A -DIVINE CHAIRS PRICELIST,TABLE & STAND PRICELIST-AUG26.pdf,tables,6,Yb 2,,₹530,530,text_regex,YB 2530
FURN-00515,A -DIVINE CHAIRS PRICELIST,TABLE & STAND PRICELIST-AUG26.pdf,tables,6,300 /,,₹500,500,text_regex,900*900*300 / 500*500*400
FURN-00516,A -DIVINE CHAIRS PRICELIST,TABLE & STAND PRICELIST-AUG26.pdf,tables,6,68,,₹0,0,text_regex,68000/-
FURN-00517,A -DIVINE CHAIRS PRICELIST,TABLE & STAND PRICELIST-AUG26.pdf,tables,6,350 /,,₹500,500,text_regex,850*850*350 / 500*500*460
FURN-00518,A -DIVINE CHAIRS PRICELIST,TABLE & STAND PRICELIST-AUG26.pdf,tables,6,64,,₹0,0,text_regex,64000/-
FURN-00519,A -DIVINE CHAIRS PRICELIST,TABLE & STAND PRICELIST-AUG26.pdf,tables,7,40,,₹0,0,text_regex,40000/-
FURN-00520,A -DIVINE CHAIRS PRICELIST,TABLE & STAND PRICELIST-AUG26.pdf,tables,7,360 &,,₹700,700,text_regex,900*900*360 & 700*700*450
FURN-00521,A -DIVINE CHAIRS PRICELIST,TABLE & STAND PRICELIST-AUG26.pdf,tables,7,42,,₹0,0,text_regex,42000/-
FURN-00522,A -DIVINE CHAIRS PRICELIST,TABLE & STAND PRICELIST-AUG26.pdf,tables,7,330 &,,₹673,673,text_regex,1340*812*330 & 673*444*430
FURN-00523,A -DIVINE CHAIRS PRICELIST,TABLE & STAND PRICELIST-AUG26.pdf,tables,7,56,,₹0,0,text_regex,56000/-
FURN-00524,A -DIVINE CHAIRS PRICELIST,TABLE & STAND PRICELIST-AUG26.pdf,tables,7,400 /,,₹580,580,text_regex,900*400 / 580*500
FURN-00525,A -DIVINE CHAIRS PRICELIST,TABLE & STAND PRICELIST-AUG26.pdf,tables,7,65,,₹0,0,text_regex,65000/-
FURN-00526,A -DIVINE CHAIRS PRICELIST,TABLE & STAND PRICELIST-AUG26.pdf,tables,7,52,,₹0,0,text_regex,52000/-
FURN-00527,A -DIVINE CHAIRS PRICELIST,TABLE & STAND PRICELIST-AUG26.pdf,tables,7,60,,₹0,0,text_regex,60000/-
FURN-00528,A -DIVINE CHAIRS PRICELIST,TABLE & STAND PRICELIST-AUG26.pdf,tables,8,Yb,,₹247,247,text_regex,YB 247
FURN-00529,A -DIVINE CHAIRS PRICELIST,TABLE & STAND PRICELIST-AUG26.pdf,tables,8,350 /,,₹500,500,text_regex,1200*800*350 /  500*500*450
FURN-00530,A -DIVINE CHAIRS PRICELIST,TABLE & STAND PRICELIST-AUG26.pdf,tables,8,75,,₹0,0,text_regex,75000/-
FURN-00531,A -DIVINE CHAIRS PRICELIST,TABLE & STAND PRICELIST-AUG26.pdf,tables,8,Sc,,₹178,178,text_regex,Sc178
FURN-00532,A -DIVINE CHAIRS PRICELIST,TABLE & STAND PRICELIST-AUG26.pdf,tables,8,430 /,,₹600,600,text_regex,900*430 / 600*340
FURN-00533,A -DIVINE CHAIRS PRICELIST,TABLE & STAND PRICELIST-AUG26.pdf,tables,8,44,,₹0,0,text_regex,44000/-
FURN-00534,A -DIVINE CHAIRS PRICELIST,TABLE & STAND PRICELIST-AUG26.pdf,tables,8,Yb,,₹241,241,text_regex,YB 241
FURN-00535,A -DIVINE CHAIRS PRICELIST,TABLE & STAND PRICELIST-AUG26.pdf,tables,8,300 /,,₹600,600,text_regex,1000*1000*300 / 600*600*420
FURN-00536,A -DIVINE CHAIRS PRICELIST,TABLE & STAND PRICELIST-AUG26.pdf,tables,8,68,,₹0,0,text_regex,68000/-
FURN-00537,A -DIVINE CHAIRS PRICELIST,TABLE & STAND PRICELIST-AUG26.pdf,tables,8,Sc,,₹185,185,text_regex,SC 185
FURN-00538,A -DIVINE CHAIRS PRICELIST,TABLE & STAND PRICELIST-AUG26.pdf,tables,8,400 /,,₹600,600,text_regex,850*800*400 / 600*600*500
FURN-00539,A -DIVINE CHAIRS PRICELIST,TABLE & STAND PRICELIST-AUG26.pdf,tables,8,62,,₹0,0,text_regex,62000/-
FURN-00540,A -DIVINE CHAIRS PRICELIST,TABLE & STAND PRICELIST-AUG26.pdf,tables,8,58,,₹0,0,text_regex,58000/-
FURN-00541,A -DIVINE CHAIRS PRICELIST,TABLE & STAND PRICELIST-AUG26.pdf,tables,8,70,,₹0,0,text_regex,70000/-
FURN-00542,A -DIVINE CHAIRS PRICELIST,TABLE & STAND PRICELIST-AUG26.pdf,tables,9,812 &,,₹812,812,text_regex,812 & 812B SET
FURN-00543,A -DIVINE CHAIRS PRICELIST,TABLE & STAND PRICELIST-AUG26.pdf,tables,9,430 &,,₹600,600,text_regex,800*430 & 600*500
FURN-00544,A -DIVINE CHAIRS PRICELIST,TABLE & STAND PRICELIST-AUG26.pdf,tables,9,32,,₹0,0,text_regex,32000/-
FURN-00545,A -DIVINE CHAIRS PRICELIST,TABLE & STAND PRICELIST-AUG26.pdf,tables,9,400H &,,₹500,500,text_regex,900*400h & 500*500h
FURN-00546,A -DIVINE CHAIRS PRICELIST,TABLE & STAND PRICELIST-AUG26.pdf,tables,9,55,,₹0,0,text_regex,55000/-
FURN-00547,A -DIVINE CHAIRS PRICELIST,TABLE & STAND PRICELIST-AUG26.pdf,tables,9,Sc,,₹36,36,text_regex,Sc036
FURN-00548,A -DIVINE CHAIRS PRICELIST,TABLE & STAND PRICELIST-AUG26.pdf,tables,9,450H &,,₹600,600,text_regex,800*450h & 600*350h
FURN-00549,A -DIVINE CHAIRS PRICELIST,TABLE & STAND PRICELIST-AUG26.pdf,tables,9,37,,₹0,0,text_regex,37000/-
FURN-00550,A -DIVINE CHAIRS PRICELIST,TABLE & STAND PRICELIST-AUG26.pdf,tables,9,Sc,,₹24,24,text_regex,SC 024
FURN-00551,A -DIVINE CHAIRS PRICELIST,TABLE & STAND PRICELIST-AUG26.pdf,tables,9,450 H &,,₹600,600,text_regex,800*450 h & 600*380 h (Wht/Blk)
FURN-00552,A -DIVINE CHAIRS PRICELIST,TABLE & STAND PRICELIST-AUG26.pdf,tables,9,29,,₹0,0,text_regex,29000/-
FURN-00553,A -DIVINE CHAIRS PRICELIST,TABLE & STAND PRICELIST-AUG26.pdf,tables,9,390 &,,₹550,550,text_regex,800*390 & 550*480
FURN-00554,A -DIVINE CHAIRS PRICELIST,TABLE & STAND PRICELIST-AUG26.pdf,tables,9,38,,₹0,0,text_regex,38000/-
FURN-00555,A -DIVINE CHAIRS PRICELIST,TABLE & STAND PRICELIST-AUG26.pdf,tables,9,290 &,,₹600,600,text_regex,900*290 & 600*450
FURN-00556,A -DIVINE CHAIRS PRICELIST,TABLE & STAND PRICELIST-AUG26.pdf,tables,9,42,,₹0,0,text_regex,42000/-
FURN-00557,A -DIVINE CHAIRS PRICELIST,TABLE & STAND PRICELIST-AUG26.pdf,tables,9,410 &,,₹570,570,text_regex,880*410 & 570*470
FURN-00558,A -DIVINE CHAIRS PRICELIST,TABLE & STAND PRICELIST-AUG26.pdf,tables,9,75,,₹0,0,text_regex,75000/-
FURN-00559,A -DIVINE CHAIRS PRICELIST,TABLE & STAND PRICELIST-AUG26.pdf,tables,9,410 &,,₹515,515,text_regex,760*410 & 515*490
FURN-00560,A -DIVINE CHAIRS PRICELIST,TABLE & STAND PRICELIST-AUG26.pdf,tables,9,44,,₹0,0,text_regex,44000/-
FURN-00561,A -DIVINE CHAIRS PRICELIST,TABLE & STAND PRICELIST-AUG26.pdf,tables,9,380 &,,₹520,520,text_regex,820*380 & 520*490
FURN-00562,A -DIVINE CHAIRS PRICELIST,TABLE & STAND PRICELIST-AUG26.pdf,tables,9,44,,₹0,0,text_regex,44000/-
FURN-00563,A -DIVINE CHAIRS PRICELIST,TABLE & STAND PRICELIST-AUG26.pdf,tables,10,380 &,,₹500,500,text_regex,900*380 & 500*450
FURN-00564,A -DIVINE CHAIRS PRICELIST,TABLE & STAND PRICELIST-AUG26.pdf,tables,10,40,,₹0,0,text_regex,40000/-
FURN-00565,A -DIVINE CHAIRS PRICELIST,TABLE & STAND PRICELIST-AUG26.pdf,tables,10,400 &,,₹500,500,text_regex,800*400 & 500*500
FURN-00566,A -DIVINE CHAIRS PRICELIST,TABLE & STAND PRICELIST-AUG26.pdf,tables,10,46,,₹0,0,text_regex,46000/-
FURN-00567,A -DIVINE CHAIRS PRICELIST,TABLE & STAND PRICELIST-AUG26.pdf,tables,10,420 &,,₹590,590,text_regex,790*420 & 590*500
FURN-00568,A -DIVINE CHAIRS PRICELIST,TABLE & STAND PRICELIST-AUG26.pdf,tables,10,17,,₹500,500,text_regex,17500/-
FURN-00569,A -DIVINE CHAIRS PRICELIST,TABLE & STAND PRICELIST-AUG26.pdf,tables,10,300 &,,₹600,600,text_regex,1000*1000*300 & 600*470
FURN-00570,A -DIVINE CHAIRS PRICELIST,TABLE & STAND PRICELIST-AUG26.pdf,tables,10,75,,₹0,0,text_regex,75000/-
FURN-00571,A -DIVINE CHAIRS PRICELIST,TABLE & STAND PRICELIST-AUG26.pdf,tables,10,420 &,,₹590,590,text_regex,790*420 & 590*500
FURN-00572,A -DIVINE CHAIRS PRICELIST,TABLE & STAND PRICELIST-AUG26.pdf,tables,10,21,,₹0,0,text_regex,21000/-
FURN-00573,A -DIVINE CHAIRS PRICELIST,TABLE & STAND PRICELIST-AUG26.pdf,tables,10,Yb,,₹265,265,text_regex,YB 265
FURN-00574,A -DIVINE CHAIRS PRICELIST,TABLE & STAND PRICELIST-AUG26.pdf,tables,10,1200 X 750 X,,₹350,350,text_regex,1200 x 750 x 350 | 600 x 430 x360
FURN-00575,A -DIVINE CHAIRS PRICELIST,TABLE & STAND PRICELIST-AUG26.pdf,tables,10,45,,₹0,0,text_regex,45000/-
FURN-00576,A -DIVINE CHAIRS PRICELIST,TABLE & STAND PRICELIST-AUG26.pdf,tables,10,1000 X,,₹400,400,text_regex,1000 x 400 | 580 x 450
FURN-00577,A -DIVINE CHAIRS PRICELIST,TABLE & STAND PRICELIST-AUG26.pdf,tables,10,44,,₹0,0,text_regex,44000/-
FURN-00578,A -DIVINE CHAIRS PRICELIST,TABLE & STAND PRICELIST-AUG26.pdf,tables,10,960 X,,₹350,350,text_regex,960 x 350 |  770 x 270
FURN-00579,A -DIVINE CHAIRS PRICELIST,TABLE & STAND PRICELIST-AUG26.pdf,tables,10,40,,₹0,0,text_regex,40000/-
FURN-00580,A -DIVINE CHAIRS PRICELIST,TABLE & STAND PRICELIST-AUG26.pdf,tables,10,330 &,,₹550,550,text_regex,900*330 & 550*420
FURN-00581,A -DIVINE CHAIRS PRICELIST,TABLE & STAND PRICELIST-AUG26.pdf,tables,10,39,,₹0,0,text_regex,39000/-
FURN-00582,A -DIVINE CHAIRS PRICELIST,TABLE & STAND PRICELIST-AUG26.pdf,tables,11,Ct,,₹826,826,text_regex,CT 826
FURN-00583,A -DIVINE CHAIRS PRICELIST,TABLE & STAND PRICELIST-AUG26.pdf,tables,11,1400 X 725 X,,₹400,400,text_regex,1400 X 725 X 400
FURN-00584,A -DIVINE CHAIRS PRICELIST,TABLE & STAND PRICELIST-AUG26.pdf,tables,11,40,,₹0,0,text_regex,40000/-
FURN-00585,A -DIVINE CHAIRS PRICELIST,TABLE & STAND PRICELIST-AUG26.pdf,tables,11,1360 X 720 X,,₹400,400,text_regex,1360 X 720 X 400
FURN-00586,A -DIVINE CHAIRS PRICELIST,TABLE & STAND PRICELIST-AUG26.pdf,tables,11,32,,₹0,0,text_regex,32000/-
FURN-00587,A -DIVINE CHAIRS PRICELIST,TABLE & STAND PRICELIST-AUG26.pdf,tables,11,Sc,,₹130,130,text_regex,Sc130
FURN-00588,A -DIVINE CHAIRS PRICELIST,TABLE & STAND PRICELIST-AUG26.pdf,tables,11,1300 X 700 X,,₹450,450,text_regex,1300 X 700 X 450
FURN-00589,A -DIVINE CHAIRS PRICELIST,TABLE & STAND PRICELIST-AUG26.pdf,tables,11,38,,₹0,0,text_regex,38000/-
FURN-00590,A -DIVINE CHAIRS PRICELIST,TABLE & STAND PRICELIST-AUG26.pdf,tables,11,42,,₹0,0,text_regex,42000/-
FURN-00591,A -DIVINE CHAIRS PRICELIST,TABLE & STAND PRICELIST-AUG26.pdf,tables,11,Cj,,₹787,787,text_regex,CJ 787 SET
FURN-00592,A -DIVINE CHAIRS PRICELIST,TABLE & STAND PRICELIST-AUG26.pdf,tables,11,350 & 1,,₹400,400,text_regex,1400*600*350 & 1400*400*300
FURN-00593,A -DIVINE CHAIRS PRICELIST,TABLE & STAND PRICELIST-AUG26.pdf,tables,11,88,,₹0,0,text_regex,88000/-
FURN-00594,A -DIVINE CHAIRS PRICELIST,TABLE & STAND PRICELIST-AUG26.pdf,tables,12,305 /,,₹305,305,text_regex,305 / 305 S
FURN-00595,A -DIVINE CHAIRS PRICELIST,TABLE & STAND PRICELIST-AUG26.pdf,tables,12,800 X 800 X,,₹420,420,text_regex,800 X 800 X 420 | 550 X 550 X 470
FURN-00596,A -DIVINE CHAIRS PRICELIST,TABLE & STAND PRICELIST-AUG26.pdf,tables,12,13,,₹0,0,text_regex,13000/- | 9500/-
FURN-00597,A -DIVINE CHAIRS PRICELIST,TABLE & STAND PRICELIST-AUG26.pdf,tables,12,800X420 & 600X,,₹360,360,text_regex,800x420 & 600x360
FURN-00598,A -DIVINE CHAIRS PRICELIST,TABLE & STAND PRICELIST-AUG26.pdf,tables,12,16,,₹0,0,text_regex,16000/-
FURN-00599,A -DIVINE CHAIRS PRICELIST,TABLE & STAND PRICELIST-AUG26.pdf,tables,12,22,,₹0,0,text_regex,22000/-
FURN-00600,A -DIVINE CHAIRS PRICELIST,TABLE & STAND PRICELIST-AUG26.pdf,tables,12,360 &,,₹500,500,text_regex,800*800*360 & 500*450
FURN-00601,A -DIVINE CHAIRS PRICELIST,TABLE & STAND PRICELIST-AUG26.pdf,tables,12,33,,₹0,0,text_regex,33000/-
FURN-00602,A -DIVINE CHAIRS PRICELIST,TABLE & STAND PRICELIST-AUG26.pdf,tables,12,Shs Set - 38,,₹0,0,text_regex,SHS SET - 38000/-
FURN-00603,A -DIVINE CHAIRS PRICELIST,TABLE & STAND PRICELIST-AUG26.pdf,tables,12,18,,₹500,500,text_regex,18500/-
FURN-00604,A -DIVINE CHAIRS PRICELIST,TABLE & STAND PRICELIST-AUG26.pdf,tables,12,29,,₹0,0,text_regex,29000/-
FURN-00605,A -DIVINE CHAIRS PRICELIST,TABLE & STAND PRICELIST-AUG26.pdf,tables,13,Cj,,₹138,138,text_regex,CJ 138C
FURN-00606,A -DIVINE CHAIRS PRICELIST,TABLE & STAND PRICELIST-AUG26.pdf,tables,13,26,,₹0,0,text_regex,26000/-
FURN-00607,A -DIVINE CHAIRS PRICELIST,TABLE & STAND PRICELIST-AUG26.pdf,tables,13,Cj 1,,₹83,83,text_regex,CJ 1083B
FURN-00608,A -DIVINE CHAIRS PRICELIST,TABLE & STAND PRICELIST-AUG26.pdf,tables,13,13,,₹0,0,text_regex,13000/-
FURN-00609,A -DIVINE CHAIRS PRICELIST,TABLE & STAND PRICELIST-AUG26.pdf,tables,13,14,,₹0,0,text_regex,14000/-
FURN-00610,A -DIVINE CHAIRS PRICELIST,TABLE & STAND PRICELIST-AUG26.pdf,tables,13,B 1,,₹33,33,text_regex,B 1033
FURN-00611,A -DIVINE CHAIRS PRICELIST,TABLE & STAND PRICELIST-AUG26.pdf,tables,13,13,,₹0,0,text_regex,13000/-
FURN-00612,A -DIVINE CHAIRS PRICELIST,TABLE & STAND PRICELIST-AUG26.pdf,tables,13,14,,₹0,0,text_regex,14000/-
FURN-00613,A -DIVINE CHAIRS PRICELIST,TABLE & STAND PRICELIST-AUG26.pdf,tables,13,17,,₹0,0,text_regex,17000/-
FURN-00614,A -DIVINE CHAIRS PRICELIST,TABLE & STAND PRICELIST-AUG26.pdf,tables,13,B1,,₹35,35,text_regex,B1035
FURN-00615,A -DIVINE CHAIRS PRICELIST,TABLE & STAND PRICELIST-AUG26.pdf,tables,13,14,,₹0,0,text_regex,14000/-
FURN-00616,A -DIVINE CHAIRS PRICELIST,TABLE & STAND PRICELIST-AUG26.pdf,tables,13,13,,₹0,0,text_regex,13000/-
FURN-00617,A -DIVINE CHAIRS PRICELIST,TABLE & STAND PRICELIST-AUG26.pdf,tables,13,B1,,₹37,37,text_regex,B1037 COPPER
FURN-00618,A -DIVINE CHAIRS PRICELIST,TABLE & STAND PRICELIST-AUG26.pdf,tables,13,12,,₹0,0,text_regex,12000/-
FURN-00619,A -DIVINE CHAIRS PRICELIST,TABLE & STAND PRICELIST-AUG26.pdf,tables,14,Sl,,₹41,41,text_regex,SL 041
FURN-00620,A -DIVINE CHAIRS PRICELIST,TABLE & STAND PRICELIST-AUG26.pdf,tables,14,23,,₹0,0,text_regex,23000/-
FURN-00621,A -DIVINE CHAIRS PRICELIST,TABLE & STAND PRICELIST-AUG26.pdf,tables,14,Sl,,₹23,23,text_regex,SL 023
FURN-00622,A -DIVINE CHAIRS PRICELIST,TABLE & STAND PRICELIST-AUG26.pdf,tables,14,16,,₹0,0,text_regex,16000/-
FURN-00623,A -DIVINE CHAIRS PRICELIST,TABLE & STAND PRICELIST-AUG26.pdf,tables,14,Sl,,₹46,46,text_regex,SL 046
FURN-00624,A -DIVINE CHAIRS PRICELIST,TABLE & STAND PRICELIST-AUG26.pdf,tables,14,14,,₹500,500,text_regex,14500/-
FURN-00625,A -DIVINE CHAIRS PRICELIST,TABLE & STAND PRICELIST-AUG26.pdf,tables,14,Sl,,₹69,69,text_regex,SL 069
FURN-00626,A -DIVINE CHAIRS PRICELIST,TABLE & STAND PRICELIST-AUG26.pdf,tables,14,23,,₹0,0,text_regex,23000/-
FURN-00627,A -DIVINE CHAIRS PRICELIST,TABLE & STAND PRICELIST-AUG26.pdf,tables,14,Sl,,₹36,36,text_regex,SL 036
FURN-00628,A -DIVINE CHAIRS PRICELIST,TABLE & STAND PRICELIST-AUG26.pdf,tables,14,15,,₹500,500,text_regex,15500/-
FURN-00629,A -DIVINE CHAIRS PRICELIST,TABLE & STAND PRICELIST-AUG26.pdf,tables,14,Sl,,₹19,19,text_regex,SL 019
FURN-00630,A -DIVINE CHAIRS PRICELIST,TABLE & STAND PRICELIST-AUG26.pdf,tables,14,14,,₹500,500,text_regex,14500/-
FURN-00631,A -DIVINE CHAIRS PRICELIST,TABLE & STAND PRICELIST-AUG26.pdf,tables,14,18,,₹500,500,text_regex,18500/-
FURN-00632,A -DIVINE CHAIRS PRICELIST,TABLE & STAND PRICELIST-AUG26.pdf,tables,14,14,,₹500,500,text_regex,14500/-
FURN-00633,A -DIVINE CHAIRS PRICELIST,TABLE & STAND PRICELIST-AUG26.pdf,tables,14,14,,₹0,0,text_regex,14000/-
FURN-00634,A -DIVINE CHAIRS PRICELIST,TABLE & STAND PRICELIST-AUG26.pdf,tables,15,Cj 1,,₹118,118,text_regex,CJ 1118B
FURN-00635,A -DIVINE CHAIRS PRICELIST,TABLE & STAND PRICELIST-AUG26.pdf,tables,15,450X480X,,₹500,500,text_regex,450x480x500
FURN-00636,A -DIVINE CHAIRS PRICELIST,TABLE & STAND PRICELIST-AUG26.pdf,tables,15,18,,₹500,500,text_regex,18500/-
FURN-00637,A -DIVINE CHAIRS PRICELIST,TABLE & STAND PRICELIST-AUG26.pdf,tables,15,Cj 1,,₹35,35,text_regex,CJ 1035B
FURN-00638,A -DIVINE CHAIRS PRICELIST,TABLE & STAND PRICELIST-AUG26.pdf,tables,15,550X400X,,₹465,465,text_regex,550x400x465
FURN-00639,A -DIVINE CHAIRS PRICELIST,TABLE & STAND PRICELIST-AUG26.pdf,tables,15,18,,₹500,500,text_regex,18500/-
FURN-00640,A -DIVINE CHAIRS PRICELIST,TABLE & STAND PRICELIST-AUG26.pdf,tables,15,Cj,,₹809,809,text_regex,CJ 809B
FURN-00641,A -DIVINE CHAIRS PRICELIST,TABLE & STAND PRICELIST-AUG26.pdf,tables,15,600X500X,,₹500,500,text_regex,600x500x500
FURN-00642,A -DIVINE CHAIRS PRICELIST,TABLE & STAND PRICELIST-AUG26.pdf,tables,15,18,,₹500,500,text_regex,18500/-
FURN-00643,A -DIVINE CHAIRS PRICELIST,TABLE & STAND PRICELIST-AUG26.pdf,tables,15,14,,₹0,0,text_regex,14000/-
FURN-00644,A -DIVINE CHAIRS PRICELIST,TABLE & STAND PRICELIST-AUG26.pdf,tables,15,14,,₹0,0,text_regex,14000/-
FURN-00645,A -DIVINE CHAIRS PRICELIST,TABLE & STAND PRICELIST-AUG26.pdf,tables,15,18,,₹0,0,text_regex,18000/-
FURN-00646,A -DIVINE CHAIRS PRICELIST,TABLE & STAND PRICELIST-AUG26.pdf,tables,15,B1,,₹26,26,text_regex,B1026
FURN-00647,A -DIVINE CHAIRS PRICELIST,TABLE & STAND PRICELIST-AUG26.pdf,tables,15,16,,₹500,500,text_regex,16500/-
FURN-00648,A -DIVINE CHAIRS PRICELIST,TABLE & STAND PRICELIST-AUG26.pdf,tables,15,B1,,₹34,34,text_regex,B1034 GOLD
FURN-00649,A -DIVINE CHAIRS PRICELIST,TABLE & STAND PRICELIST-AUG26.pdf,tables,15,16,,₹0,0,text_regex,16000/-
FURN-00650,A -DIVINE CHAIRS PRICELIST,TABLE & STAND PRICELIST-AUG26.pdf,tables,15,15,,₹0,0,text_regex,15000/-
FURN-00651,A -DIVINE CHAIRS PRICELIST,TABLE & STAND PRICELIST-AUG26.pdf,tables,16,380 X,,₹550,550,text_regex,380 X 550
FURN-00652,A -DIVINE CHAIRS PRICELIST,TABLE & STAND PRICELIST-AUG26.pdf,tables,16,Bj,,₹21,21,text_regex,BJ 021
FURN-00653,A -DIVINE CHAIRS PRICELIST,TABLE & STAND PRICELIST-AUG26.pdf,tables,16,450 X,,₹500,500,text_regex,450 X 500
FURN-00654,A -DIVINE CHAIRS PRICELIST,TABLE & STAND PRICELIST-AUG26.pdf,tables,16,16,,₹0,0,text_regex,16000/-
FURN-00655,A -DIVINE CHAIRS PRICELIST,TABLE & STAND PRICELIST-AUG26.pdf,tables,16,Ct,,₹36,36,text_regex,CT 036
FURN-00656,A -DIVINE CHAIRS PRICELIST,TABLE & STAND PRICELIST-AUG26.pdf,tables,16,500 X,,₹500,500,text_regex,500 X 500h
FURN-00657,A -DIVINE CHAIRS PRICELIST,TABLE & STAND PRICELIST-AUG26.pdf,tables,16,12,,₹0,0,text_regex,12000/-
FURN-00658,A -DIVINE CHAIRS PRICELIST,TABLE & STAND PRICELIST-AUG26.pdf,tables,16,500 X,,₹580,580,text_regex,500 X 580 h
FURN-00659,A -DIVINE CHAIRS PRICELIST,TABLE & STAND PRICELIST-AUG26.pdf,tables,16,11,,₹500,500,text_regex,11500/-
FURN-00660,A -DIVINE CHAIRS PRICELIST,TABLE & STAND PRICELIST-AUG26.pdf,tables,16,Ct,,₹15,15,text_regex,CT 015
FURN-00661,A -DIVINE CHAIRS PRICELIST,TABLE & STAND PRICELIST-AUG26.pdf,tables,16,500 X,,₹500,500,text_regex,500 X 500 h
FURN-00662,A -DIVINE CHAIRS PRICELIST,TABLE & STAND PRICELIST-AUG26.pdf,tables,16,11,,₹500,500,text_regex,11500/-
FURN-00663,A -DIVINE CHAIRS PRICELIST,TABLE & STAND PRICELIST-AUG26.pdf,tables,16,500 X,,₹465,465,text_regex,500 X 465
FURN-00664,A -DIVINE CHAIRS PRICELIST,TABLE & STAND PRICELIST-AUG26.pdf,tables,16,600 X 420 X,,₹510,510,text_regex,600 X 420 X 510
FURN-00665,A -DIVINE CHAIRS PRICELIST,TABLE & STAND PRICELIST-AUG26.pdf,tables,16,18,,₹0,0,text_regex,18000/-
FURN-00666,A -DIVINE CHAIRS PRICELIST,TABLE & STAND PRICELIST-AUG26.pdf,tables,16,Sl,,₹11,11,text_regex,SL 011
FURN-00667,A -DIVINE CHAIRS PRICELIST,TABLE & STAND PRICELIST-AUG26.pdf,tables,16,Ht Adj,,₹700,700,text_regex,HT ADJ 700*400*500-760
FURN-00668,A -DIVINE CHAIRS PRICELIST,TABLE & STAND PRICELIST-AUG26.pdf,tables,16,19,,₹0,0,text_regex,19000/-
FURN-00669,A -DIVINE CHAIRS PRICELIST,TABLE & STAND PRICELIST-AUG26.pdf,tables,17,12,,₹0,0,text_regex,12000/-
FURN-00670,A -DIVINE CHAIRS PRICELIST,TABLE & STAND PRICELIST-AUG26.pdf,tables,17,Sc,,₹110,110,text_regex,Sc110
FURN-00671,A -DIVINE CHAIRS PRICELIST,TABLE & STAND PRICELIST-AUG26.pdf,tables,17,15,,₹0,0,text_regex,15000/-
FURN-00672,A -DIVINE CHAIRS PRICELIST,TABLE & STAND PRICELIST-AUG26.pdf,tables,17,16,,₹500,500,text_regex,16500/-
FURN-00673,A -DIVINE CHAIRS PRICELIST,TABLE & STAND PRICELIST-AUG26.pdf,tables,17,14,,₹0,0,text_regex,14000/-
FURN-00674,A -DIVINE CHAIRS PRICELIST,TABLE & STAND PRICELIST-AUG26.pdf,tables,17,11,,₹0,0,text_regex,11000/-
FURN-00675,A -DIVINE CHAIRS PRICELIST,TABLE & STAND PRICELIST-AUG26.pdf,tables,17,Sc,,₹114,114,text_regex,Sc114
FURN-00676,A -DIVINE CHAIRS PRICELIST,TABLE & STAND PRICELIST-AUG26.pdf,tables,17,15,,₹0,0,text_regex,15000/-
FURN-00677,A -DIVINE CHAIRS PRICELIST,TABLE & STAND PRICELIST-AUG26.pdf,tables,17,Sc,,₹75,75,text_regex,Sc075
FURN-00678,A -DIVINE CHAIRS PRICELIST,TABLE & STAND PRICELIST-AUG26.pdf,tables,17,22,,₹0,0,text_regex,22000/- | 18000/-
FURN-00679,A -DIVINE CHAIRS PRICELIST,TABLE & STAND PRICELIST-AUG26.pdf,tables,18,16,,₹0,0,text_regex,16000/-
FURN-00680,A -DIVINE CHAIRS PRICELIST,TABLE & STAND PRICELIST-AUG26.pdf,tables,18,14,,₹0,0,text_regex,14000/- | 12000/-
FURN-00681,A -DIVINE CHAIRS PRICELIST,TABLE & STAND PRICELIST-AUG26.pdf,tables,18,18,,₹0,0,text_regex,18000/- | 15000/-
FURN-00682,A -DIVINE CHAIRS PRICELIST,TABLE & STAND PRICELIST-AUG26.pdf,tables,18,675 X 355 X,,₹400,400,text_regex,675 X 355 X 400 h
FURN-00683,A -DIVINE CHAIRS PRICELIST,TABLE & STAND PRICELIST-AUG26.pdf,tables,18,12,,₹0,0,text_regex,12000/-
FURN-00684,A -DIVINE CHAIRS PRICELIST,TABLE & STAND PRICELIST-AUG26.pdf,tables,18,Sl,,₹68,68,text_regex,SL 068
FURN-00685,A -DIVINE CHAIRS PRICELIST,TABLE & STAND PRICELIST-AUG26.pdf,tables,18,12,,₹0,0,text_regex,12000/-
FURN-00686,A -DIVINE CHAIRS PRICELIST,TABLE & STAND PRICELIST-AUG26.pdf,tables,19,St,,₹57,57,text_regex,ST 057
FURN-00687,A -DIVINE CHAIRS PRICELIST,TABLE & STAND PRICELIST-AUG26.pdf,tables,19,47,,₹0,0,text_regex,47000/-
FURN-00688,A -DIVINE CHAIRS PRICELIST,TABLE & STAND PRICELIST-AUG26.pdf,tables,19,St,,₹59,59,text_regex,ST 059
FURN-00689,A -DIVINE CHAIRS PRICELIST,TABLE & STAND PRICELIST-AUG26.pdf,tables,19,52,,₹0,0,text_regex,52000/-
FURN-00690,A -DIVINE CHAIRS PRICELIST,TABLE & STAND PRICELIST-AUG26.pdf,tables,19,St,,₹46,46,text_regex,ST 046
FURN-00691,A -DIVINE CHAIRS PRICELIST,TABLE & STAND PRICELIST-AUG26.pdf,tables,19,49,,₹0,0,text_regex,49000/-
FURN-00692,A -DIVINE CHAIRS PRICELIST,TABLE & STAND PRICELIST-AUG26.pdf,tables,19,St,,₹29,29,text_regex,ST 029
FURN-00693,A -DIVINE CHAIRS PRICELIST,TABLE & STAND PRICELIST-AUG26.pdf,tables,19,45,,₹0,0,text_regex,45000/-
FURN-00694,A -DIVINE CHAIRS PRICELIST,TABLE & STAND PRICELIST-AUG26.pdf,tables,20,St,,₹18,18,text_regex,ST 018
FURN-00695,A -DIVINE CHAIRS PRICELIST,TABLE & STAND PRICELIST-AUG26.pdf,tables,20,52,,₹0,0,text_regex,52000/-
FURN-00696,A -DIVINE CHAIRS PRICELIST,TABLE & STAND PRICELIST-AUG26.pdf,tables,20,St,,₹6,6,text_regex,ST 006
FURN-00697,A -DIVINE CHAIRS PRICELIST,TABLE & STAND PRICELIST-AUG26.pdf,tables,20,49,,₹0,0,text_regex,49000/-
FURN-00698,A -DIVINE CHAIRS PRICELIST,TABLE & STAND PRICELIST-AUG26.pdf,tables,20,Sth 4,,₹101,101,text_regex,STH 4101
FURN-00699,A -DIVINE CHAIRS PRICELIST,TABLE & STAND PRICELIST-AUG26.pdf,tables,20,51,,₹0,0,text_regex,51000/-
FURN-00700,A -DIVINE CHAIRS PRICELIST,TABLE & STAND PRICELIST-AUG26.pdf,tables,20,52,,₹0,0,text_regex,52000/-
FURN-00701,A -DIVINE CHAIRS PRICELIST,TABLE & STAND PRICELIST-AUG26.pdf,tables,21,Sd,,₹103,103,text_regex,SD 103 | 900Ø X 750 h
FURN-00702,A -DIVINE CHAIRS PRICELIST,TABLE & STAND PRICELIST-AUG26.pdf,tables,21,24,,₹0,0,text_regex,24000/- | 24000/-
FURN-00703,A -DIVINE CHAIRS PRICELIST,TABLE & STAND PRICELIST-AUG26.pdf,tables,21,16,,₹0,0,text_regex,16000/-
FURN-00704,A -DIVINE CHAIRS PRICELIST,TABLE & STAND PRICELIST-AUG26.pdf,tables,21,Sd,,₹152,152,text_regex,SD  152
FURN-00705,A -DIVINE CHAIRS PRICELIST,TABLE & STAND PRICELIST-AUG26.pdf,tables,21,24,,₹0,0,text_regex,24000/-
FURN-00706,A -DIVINE CHAIRS PRICELIST,TABLE & STAND PRICELIST-AUG26.pdf,tables,21,15,,₹0,0,text_regex,15000/-
FURN-00707,A -DIVINE CHAIRS PRICELIST,TABLE & STAND PRICELIST-AUG26.pdf,tables,21,All Season,,₹800,800,text_regex,All Season 800Ø X 750 h
FURN-00708,A -DIVINE CHAIRS PRICELIST,TABLE & STAND PRICELIST-AUG26.pdf,tables,21,14,,₹0,0,text_regex,14000/-
FURN-00709,A -DIVINE CHAIRS PRICELIST,TABLE & STAND PRICELIST-AUG26.pdf,tables,21,11,,₹0,0,text_regex,11000/-
FURN-00710,A -DIVINE CHAIRS PRICELIST,TABLE & STAND PRICELIST-AUG26.pdf,tables,21,800X800X,,₹750,750,text_regex,800X800X750h
FURN-00711,A -DIVINE CHAIRS PRICELIST,TABLE & STAND PRICELIST-AUG26.pdf,tables,21,1200X800X,,₹750,750,text_regex,1200X800X750h
FURN-00712,A -DIVINE CHAIRS PRICELIST,TABLE & STAND PRICELIST-AUG26.pdf,tables,21,14,,₹0,0,text_regex,14000/-
FURN-00713,A -DIVINE CHAIRS PRICELIST,TABLE & STAND PRICELIST-AUG26.pdf,tables,21,Sd,,₹83,83,text_regex,SD  083
FURN-00714,A -DIVINE CHAIRS PRICELIST,TABLE & STAND PRICELIST-AUG26.pdf,tables,21,55,,₹0,0,text_regex,55000/-
FURN-00715,A -DIVINE CHAIRS PRICELIST,TABLE & STAND PRICELIST-AUG26.pdf,tables,22,1200 X 600 X 1,,₹50,50,text_regex,1200 X 600 X 1050 h
FURN-00716,A -DIVINE CHAIRS PRICELIST,TABLE & STAND PRICELIST-AUG26.pdf,tables,22,14,,₹500,500,text_regex,14500/-
FURN-00717,A -DIVINE CHAIRS PRICELIST,TABLE & STAND PRICELIST-AUG26.pdf,tables,22,600 X 600 X 1,,₹20,20,text_regex,600 X 600 X 1020 h
FURN-00718,A -DIVINE CHAIRS PRICELIST,TABLE & STAND PRICELIST-AUG26.pdf,tables,22,600X600X1,,₹50,50,text_regex,600X600X1050 h
FURN-00719,A -DIVINE CHAIRS PRICELIST,TABLE & STAND PRICELIST-AUG26.pdf,tables,22,17,,₹0,0,text_regex,17000/-
FURN-00720,A -DIVINE CHAIRS PRICELIST,TABLE & STAND PRICELIST-AUG26.pdf,tables,22,12,,₹0,0,text_regex,12000/-
FURN-00721,A -DIVINE CHAIRS PRICELIST,TABLE & STAND PRICELIST-AUG26.pdf,tables,22,1500 X 600 X 1,,₹50,50,text_regex,1500 X 600 X 1050 h
FURN-00722,A -DIVINE CHAIRS PRICELIST,TABLE & STAND PRICELIST-AUG26.pdf,tables,22,26,,₹0,0,text_regex,26000/-
FURN-00723,A -DIVINE CHAIRS PRICELIST,TABLE & STAND PRICELIST-AUG26.pdf,tables,22,12,,₹0,0,text_regex,12000/- | 13500/-
FURN-00724,A -DIVINE CHAIRS PRICELIST,TABLE & STAND PRICELIST-AUG26.pdf,tables,22,12,,₹500,500,text_regex,12500/-
FURN-00725,A -DIVINE CHAIRS PRICELIST,TABLE & STAND PRICELIST-AUG26.pdf,tables,22,800 X 800 X,,₹750,750,text_regex,800 X 800 X 750 h
FURN-00726,A -DIVINE CHAIRS PRICELIST,TABLE & STAND PRICELIST-AUG26.pdf,tables,22,13,,₹0,0,text_regex,13000/-
FURN-00727,A -DIVINE CHAIRS PRICELIST,TABLE & STAND PRICELIST-AUG26.pdf,tables,22,Z 207 / Z,,₹208,208,text_regex,Z 207 / Z 208
FURN-00728,A -DIVINE CHAIRS PRICELIST,TABLE & STAND PRICELIST-AUG26.pdf,tables,22,1200 X 800 X,,₹750,750,text_regex,1200 X 800 X 750 | 800 X 800 X 750
FURN-00729,A -DIVINE CHAIRS PRICELIST,TABLE & STAND PRICELIST-AUG26.pdf,tables,22,15,,₹0,0,text_regex,15000/- | 12500/-
FURN-00730,A -DIVINE CHAIRS PRICELIST,TABLE & STAND PRICELIST-AUG26.pdf,tables,23,380 /500 X,,₹725,725,text_regex,380 /500 X 725 h
FURN-00731,A -DIVINE CHAIRS PRICELIST,TABLE & STAND PRICELIST-AUG26.pdf,tables,23,400/ 500/ 580/ 720 X,,₹725,725,text_regex,400/ 500/ 580/ 720 X 725 h
FURN-00732,A -DIVINE CHAIRS PRICELIST,TABLE & STAND PRICELIST-AUG26.pdf,tables,23,X 1,,₹20,20,text_regex,500 Ø X 1020 h
FURN-00733,A -DIVINE CHAIRS PRICELIST,TABLE & STAND PRICELIST-AUG26.pdf,tables,23,T-2,,₹16,16,text_regex,T-2016
FURN-00734,A -DIVINE CHAIRS PRICELIST,TABLE & STAND PRICELIST-AUG26.pdf,tables,23,520 X 520 X,,₹725,725,text_regex,520 X 520 X 725 h
FURN-00735,A -DIVINE CHAIRS PRICELIST,TABLE & STAND PRICELIST-AUG26.pdf,tables,23,700 X 700 X,,₹725,725,text_regex,700 X 700 X 725 h
FURN-00736,A -DIVINE CHAIRS PRICELIST,TABLE & STAND PRICELIST-AUG26.pdf,tables,23,Bl-,,₹56,56,text_regex,BL-056-5
FURN-00737,A -DIVINE CHAIRS PRICELIST,TABLE & STAND PRICELIST-AUG26.pdf,tables,23,10,,₹500,500,text_regex,10500/-
FURN-00738,A -DIVINE CHAIRS PRICELIST,TABLE & STAND PRICELIST-AUG26.pdf,tables,24,680 X 680 X,,₹725,725,text_regex,680 X 680 X 725 h
FURN-00739,A -DIVINE CHAIRS PRICELIST,TABLE & STAND PRICELIST-AUG26.pdf,tables,24,Jd,,₹413,413,text_regex,JD 413 (F)
FURN-00740,A -DIVINE CHAIRS PRICELIST,TABLE & STAND PRICELIST-AUG26.pdf,tables,24,680 X 680 X,,₹725,725,text_regex,680 X 680 X 725 h
FURN-00741,A -DIVINE CHAIRS PRICELIST,TABLE & STAND PRICELIST-AUG26.pdf,tables,24,750 X 750 X,,₹725,725,text_regex,750 X 750 X 725 h
FURN-00742,A -DIVINE CHAIRS PRICELIST,TABLE & STAND PRICELIST-AUG26.pdf,tables,24,11,,₹0,0,text_regex,11000/-
FURN-00743,A -DIVINE CHAIRS PRICELIST,TABLE & STAND PRICELIST-AUG26.pdf,tables,24,15,,₹0,0,text_regex,15000/-
FURN-00744,A -DIVINE CHAIRS PRICELIST,TABLE & STAND PRICELIST-AUG26.pdf,tables,24,450X450X,,₹725,725,text_regex,450X450X725h
FURN-00745,A -DIVINE CHAIRS PRICELIST,TABLE & STAND PRICELIST-AUG26.pdf,tables,24,400 X 700 X,,₹725,725,text_regex,400 X 700 X 725 h
FURN-00746,A -DIVINE CHAIRS PRICELIST,TABLE & STAND PRICELIST-AUG26.pdf,tables,24,Top Size 700 X,,₹400,400,text_regex,Top Size 700 X 400
FURN-00747,A -DIVINE CHAIRS PRICELIST,TABLE & STAND PRICELIST-AUG26.pdf,tables,25,Jd,,₹104,104,text_regex,JD 104  (F)
FURN-00748,A -DIVINE CHAIRS PRICELIST,TABLE & STAND PRICELIST-AUG26.pdf,tables,25,14,,₹0,0,text_regex,14000/-
FURN-00749,A -DIVINE CHAIRS PRICELIST,TABLE & STAND PRICELIST-AUG26.pdf,tables,25,400X700X,,₹725,725,text_regex,400X700X725h | 450X900X725h
FURN-00750,A -DIVINE CHAIRS PRICELIST,TABLE & STAND PRICELIST-AUG26.pdf,tables,25,12,,₹0,0,text_regex,8400/- | 12000/-
FURN-00751,A -DIVINE CHAIRS PRICELIST,TABLE & STAND PRICELIST-AUG26.pdf,tables,25,1200 X 700 X,,₹720,720,text_regex,1200 X 700 X 720 h
FURN-00752,A -DIVINE CHAIRS PRICELIST,TABLE & STAND PRICELIST-AUG26.pdf,tables,25,13,,₹0,0,text_regex,13000/-
FURN-00753,A -DIVINE CHAIRS PRICELIST,TABLE & STAND PRICELIST-AUG26.pdf,tables,25,18,,₹0,0,text_regex,18000/-
FURN-00754,A -DIVINE CHAIRS PRICELIST,TABLE & STAND PRICELIST-AUG26.pdf,tables,26,1150 X 680 X,,₹725,725,text_regex,1150 X 680 X 725H | 680 X 680 X 725
FURN-00755,A -DIVINE CHAIRS PRICELIST,TABLE & STAND PRICELIST-AUG26.pdf,tables,26,17,,₹0,0,text_regex,17000/- | 17500/-
FURN-00756,A -DIVINE CHAIRS PRICELIST,TABLE & STAND PRICELIST-AUG26.pdf,tables,26,13,,₹500,500,text_regex,13500/- | 15500/-
FURN-00757,A -DIVINE CHAIRS PRICELIST,TABLE & STAND PRICELIST-AUG26.pdf,tables,26,Bl,,₹56,56,text_regex,BL 056 - 3
FURN-00758,A -DIVINE CHAIRS PRICELIST,TABLE & STAND PRICELIST-AUG26.pdf,tables,26,2380 X 1180 X,,₹725,725,text_regex,2380 X 1180 X 725h
FURN-00759,A -DIVINE CHAIRS PRICELIST,TABLE & STAND PRICELIST-AUG26.pdf,tables,26,17,,₹0,0,text_regex,17000/-
FURN-00760,A -DIVINE CHAIRS PRICELIST,TABLE & STAND PRICELIST-AUG26.pdf,tables,27,Bl,,₹1,1,text_regex,BL 001
FURN-00761,A -DIVINE CHAIRS PRICELIST,TABLE & STAND PRICELIST-AUG26.pdf,tables,27,1180X600X,,₹725,725,text_regex,1180X600X725h|1780X780X725h
FURN-00762,A -DIVINE CHAIRS PRICELIST,TABLE & STAND PRICELIST-AUG26.pdf,tables,27,12,,₹0,0,text_regex,12000/- | 14000/-
FURN-00763,A -DIVINE CHAIRS PRICELIST,TABLE & STAND PRICELIST-AUG26.pdf,tables,27,Bl,,₹56,56,text_regex,BL 056 - 1
FURN-00764,A -DIVINE CHAIRS PRICELIST,TABLE & STAND PRICELIST-AUG26.pdf,tables,27,1480 X 580 X,,₹725,725,text_regex,1480 X 580 X 725h
FURN-00765,A -DIVINE CHAIRS PRICELIST,TABLE & STAND PRICELIST-AUG26.pdf,tables,27,11,,₹500,500,text_regex,11500/-
FURN-00766,A -DIVINE CHAIRS PRICELIST,TABLE & STAND PRICELIST-AUG26.pdf,tables,27,23,,₹0,0,text_regex,23000/-
FURN-00767,A -DIVINE CHAIRS PRICELIST,TABLE & STAND PRICELIST-AUG26.pdf,tables,28,-Chairs,MY CHAIR MY PRIDE,Price on Request,0,ocr,-CHAIRS | MY CHAIR MY PRIDE | Price on Request
FURN-00768,A -DIVINE CHAIRS PRICELIST,WORKSTATION PRICELIST- AUG26.pdf,workstation,1,Workstation,,"₹2,026",2026,ocr,"WORKSTATION |  | ₹2,026"
FURN-00769,A -DIVINE CHAIRS PRICELIST,WORKSTATION PRICELIST- AUG26.pdf,workstation,2,19,,₹450,450,text_regex,: 19450/-
FURN-00770,A -DIVINE CHAIRS PRICELIST,WORKSTATION PRICELIST- AUG26.pdf,workstation,2,- 18,,₹500,500,text_regex,- 18500/-
FURN-00771,A -DIVINE CHAIRS PRICELIST,WORKSTATION PRICELIST- AUG26.pdf,workstation,2,- 34,,₹0,0,text_regex,- 34000/-
FURN-00772,A -DIVINE CHAIRS PRICELIST,WORKSTATION PRICELIST- AUG26.pdf,workstation,2,13,,₹500,500,text_regex,: 13500/-
FURN-00773,A -DIVINE CHAIRS PRICELIST,WORKSTATION PRICELIST- AUG26.pdf,workstation,3,12,,₹0,0,text_regex,: 12000/-
FURN-00774,A -DIVINE CHAIRS PRICELIST,WORKSTATION PRICELIST- AUG26.pdf,workstation,3,- 13,,₹500,500,text_regex,- 13500/-
FURN-00775,A -DIVINE CHAIRS PRICELIST,WORKSTATION PRICELIST- AUG26.pdf,workstation,3,11,,₹500,500,text_regex,: 11500/-
FURN-00776,A -DIVINE CHAIRS PRICELIST,WORKSTATION PRICELIST- AUG26.pdf,workstation,3,- 12,,₹500,500,text_regex,- 12500/-
FURN-00777,A -DIVINE CHAIRS PRICELIST,WORKSTATION PRICELIST- AUG26.pdf,workstation,4,- 14,,₹500,500,text_regex,- 14500/-
FURN-00778,A -DIVINE CHAIRS PRICELIST,WORKSTATION PRICELIST- AUG26.pdf,workstation,4,- 8,,₹500,500,text_regex,- 8500/-
FURN-00779,A -DIVINE CHAIRS PRICELIST,WORKSTATION PRICELIST- AUG26.pdf,workstation,4,- 10,,₹0,0,text_regex,- 10000/-
FURN-00780,A -DIVINE CHAIRS PRICELIST,WORKSTATION PRICELIST- AUG26.pdf,workstation,5,10,,₹0,0,text_regex,: 10000/- | BLACK : 9000/-
FURN-00781,A -DIVINE CHAIRS PRICELIST,WORKSTATION PRICELIST- AUG26.pdf,workstation,5,13,,₹750,750,text_regex,: 13750/-
FURN-00782,A -DIVINE CHAIRS PRICELIST,WORKSTATION PRICELIST- AUG26.pdf,workstation,5,14,,₹500,500,text_regex,: 14500/-
FURN-00783,A -DIVINE CHAIRS PRICELIST,WORKSTATION PRICELIST- AUG26.pdf,workstation,5,Octa,,"₹10,500",10500,text_regex,OCTA : 10500/-
FURN-00784,A -DIVINE CHAIRS PRICELIST,WORKSTATION PRICELIST- AUG26.pdf,workstation,6,- 8,,₹600,600,text_regex,- 8600/-
FURN-00785,A -DIVINE CHAIRS PRICELIST,WORKSTATION PRICELIST- AUG26.pdf,workstation,6,- 7,,₹300,300,text_regex,- 7300/-
FURN-00786,A -DIVINE CHAIRS PRICELIST,WORKSTATION PRICELIST- AUG26.pdf,workstation,6,Eco,,"₹10,000",10000,text_regex,: ECO : 10000/-
FURN-00787,A -DIVINE CHAIRS PRICELIST,WORKSTATION PRICELIST- AUG26.pdf,workstation,6,Eco,,"₹8,700",8700,text_regex,: ECO : 8700/-
FURN-00788,A -DIVINE CHAIRS PRICELIST,WORKSTATION PRICELIST- AUG26.pdf,workstation,7,Workstation,Glssflled rylon mesh back with fixed lumbar support &fabric seat.,"₹7,900",7900,ocr,"WORKSTATION | Glssflled rylon mesh back with fixed lumbar support &fabric seat. | ₹7,900"
FURN-00789,A -DIVINE CHAIRS PRICELIST,WORKSTATION PRICELIST- AUG26.pdf,workstation,8,11,,₹500,500,text_regex,: 11500/-
FURN-00790,A -DIVINE CHAIRS PRICELIST,WORKSTATION PRICELIST- AUG26.pdf,workstation,9,- 6,,₹400,400,text_regex,- 6400/-
FURN-00791,A -DIVINE CHAIRS PRICELIST,WORKSTATION PRICELIST- AUG26.pdf,workstation,9,- 6,,₹800,800,text_regex,- 6800/-
FURN-00792,A -DIVINE CHAIRS PRICELIST,WORKSTATION PRICELIST- AUG26.pdf,workstation,9,- 6,,₹600,600,text_regex,- 6600/-
FURN-00793,A -DIVINE CHAIRS PRICELIST,WORKSTATION PRICELIST- AUG26.pdf,workstation,9,- 6,,₹200,200,text_regex,- 6200/-
FURN-00794,A -DIVINE CHAIRS PRICELIST,WORKSTATION PRICELIST- AUG26.pdf,workstation,9,- 6,,₹400,400,text_regex,- 6400/-
FURN-00795,A -DIVINE CHAIRS PRICELIST,WORKSTATION PRICELIST- AUG26.pdf,workstation,9,- 5,,₹700,700,text_regex,- 5700/-
FURN-00796,A -DIVINE CHAIRS PRICELIST,WORKSTATION PRICELIST- AUG26.pdf,workstation,10,- 7,,₹800,800,text_regex,- 7800/-
FURN-00797,A -DIVINE CHAIRS PRICELIST,WORKSTATION PRICELIST- AUG26.pdf,workstation,10,(Black),,"₹7,500",7500,text_regex,(BLACK)  : 7500/-
FURN-00798,A -DIVINE CHAIRS PRICELIST,WORKSTATION PRICELIST- AUG26.pdf,workstation,10,Grey,,"₹9,200",9200,text_regex,GREY : 9200/-
FURN-00799,A -DIVINE CHAIRS PRICELIST,WORKSTATION PRICELIST- AUG26.pdf,workstation,11,Alpha Black - 6,,₹500,500,text_regex,ALPHA BLACK - 6500/-
FURN-00800,A -DIVINE CHAIRS PRICELIST,WORKSTATION PRICELIST- AUG26.pdf,workstation,11,Gamma,,"₹15,500",15500,text_regex,GAMMA : 15500/-
FURN-00801,A -DIVINE CHAIRS PRICELIST,WORKSTATION PRICELIST- AUG26.pdf,workstation,11,Delta,,"₹7,100",7100,text_regex,DELTA : 7100/-
FURN-00802,A -DIVINE CHAIRS PRICELIST,WORKSTATION PRICELIST- AUG26.pdf,workstation,11,Alpha Grey,,"₹7,600",7600,text_regex,ALPHA GREY : 7600/-
FURN-00803,A -DIVINE CHAIRS PRICELIST,WORKSTATION PRICELIST- AUG26.pdf,workstation,12,- 6,,₹800,800,text_regex,- 6800/-
FURN-00804,A -DIVINE CHAIRS PRICELIST,WORKSTATION PRICELIST- AUG26.pdf,workstation,12,- 7,,₹300,300,text_regex,- 7300/-
FURN-00805,A -DIVINE CHAIRS PRICELIST,WORKSTATION PRICELIST- AUG26.pdf,workstation,12,- 5,,₹700,700,text_regex,- 5700/-
FURN-00806,A -DIVINE CHAIRS PRICELIST,WORKSTATION PRICELIST- AUG26.pdf,workstation,12,- 6,,₹300,300,text_regex,- 6300/-
FURN-00807,A -DIVINE CHAIRS PRICELIST,WORKSTATION PRICELIST- AUG26.pdf,workstation,13,- 7,,₹200,200,text_regex,- 7200/-
FURN-00808,A -DIVINE CHAIRS PRICELIST,WORKSTATION PRICELIST- AUG26.pdf,workstation,13,- 6,,₹300,300,text_regex,- 6300/-
FURN-00809,A -DIVINE CHAIRS PRICELIST,WORKSTATION PRICELIST- AUG26.pdf,workstation,13,- 6,,₹900,900,text_regex,- 6900/-
FURN-00810,A -DIVINE CHAIRS PRICELIST,WORKSTATION PRICELIST- AUG26.pdf,workstation,13,- 6,,₹200,200,text_regex,- 6200/-
FURN-00811,A -DIVINE CHAIRS PRICELIST,WORKSTATION PRICELIST- AUG26.pdf,workstation,14,- 10,,₹500,500,text_regex,- 10500/-
FURN-00812,A -DIVINE CHAIRS PRICELIST,WORKSTATION PRICELIST- AUG26.pdf,workstation,14,- 7,,₹900,900,text_regex,- 7900/-
FURN-00813,A -DIVINE CHAIRS PRICELIST,WORKSTATION PRICELIST- AUG26.pdf,workstation,14,- 7,,₹400,400,text_regex,- 7400/-
FURN-00814,A -DIVINE CHAIRS PRICELIST,WORKSTATION PRICELIST- AUG26.pdf,workstation,14,- 15,,₹0,0,text_regex,- 15000/-
FURN-00815,A -DIVINE CHAIRS PRICELIST,WORKSTATION PRICELIST- AUG26.pdf,workstation,15,- 4,,₹100,100,text_regex,- 4100/-
FURN-00816,A -DIVINE CHAIRS PRICELIST,WORKSTATION PRICELIST- AUG26.pdf,workstation,15,Octa Visitor,,"₹8,500",8500,text_regex,OCTA VISITOR : 8500/-
FURN-00817,A -DIVINE CHAIRS PRICELIST,WORKSTATION PRICELIST- AUG26.pdf,workstation,16,Grey - 12,,₹0,0,text_regex,GREY - 12000/- | BLACK - 11000/-
FURN-00818,A -DIVINE CHAIRS PRICELIST,WORKSTATION PRICELIST- AUG26.pdf,workstation,16,- Black,,"₹6,900",6900,text_regex,- BLACK : 6900/- | GREY : 7600/-
FURN-00819,A -DIVINE CHAIRS PRICELIST,WORKSTATION PRICELIST- AUG26.pdf,workstation,16,- Black,,"₹7,700",7700,text_regex,- BLACK : 7700/- | GREY : 8400/-
FURN-00820,A -DIVINE CHAIRS PRICELIST,WORKSTATION PRICELIST- AUG26.pdf,workstation,16,- 5,,₹800,800,text_regex,- 5800/-
FURN-00821,A -DIVINE CHAIRS PRICELIST,WORKSTATION PRICELIST- AUG26.pdf,workstation,16,- 5,,₹600,600,text_regex,- 5600/-
FURN-00822,A -DIVINE CHAIRS PRICELIST,WORKSTATION PRICELIST- AUG26.pdf,workstation,17,Chair,MY CHAIR MY PRIDE,Price on Request,0,ocr,CHAIR | MY CHAIR MY PRIDE | Price on Request
FURN-00823,A- DIVINE CHAIRS PRICELIST W-O LOGO,DINNING PRICELIST WL - AUG 26.pdf,dining,1,26,,₹0,0,text_regex,26000/-
FURN-00824,A- DIVINE CHAIRS PRICELIST W-O LOGO,DINNING PRICELIST WL - AUG 26.pdf,dining,2,31,,₹0,0,text_regex,31000/-
FURN-00825,A- DIVINE CHAIRS PRICELIST W-O LOGO,DINNING PRICELIST WL - AUG 26.pdf,dining,2,28,,₹750,750,text_regex,28750/-
FURN-00826,A- DIVINE CHAIRS PRICELIST W-O LOGO,DINNING PRICELIST WL - AUG 26.pdf,dining,2,32,,₹0,0,text_regex,32000/-
FURN-00827,A- DIVINE CHAIRS PRICELIST W-O LOGO,DINNING PRICELIST WL - AUG 26.pdf,dining,3,17,,₹0,0,text_regex,17000/-
FURN-00828,A- DIVINE CHAIRS PRICELIST W-O LOGO,DINNING PRICELIST WL - AUG 26.pdf,dining,3,21,,₹500,500,text_regex,21500/-
FURN-00829,A- DIVINE CHAIRS PRICELIST W-O LOGO,DINNING PRICELIST WL - AUG 26.pdf,dining,3,21,,₹0,0,text_regex,21000/-
FURN-00830,A- DIVINE CHAIRS PRICELIST W-O LOGO,DINNING PRICELIST WL - AUG 26.pdf,dining,4,22,,₹0,0,text_regex,22000/-
FURN-00831,A- DIVINE CHAIRS PRICELIST W-O LOGO,DINNING PRICELIST WL - AUG 26.pdf,dining,4,26,,₹0,0,text_regex,26000/-
FURN-00832,A- DIVINE CHAIRS PRICELIST W-O LOGO,DINNING PRICELIST WL - AUG 26.pdf,dining,4,42,,₹0,0,text_regex,42000/-
FURN-00833,A- DIVINE CHAIRS PRICELIST W-O LOGO,DINNING PRICELIST WL - AUG 26.pdf,dining,5,17,,₹0,0,text_regex,17000/-
FURN-00834,A- DIVINE CHAIRS PRICELIST W-O LOGO,DINNING PRICELIST WL - AUG 26.pdf,dining,5,26,,₹0,0,text_regex,26000/-
FURN-00835,A- DIVINE CHAIRS PRICELIST W-O LOGO,DINNING PRICELIST WL - AUG 26.pdf,dining,5,22,,₹0,0,text_regex,22000/-
FURN-00836,A- DIVINE CHAIRS PRICELIST W-O LOGO,DINNING PRICELIST WL - AUG 26.pdf,dining,6,26,,₹0,0,text_regex,26000/-
FURN-00837,A- DIVINE CHAIRS PRICELIST W-O LOGO,DINNING PRICELIST WL - AUG 26.pdf,dining,6,28,,₹0,0,text_regex,28000/-
FURN-00838,A- DIVINE CHAIRS PRICELIST W-O LOGO,DINNING PRICELIST WL - AUG 26.pdf,dining,6,10,,₹750,750,text_regex,10750/-
FURN-00839,A- DIVINE CHAIRS PRICELIST W-O LOGO,DINNING PRICELIST WL - AUG 26.pdf,dining,7,22,,₹0,0,text_regex,22000/-
FURN-00840,A- DIVINE CHAIRS PRICELIST W-O LOGO,DINNING PRICELIST WL - AUG 26.pdf,dining,7,23,,₹0,0,text_regex,23000/-
FURN-00841,A- DIVINE CHAIRS PRICELIST W-O LOGO,DINNING PRICELIST WL - AUG 26.pdf,dining,7,17,,₹500,500,text_regex,17500/-
FURN-00842,A- DIVINE CHAIRS PRICELIST W-O LOGO,DINNING PRICELIST WL - AUG 26.pdf,dining,8,22,,₹0,0,text_regex,22000/-
FURN-00843,A- DIVINE CHAIRS PRICELIST W-O LOGO,DINNING PRICELIST WL - AUG 26.pdf,dining,8,23,,₹0,0,text_regex,23000/-
FURN-00844,A- DIVINE CHAIRS PRICELIST W-O LOGO,DINNING PRICELIST WL - AUG 26.pdf,dining,8,22,,₹0,0,text_regex,22000/-
FURN-00845,A- DIVINE CHAIRS PRICELIST W-O LOGO,DINNING PRICELIST WL - AUG 26.pdf,dining,9,14,,₹0,0,text_regex,14000/-
FURN-00846,A- DIVINE CHAIRS PRICELIST W-O LOGO,DINNING PRICELIST WL - AUG 26.pdf,dining,10,11,,₹500,500,text_regex,11500/-
FURN-00847,A- DIVINE CHAIRS PRICELIST W-O LOGO,DINNING PRICELIST WL - AUG 26.pdf,dining,10,18,,₹500,500,text_regex,18500/-
FURN-00848,A- DIVINE CHAIRS PRICELIST W-O LOGO,DINNING PRICELIST WL - AUG 26.pdf,dining,10,12,,₹500,500,text_regex,12500/-
FURN-00849,A- DIVINE CHAIRS PRICELIST W-O LOGO,DINNING PRICELIST WL - AUG 26.pdf,dining,11,34,,₹0,0,text_regex,34000/-
FURN-00850,A- DIVINE CHAIRS PRICELIST W-O LOGO,DINNING PRICELIST WL - AUG 26.pdf,dining,11,22,,₹0,0,text_regex,22000/-
FURN-00851,A- DIVINE CHAIRS PRICELIST W-O LOGO,DINNING PRICELIST WL - AUG 26.pdf,dining,11,42,,₹0,0,text_regex,42000/-
FURN-00852,A- DIVINE CHAIRS PRICELIST W-O LOGO,DINNING PRICELIST WL - AUG 26.pdf,dining,12,23,,₹0,0,text_regex,23000/-
FURN-00853,A- DIVINE CHAIRS PRICELIST W-O LOGO,DINNING PRICELIST WL - AUG 26.pdf,dining,12,17,,₹200,200,text_regex,17200/-
FURN-00854,A- DIVINE CHAIRS PRICELIST W-O LOGO,DINNING PRICELIST WL - AUG 26.pdf,dining,12,16,,₹0,0,text_regex,16000/-
FURN-00855,A- DIVINE CHAIRS PRICELIST W-O LOGO,DINNING PRICELIST WL - AUG 26.pdf,dining,13,18,,₹800,800,text_regex,18800/-
FURN-00856,A- DIVINE CHAIRS PRICELIST W-O LOGO,DINNING PRICELIST WL - AUG 26.pdf,dining,13,23,,₹500,500,text_regex,23500/-
FURN-00857,A- DIVINE CHAIRS PRICELIST W-O LOGO,DINNING PRICELIST WL - AUG 26.pdf,dining,13,23,,₹0,0,text_regex,23000/-
FURN-00858,A- DIVINE CHAIRS PRICELIST W-O LOGO,DINNING PRICELIST WL - AUG 26.pdf,dining,14,21,,₹500,500,text_regex,21500/-
FURN-00859,A- DIVINE CHAIRS PRICELIST W-O LOGO,DINNING PRICELIST WL - AUG 26.pdf,dining,14,21,,₹0,0,text_regex,21000/-
FURN-00860,A- DIVINE CHAIRS PRICELIST W-O LOGO,DINNING PRICELIST WL - AUG 26.pdf,dining,14,19,,₹0,0,text_regex,19000/-
FURN-00861,A- DIVINE CHAIRS PRICELIST W-O LOGO,DINNING PRICELIST WL - AUG 26.pdf,dining,15,10,,₹500,500,text_regex,10500/-
FURN-00862,A- DIVINE CHAIRS PRICELIST W-O LOGO,DINNING PRICELIST WL - AUG 26.pdf,dining,15,18,,₹500,500,text_regex,18500/-
FURN-00863,A- DIVINE CHAIRS PRICELIST W-O LOGO,DINNING PRICELIST WL - AUG 26.pdf,dining,15,Wood,,"₹22,500",22500,text_regex,WOOD : 22500/- | METAL : 20000/-
FURN-00864,A- DIVINE CHAIRS PRICELIST W-O LOGO,DINNING PRICELIST WL - AUG 26.pdf,dining,16,19,,₹500,500,text_regex,19500/-
FURN-00865,A- DIVINE CHAIRS PRICELIST W-O LOGO,DINNING PRICELIST WL - AUG 26.pdf,dining,16,14,,₹500,500,text_regex,14500/-
FURN-00866,A- DIVINE CHAIRS PRICELIST W-O LOGO,DINNING PRICELIST WL - AUG 26.pdf,dining,16,23,,₹0,0,text_regex,23000/-
FURN-00867,A- DIVINE CHAIRS PRICELIST W-O LOGO,DINNING PRICELIST WL - AUG 26.pdf,dining,17,16,,₹500,500,text_regex,16500/-
FURN-00868,A- DIVINE CHAIRS PRICELIST W-O LOGO,DINNING PRICELIST WL - AUG 26.pdf,dining,17,14,,₹0,0,text_regex,14000/-
FURN-00869,A- DIVINE CHAIRS PRICELIST W-O LOGO,DINNING PRICELIST WL - AUG 26.pdf,dining,17,19,,₹500,500,text_regex,19500/-
FURN-00870,A- DIVINE CHAIRS PRICELIST W-O LOGO,DINNING PRICELIST WL - AUG 26.pdf,dining,18,21,,₹0,0,text_regex,21000/- | BLACK - 21000/-
FURN-00871,A- DIVINE CHAIRS PRICELIST W-O LOGO,DINNING PRICELIST WL - AUG 26.pdf,dining,18,14,,₹500,500,text_regex,14500/-
FURN-00872,A- DIVINE CHAIRS PRICELIST W-O LOGO,DINNING PRICELIST WL - AUG 26.pdf,dining,18,23,,₹0,0,text_regex,23000/-
FURN-00873,A- DIVINE CHAIRS PRICELIST W-O LOGO,DINNING PRICELIST WL - AUG 26.pdf,dining,19,13,,₹750,750,text_regex,13750/-
FURN-00874,A- DIVINE CHAIRS PRICELIST W-O LOGO,DINNING PRICELIST WL - AUG 26.pdf,dining,19,10,,₹750,750,text_regex,10750/-
FURN-00875,A- DIVINE CHAIRS PRICELIST W-O LOGO,DINNING PRICELIST WL - AUG 26.pdf,dining,19,11,,₹0,0,text_regex,11000/-
FURN-00876,A- DIVINE CHAIRS PRICELIST W-O LOGO,DINNING PRICELIST WL - AUG 26.pdf,dining,20,15,,₹0,0,text_regex,15000/-
FURN-00877,A- DIVINE CHAIRS PRICELIST W-O LOGO,DINNING PRICELIST WL - AUG 26.pdf,dining,20,15,,₹0,0,text_regex,15000/-
FURN-00878,A- DIVINE CHAIRS PRICELIST W-O LOGO,DINNING PRICELIST WL - AUG 26.pdf,dining,20,16,,₹0,0,text_regex,16000/-
FURN-00879,A- DIVINE CHAIRS PRICELIST W-O LOGO,DINNING PRICELIST WL - AUG 26.pdf,dining,21,21,,₹0,0,text_regex,21000/-
FURN-00880,A- DIVINE CHAIRS PRICELIST W-O LOGO,DINNING PRICELIST WL - AUG 26.pdf,dining,21,15,,₹0,0,text_regex,15000/-
FURN-00881,A- DIVINE CHAIRS PRICELIST W-O LOGO,DINNING PRICELIST WL - AUG 26.pdf,dining,21,15,,₹0,0,text_regex,15000/-
FURN-00882,A- DIVINE CHAIRS PRICELIST W-O LOGO,DINNING PRICELIST WL - AUG 26.pdf,dining,22,Dining Chairs,PEPPER,"₹5,600",5600,ocr,"DINING CHAIRS | PEPPER | ₹5,600"
FURN-00883,A- DIVINE CHAIRS PRICELIST W-O LOGO,DINNING PRICELIST WL - AUG 26.pdf,dining,23,12,,₹250,250,text_regex,12250/-
FURN-00884,A- DIVINE CHAIRS PRICELIST W-O LOGO,DINNING PRICELIST WL - AUG 26.pdf,dining,23,11,,₹500,500,text_regex,11500/-
FURN-00885,A- DIVINE CHAIRS PRICELIST W-O LOGO,DINNING PRICELIST WL - AUG 26.pdf,dining,24,Dining Chairs,IRIS (IND),"₹6,300",6300,ocr,"DINING CHAIRS | IRIS (IND) | ₹6,300"
FURN-00886,A- DIVINE CHAIRS PRICELIST W-O LOGO,DINNING PRICELIST WL - AUG 26.pdf,dining,25,13,,₹500,500,text_regex,13500/-
FURN-00887,A- DIVINE CHAIRS PRICELIST W-O LOGO,DINNING PRICELIST WL - AUG 26.pdf,dining,25,10,,₹500,500,text_regex,10500/-
FURN-00888,A- DIVINE CHAIRS PRICELIST W-O LOGO,DINNING PRICELIST WL - AUG 26.pdf,dining,26,13,,₹0,0,text_regex,13000/-
FURN-00889,A- DIVINE CHAIRS PRICELIST W-O LOGO,DINNING PRICELIST WL - AUG 26.pdf,dining,26,12,,₹0,0,text_regex,12000/-
FURN-00890,A- DIVINE CHAIRS PRICELIST W-O LOGO,DINNING PRICELIST WL - AUG 26.pdf,dining,26,14,,₹500,500,text_regex,14500/-
FURN-00891,A- DIVINE CHAIRS PRICELIST W-O LOGO,DINNING PRICELIST WL - AUG 26.pdf,dining,27,11,,₹0,0,text_regex,11000/-
FURN-00892,A- DIVINE CHAIRS PRICELIST W-O LOGO,DINNING PRICELIST WL - AUG 26.pdf,dining,28,23,,₹0,0,text_regex,23000/-
FURN-00893,A- DIVINE CHAIRS PRICELIST W-O LOGO,DINNING PRICELIST WL - AUG 26.pdf,dining,28,14,,₹0,0,text_regex,14000/-
FURN-00894,A- DIVINE CHAIRS PRICELIST W-O LOGO,DINNING PRICELIST WL - AUG 26.pdf,dining,29,My Chair My Pride,All Prices are Ex-Warehouse,Price on Request,0,ocr,MY CHAIR MY PRIDE | All Prices are Ex-Warehouse | Price on Request
FURN-00895,A- DIVINE CHAIRS PRICELIST W-O LOGO,EXECUTIVE PRICELIST.pdf,executive,1,Executive,工一尺,"₹2,026",2026,ocr,"EXECUTIVE | 工一尺 | ₹2,026"
FURN-00896,A- DIVINE CHAIRS PRICELIST W-O LOGO,EXECUTIVE PRICELIST.pdf,executive,2,81,,₹0,0,text_regex,: 81000/- | MB : 79000/-
FURN-00897,A- DIVINE CHAIRS PRICELIST W-O LOGO,EXECUTIVE PRICELIST.pdf,executive,2,76,,₹0,0,text_regex,: 76000/- | MB : 74000/-
FURN-00898,A- DIVINE CHAIRS PRICELIST W-O LOGO,EXECUTIVE PRICELIST.pdf,executive,2,- 130,,₹0,0,text_regex,- 130000/-
FURN-00899,A- DIVINE CHAIRS PRICELIST W-O LOGO,EXECUTIVE PRICELIST.pdf,executive,3,35,,₹0,0,text_regex,: 35000/-
FURN-00900,A- DIVINE CHAIRS PRICELIST W-O LOGO,EXECUTIVE PRICELIST.pdf,executive,3,34,,₹0,0,text_regex,: 34000/-
FURN-00901,A- DIVINE CHAIRS PRICELIST W-O LOGO,EXECUTIVE PRICELIST.pdf,executive,3,35,,₹0,0,text_regex,: 35000/-
FURN-00902,A- DIVINE CHAIRS PRICELIST W-O LOGO,EXECUTIVE PRICELIST.pdf,executive,3,34,,₹0,0,text_regex,: 34000/-
FURN-00903,A- DIVINE CHAIRS PRICELIST W-O LOGO,EXECUTIVE PRICELIST.pdf,executive,4,40,,₹0,0,text_regex,: 40000/-
FURN-00904,A- DIVINE CHAIRS PRICELIST W-O LOGO,EXECUTIVE PRICELIST.pdf,executive,4,38,,₹0,0,text_regex,: 38000/-
FURN-00905,A- DIVINE CHAIRS PRICELIST W-O LOGO,EXECUTIVE PRICELIST.pdf,executive,4,40,,₹0,0,text_regex,: 40000/-
FURN-00906,A- DIVINE CHAIRS PRICELIST W-O LOGO,EXECUTIVE PRICELIST.pdf,executive,4,38,,₹0,0,text_regex,: 38000/-
FURN-00907,A- DIVINE CHAIRS PRICELIST W-O LOGO,EXECUTIVE PRICELIST.pdf,executive,5,31,,₹0,0,text_regex,: 31000/-
FURN-00908,A- DIVINE CHAIRS PRICELIST W-O LOGO,EXECUTIVE PRICELIST.pdf,executive,5,29,,₹0,0,text_regex,: 29000/-
FURN-00909,A- DIVINE CHAIRS PRICELIST W-O LOGO,EXECUTIVE PRICELIST.pdf,executive,5,29,,₹0,0,text_regex,: 29000/-
FURN-00910,A- DIVINE CHAIRS PRICELIST W-O LOGO,EXECUTIVE PRICELIST.pdf,executive,5,28,,₹0,0,text_regex,: 28000/-
FURN-00911,A- DIVINE CHAIRS PRICELIST W-O LOGO,EXECUTIVE PRICELIST.pdf,executive,6,30,,₹500,500,text_regex,: 30500/-
FURN-00912,A- DIVINE CHAIRS PRICELIST W-O LOGO,EXECUTIVE PRICELIST.pdf,executive,6,28,,₹500,500,text_regex,: 28500/-
FURN-00913,A- DIVINE CHAIRS PRICELIST W-O LOGO,EXECUTIVE PRICELIST.pdf,executive,7,24,,₹500,500,text_regex,: 24500/- | MB : 23500/-
FURN-00914,A- DIVINE CHAIRS PRICELIST W-O LOGO,EXECUTIVE PRICELIST.pdf,executive,7,23,,₹500,500,text_regex,: 23500/-  | MB : 22500/-
FURN-00915,A- DIVINE CHAIRS PRICELIST W-O LOGO,EXECUTIVE PRICELIST.pdf,executive,7,32,,₹0,0,text_regex,: 32000/-
FURN-00916,A- DIVINE CHAIRS PRICELIST W-O LOGO,EXECUTIVE PRICELIST.pdf,executive,7,31,,₹0,0,text_regex,: 31000/-
FURN-00917,A- DIVINE CHAIRS PRICELIST W-O LOGO,EXECUTIVE PRICELIST.pdf,executive,8,16,,₹200,200,text_regex,: 16200/- |MB : 15300/-
FURN-00918,A- DIVINE CHAIRS PRICELIST W-O LOGO,EXECUTIVE PRICELIST.pdf,executive,8,(Ind/Eco) 10,,₹500,500,text_regex,(IND/ECO) 10500/- |MB : 9
FURN-00919,A- DIVINE CHAIRS PRICELIST W-O LOGO,EXECUTIVE PRICELIST.pdf,executive,8,(Imp),,₹310,310,text_regex,(IMP)       310
FURN-00920,A- DIVINE CHAIRS PRICELIST W-O LOGO,EXECUTIVE PRICELIST.pdf,executive,8,11,,₹500,500,text_regex,: 11500/- | MB :10500/-
FURN-00921,A- DIVINE CHAIRS PRICELIST W-O LOGO,EXECUTIVE PRICELIST.pdf,executive,9,21,,₹500,500,text_regex,: 21500/-
FURN-00922,A- DIVINE CHAIRS PRICELIST W-O LOGO,EXECUTIVE PRICELIST.pdf,executive,9,20,,₹500,500,text_regex,: 20500/-
FURN-00923,A- DIVINE CHAIRS PRICELIST W-O LOGO,EXECUTIVE PRICELIST.pdf,executive,9,20,,₹0,0,text_regex,: 20000/-
FURN-00924,A- DIVINE CHAIRS PRICELIST W-O LOGO,EXECUTIVE PRICELIST.pdf,executive,9,18,,₹500,500,text_regex,: 18500/-
FURN-00925,A- DIVINE CHAIRS PRICELIST W-O LOGO,EXECUTIVE PRICELIST.pdf,executive,10,19,,₹0,0,text_regex,: 19000/-
FURN-00926,A- DIVINE CHAIRS PRICELIST W-O LOGO,EXECUTIVE PRICELIST.pdf,executive,10,16,,₹500,500,text_regex,: 16500/-
FURN-00927,A- DIVINE CHAIRS PRICELIST W-O LOGO,EXECUTIVE PRICELIST.pdf,executive,10,15,,₹0,0,text_regex,: 15000/-
FURN-00928,A- DIVINE CHAIRS PRICELIST W-O LOGO,EXECUTIVE PRICELIST.pdf,executive,10,18,,₹500,500,text_regex,: 18500/-
FURN-00929,A- DIVINE CHAIRS PRICELIST W-O LOGO,EXECUTIVE PRICELIST.pdf,executive,10,17,,₹500,500,text_regex,: 17500/-
FURN-00930,A- DIVINE CHAIRS PRICELIST W-O LOGO,EXECUTIVE PRICELIST.pdf,executive,11,16,,₹0,0,text_regex,16000/-
FURN-00931,A- DIVINE CHAIRS PRICELIST W-O LOGO,EXECUTIVE PRICELIST.pdf,executive,11,15,,₹0,0,text_regex,15000/
FURN-00932,A- DIVINE CHAIRS PRICELIST W-O LOGO,EXECUTIVE PRICELIST.pdf,executive,11,10,,₹700,700,text_regex,: 10700/- |MB
FURN-00933,A- DIVINE CHAIRS PRICELIST W-O LOGO,EXECUTIVE PRICELIST.pdf,executive,11,10,,₹0,0,text_regex,: 10000/-
FURN-00934,A- DIVINE CHAIRS PRICELIST W-O LOGO,EXECUTIVE PRICELIST.pdf,executive,11,29,,₹0,0,text_regex,: 29000/- |MB
FURN-00935,A- DIVINE CHAIRS PRICELIST W-O LOGO,EXECUTIVE PRICELIST.pdf,executive,11,27,,₹0,0,text_regex,: 27000/-
FURN-00936,A- DIVINE CHAIRS PRICELIST W-O LOGO,EXECUTIVE PRICELIST.pdf,executive,11,18,,₹500,500,text_regex,: 18500/-
FURN-00937,A- DIVINE CHAIRS PRICELIST W-O LOGO,EXECUTIVE PRICELIST.pdf,executive,11,17,,₹500,500,text_regex,: 17500/-
FURN-00938,A- DIVINE CHAIRS PRICELIST W-O LOGO,EXECUTIVE PRICELIST.pdf,executive,11,15,,₹700,700,text_regex,15700/-
FURN-00939,A- DIVINE CHAIRS PRICELIST W-O LOGO,EXECUTIVE PRICELIST.pdf,executive,11,15,,₹0,0,text_regex,15000/
FURN-00940,A- DIVINE CHAIRS PRICELIST W-O LOGO,EXECUTIVE PRICELIST.pdf,executive,12,15,,₹750,750,text_regex,: 15750/-
FURN-00941,A- DIVINE CHAIRS PRICELIST W-O LOGO,EXECUTIVE PRICELIST.pdf,executive,12,14,,₹750,750,text_regex,: 14750/-
FURN-00942,A- DIVINE CHAIRS PRICELIST W-O LOGO,EXECUTIVE PRICELIST.pdf,executive,12,14,,₹750,750,text_regex,: 14750/-
FURN-00943,A- DIVINE CHAIRS PRICELIST W-O LOGO,EXECUTIVE PRICELIST.pdf,executive,12,13,,₹750,750,text_regex,: 13750/-
FURN-00944,A- DIVINE CHAIRS PRICELIST W-O LOGO,EXECUTIVE PRICELIST.pdf,executive,13,23,,₹0,0,text_regex,: 23000/- | MB : 22500/-
FURN-00945,A- DIVINE CHAIRS PRICELIST W-O LOGO,EXECUTIVE PRICELIST.pdf,executive,13,22,,₹500,500,text_regex,: 22500/-  | MB : 21500/-
FURN-00946,A- DIVINE CHAIRS PRICELIST W-O LOGO,EXECUTIVE PRICELIST.pdf,executive,13,23,,₹0,0,text_regex,: 23000/- | MB : 22500/-
FURN-00947,A- DIVINE CHAIRS PRICELIST W-O LOGO,EXECUTIVE PRICELIST.pdf,executive,13,22,,₹500,500,text_regex,: 22500/- | MB : 21500/-
FURN-00948,A- DIVINE CHAIRS PRICELIST W-O LOGO,EXECUTIVE PRICELIST.pdf,executive,13,12,,₹0,0,text_regex,: 12000/- | MB : 11500/-
FURN-00949,A- DIVINE CHAIRS PRICELIST W-O LOGO,EXECUTIVE PRICELIST.pdf,executive,13,10,,₹0,0,text_regex,: 10000/- | MB : 9500/-
FURN-00950,A- DIVINE CHAIRS PRICELIST W-O LOGO,EXECUTIVE PRICELIST.pdf,executive,14,10,,₹750,750,text_regex,: 10750/-
FURN-00951,A- DIVINE CHAIRS PRICELIST W-O LOGO,EXECUTIVE PRICELIST.pdf,executive,14,10,,₹0,0,text_regex,: 10000/-
FURN-00952,A- DIVINE CHAIRS PRICELIST W-O LOGO,EXECUTIVE PRICELIST.pdf,executive,15,13,,₹0,0,text_regex,: 13000/-
FURN-00953,A- DIVINE CHAIRS PRICELIST W-O LOGO,EXECUTIVE PRICELIST.pdf,executive,15,12,,₹0,0,text_regex,: 12000/-
FURN-00954,A- DIVINE CHAIRS PRICELIST W-O LOGO,EXECUTIVE PRICELIST.pdf,executive,15,14,,₹250,250,text_regex,: 14250/-
FURN-00955,A- DIVINE CHAIRS PRICELIST W-O LOGO,EXECUTIVE PRICELIST.pdf,executive,15,13,,₹500,500,text_regex,: 13500/-
FURN-00956,A- DIVINE CHAIRS PRICELIST W-O LOGO,EXECUTIVE PRICELIST.pdf,executive,16,14,,₹0,0,text_regex,: 14000/-
FURN-00957,A- DIVINE CHAIRS PRICELIST W-O LOGO,EXECUTIVE PRICELIST.pdf,executive,16,13,,₹0,0,text_regex,: 13000/-
FURN-00958,A- DIVINE CHAIRS PRICELIST W-O LOGO,EXECUTIVE PRICELIST.pdf,executive,16,13,,₹500,500,text_regex,: 13500/-
FURN-00959,A- DIVINE CHAIRS PRICELIST W-O LOGO,EXECUTIVE PRICELIST.pdf,executive,16,12,,₹500,500,text_regex,: 12500/-
FURN-00960,A- DIVINE CHAIRS PRICELIST W-O LOGO,EXECUTIVE PRICELIST.pdf,executive,17,(Ind) 8,,₹800,800,text_regex,(IND) 8800/- | MB : 76
FURN-00961,A- DIVINE CHAIRS PRICELIST W-O LOGO,EXECUTIVE PRICELIST.pdf,executive,17,11,,₹500,500,text_regex,: 11500/-
FURN-00962,A- DIVINE CHAIRS PRICELIST W-O LOGO,EXECUTIVE PRICELIST.pdf,executive,17,10,,₹500,500,text_regex,: 10500/-
FURN-00963,A- DIVINE CHAIRS PRICELIST W-O LOGO,EXECUTIVE PRICELIST.pdf,executive,18,10,,₹500,500,text_regex,: 10500/-
FURN-00964,A- DIVINE CHAIRS PRICELIST W-O LOGO,EXECUTIVE PRICELIST.pdf,executive,18,10,,₹0,0,text_regex,: 10000/-
FURN-00965,A- DIVINE CHAIRS PRICELIST W-O LOGO,EXECUTIVE PRICELIST.pdf,executive,18,10,,₹0,0,text_regex,: 10000/-
FURN-00966,A- DIVINE CHAIRS PRICELIST W-O LOGO,EXECUTIVE PRICELIST.pdf,executive,19,● Glassfled Rylon Backrest With Lumbar Support & Mesh Fabric,• Adjustable / Fixed armrest with PP pad.,₹650,650,ocr,● Glassfled rylon backrest with lumbar support & mesh fabric | • Adjustable / Fixed armrest with PP pad. | ₹650
FURN-00967,A- DIVINE CHAIRS PRICELIST W-O LOGO,EXECUTIVE PRICELIST.pdf,executive,20,Executive,MARQUIS,Price on Request,0,ocr,EXECUTIVE | MARQUIS | Price on Request
FURN-00968,A- DIVINE CHAIRS PRICELIST W-O LOGO,EXECUTIVE PRICELIST.pdf,executive,21,64,,₹0,0,text_regex,: 64000/-
FURN-00969,A- DIVINE CHAIRS PRICELIST W-O LOGO,EXECUTIVE PRICELIST.pdf,executive,21,60,,₹0,0,text_regex,: 60000/-
FURN-00970,A- DIVINE CHAIRS PRICELIST W-O LOGO,EXECUTIVE PRICELIST.pdf,executive,21,56,,₹0,0,text_regex,: 56000/-
FURN-00971,A- DIVINE CHAIRS PRICELIST W-O LOGO,EXECUTIVE PRICELIST.pdf,executive,21,52,,₹0,0,text_regex,: 52000/-
FURN-00972,A- DIVINE CHAIRS PRICELIST W-O LOGO,EXECUTIVE PRICELIST.pdf,executive,22,63,,₹500,500,text_regex,: 63500/- | MB : 58500/-
FURN-00973,A- DIVINE CHAIRS PRICELIST W-O LOGO,EXECUTIVE PRICELIST.pdf,executive,22,51,,₹0,0,text_regex,: 51000/- | MB : 48000/-
FURN-00974,A- DIVINE CHAIRS PRICELIST W-O LOGO,EXECUTIVE PRICELIST.pdf,executive,22,68,,₹0,0,text_regex,: 68000/-
FURN-00975,A- DIVINE CHAIRS PRICELIST W-O LOGO,EXECUTIVE PRICELIST.pdf,executive,22,40,,₹0,0,text_regex,: 40000/-
FURN-00976,A- DIVINE CHAIRS PRICELIST W-O LOGO,EXECUTIVE PRICELIST.pdf,executive,23,75,,₹0,0,text_regex,: 75000/- | MB : 72000/-
FURN-00977,A- DIVINE CHAIRS PRICELIST W-O LOGO,EXECUTIVE PRICELIST.pdf,executive,23,55,,₹0,0,text_regex,: 55000/- | MB : 50000/-
FURN-00978,A- DIVINE CHAIRS PRICELIST W-O LOGO,EXECUTIVE PRICELIST.pdf,executive,23,41,,₹0,0,text_regex,: 41000/- |MB : 39000/-
FURN-00979,A- DIVINE CHAIRS PRICELIST W-O LOGO,EXECUTIVE PRICELIST.pdf,executive,23,59,,₹0,0,text_regex,: 59000/- | MB : 57000/-
FURN-00980,A- DIVINE CHAIRS PRICELIST W-O LOGO,EXECUTIVE PRICELIST.pdf,executive,24,26,,₹0,0,text_regex,: 26000/-
FURN-00981,A- DIVINE CHAIRS PRICELIST W-O LOGO,EXECUTIVE PRICELIST.pdf,executive,24,24,,₹0,0,text_regex,: 24000/-
FURN-00982,A- DIVINE CHAIRS PRICELIST W-O LOGO,EXECUTIVE PRICELIST.pdf,executive,24,28,,₹0,0,text_regex,: 28000/-
FURN-00983,A- DIVINE CHAIRS PRICELIST W-O LOGO,EXECUTIVE PRICELIST.pdf,executive,24,26,,₹0,0,text_regex,: 26000/-
FURN-00984,A- DIVINE CHAIRS PRICELIST W-O LOGO,EXECUTIVE PRICELIST.pdf,executive,25,95,,₹0,0,text_regex,: 95000/-
FURN-00985,A- DIVINE CHAIRS PRICELIST W-O LOGO,EXECUTIVE PRICELIST.pdf,executive,25,85,,₹0,0,text_regex,: 85000/-
FURN-00986,A- DIVINE CHAIRS PRICELIST W-O LOGO,EXECUTIVE PRICELIST.pdf,executive,25,80,,₹0,0,text_regex,: 80000/-
FURN-00987,A- DIVINE CHAIRS PRICELIST W-O LOGO,EXECUTIVE PRICELIST.pdf,executive,25,76,,₹0,0,text_regex,: 76000/-
FURN-00988,A- DIVINE CHAIRS PRICELIST W-O LOGO,EXECUTIVE PRICELIST.pdf,executive,26,28,,₹0,0,text_regex,: 28000/-
FURN-00989,A- DIVINE CHAIRS PRICELIST W-O LOGO,EXECUTIVE PRICELIST.pdf,executive,26,(Imp),,₹280,280,text_regex,(IMP) 280
FURN-00990,A- DIVINE CHAIRS PRICELIST W-O LOGO,EXECUTIVE PRICELIST.pdf,executive,27,32,,₹500,500,text_regex,: 32500/-
FURN-00991,A- DIVINE CHAIRS PRICELIST W-O LOGO,EXECUTIVE PRICELIST.pdf,executive,27,30,,₹500,500,text_regex,: 30500/-
FURN-00992,A- DIVINE CHAIRS PRICELIST W-O LOGO,EXECUTIVE PRICELIST.pdf,executive,27,34,,₹0,0,text_regex,: 34000/-
FURN-00993,A- DIVINE CHAIRS PRICELIST W-O LOGO,EXECUTIVE PRICELIST.pdf,executive,27,32,,₹0,0,text_regex,: 32000/-
FURN-00994,A- DIVINE CHAIRS PRICELIST W-O LOGO,EXECUTIVE PRICELIST.pdf,executive,28,28,,₹0,0,text_regex,: 28000/-
FURN-00995,A- DIVINE CHAIRS PRICELIST W-O LOGO,EXECUTIVE PRICELIST.pdf,executive,28,26,,₹500,500,text_regex,: 26500/-
FURN-00996,A- DIVINE CHAIRS PRICELIST W-O LOGO,EXECUTIVE PRICELIST.pdf,executive,28,32,,₹0,0,text_regex,: 32000/-
FURN-00997,A- DIVINE CHAIRS PRICELIST W-O LOGO,EXECUTIVE PRICELIST.pdf,executive,28,30,,₹0,0,text_regex,: 30000/-
FURN-00998,A- DIVINE CHAIRS PRICELIST W-O LOGO,EXECUTIVE PRICELIST.pdf,executive,29,33,,₹0,0,text_regex,: 33000/-
FURN-00999,A- DIVINE CHAIRS PRICELIST W-O LOGO,EXECUTIVE PRICELIST.pdf,executive,29,32,,₹0,0,text_regex,: 32000/-
FURN-01000,A- DIVINE CHAIRS PRICELIST W-O LOGO,EXECUTIVE PRICELIST.pdf,executive,29,34,,₹500,500,text_regex,: 34500/-
FURN-01001,A- DIVINE CHAIRS PRICELIST W-O LOGO,EXECUTIVE PRICELIST.pdf,executive,29,32,,₹0,0,text_regex,: 32000/-
FURN-01002,A- DIVINE CHAIRS PRICELIST W-O LOGO,EXECUTIVE PRICELIST.pdf,executive,30,64,,₹0,0,text_regex,: 64000/-
FURN-01003,A- DIVINE CHAIRS PRICELIST W-O LOGO,EXECUTIVE PRICELIST.pdf,executive,30,61,,₹0,0,text_regex,: 61000/-
FURN-01004,A- DIVINE CHAIRS PRICELIST W-O LOGO,EXECUTIVE PRICELIST.pdf,executive,30,75,,₹0,0,text_regex,: 75000/-
FURN-01005,A- DIVINE CHAIRS PRICELIST W-O LOGO,EXECUTIVE PRICELIST.pdf,executive,30,55,,₹0,0,text_regex,: 55000/-
FURN-01006,A- DIVINE CHAIRS PRICELIST W-O LOGO,EXECUTIVE PRICELIST.pdf,executive,31,128,,₹0,0,text_regex,: 128000/-
FURN-01007,A- DIVINE CHAIRS PRICELIST W-O LOGO,EXECUTIVE PRICELIST.pdf,executive,31,120,,₹0,0,text_regex,: 120000/-
FURN-01008,A- DIVINE CHAIRS PRICELIST W-O LOGO,EXECUTIVE PRICELIST.pdf,executive,31,32,,₹0,0,text_regex,: 32000/-
FURN-01009,A- DIVINE CHAIRS PRICELIST W-O LOGO,EXECUTIVE PRICELIST.pdf,executive,31,31,,₹0,0,text_regex,: 31000/-
FURN-01010,A- DIVINE CHAIRS PRICELIST W-O LOGO,EXECUTIVE PRICELIST.pdf,executive,32,31,,₹0,0,text_regex,: 31000/-
FURN-01011,A- DIVINE CHAIRS PRICELIST W-O LOGO,EXECUTIVE PRICELIST.pdf,executive,32,28,,₹500,500,text_regex,: 28500/-
FURN-01012,A- DIVINE CHAIRS PRICELIST W-O LOGO,EXECUTIVE PRICELIST.pdf,executive,32,26,,₹0,0,text_regex,: 26000/-
FURN-01013,A- DIVINE CHAIRS PRICELIST W-O LOGO,EXECUTIVE PRICELIST.pdf,executive,32,24,,₹0,0,text_regex,: 24000/-
FURN-01014,A- DIVINE CHAIRS PRICELIST W-O LOGO,EXECUTIVE PRICELIST.pdf,executive,33,20,,₹0,0,text_regex,: 20000/-
FURN-01015,A- DIVINE CHAIRS PRICELIST W-O LOGO,EXECUTIVE PRICELIST.pdf,executive,33,19,,₹0,0,text_regex,: 19000/-
FURN-01016,A- DIVINE CHAIRS PRICELIST W-O LOGO,EXECUTIVE PRICELIST.pdf,executive,33,38,,₹500,500,text_regex,: 38500/-
FURN-01017,A- DIVINE CHAIRS PRICELIST W-O LOGO,EXECUTIVE PRICELIST.pdf,executive,33,37,,₹500,500,text_regex,: 37500/-
FURN-01018,A- DIVINE CHAIRS PRICELIST W-O LOGO,EXECUTIVE PRICELIST.pdf,executive,34,17,,₹500,500,text_regex,: 17500/-
FURN-01019,A- DIVINE CHAIRS PRICELIST W-O LOGO,EXECUTIVE PRICELIST.pdf,executive,34,17,,₹0,0,text_regex,: 17000/-
FURN-01020,A- DIVINE CHAIRS PRICELIST W-O LOGO,EXECUTIVE PRICELIST.pdf,executive,34,17,,₹500,500,text_regex,: 17500/-
FURN-01021,A- DIVINE CHAIRS PRICELIST W-O LOGO,EXECUTIVE PRICELIST.pdf,executive,34,17,,₹0,0,text_regex,: 17000/-
FURN-01022,A- DIVINE CHAIRS PRICELIST W-O LOGO,EXECUTIVE PRICELIST.pdf,executive,35,14,,₹0,0,text_regex,: 14000/-
FURN-01023,A- DIVINE CHAIRS PRICELIST W-O LOGO,EXECUTIVE PRICELIST.pdf,executive,35,13,,₹0,0,text_regex,: 13000/-
FURN-01024,A- DIVINE CHAIRS PRICELIST W-O LOGO,EXECUTIVE PRICELIST.pdf,executive,35,25,,₹500,500,text_regex,: 25500/-
FURN-01025,A- DIVINE CHAIRS PRICELIST W-O LOGO,EXECUTIVE PRICELIST.pdf,executive,35,24,,₹500,500,text_regex,: 24500/-
FURN-01026,A- DIVINE CHAIRS PRICELIST W-O LOGO,EXECUTIVE PRICELIST.pdf,executive,36,My Chair My Pride,All Prices are Ex-Warehouse,Price on Request,0,ocr,MY CHAIR MY PRIDE | All Prices are Ex-Warehouse | Price on Request
FURN-01027,A- DIVINE CHAIRS PRICELIST W-O LOGO,PRINCE PRICELIST WL .pdf,prince,1,Prince,,"₹2,026",2026,ocr,"PRINCE |  | ₹2,026"
FURN-01028,A- DIVINE CHAIRS PRICELIST W-O LOGO,PRINCE PRICELIST WL .pdf,prince,2,Quartz,,"₹34,000",34000,text_regex,QUARTZ : 34000/-
FURN-01029,A- DIVINE CHAIRS PRICELIST W-O LOGO,PRINCE PRICELIST WL .pdf,prince,2,Fabric(,,₹500,500,text_regex,FABRIC(500 Per Mtr)
FURN-01030,A- DIVINE CHAIRS PRICELIST W-O LOGO,PRINCE PRICELIST WL .pdf,prince,2,Pebble,,"₹29,000",29000,text_regex,PEBBLE : 29000/-
FURN-01031,A- DIVINE CHAIRS PRICELIST W-O LOGO,PRINCE PRICELIST WL .pdf,prince,2,Fabric(,,₹500,500,text_regex,FABRIC(500 Per Mtr)
FURN-01032,A- DIVINE CHAIRS PRICELIST W-O LOGO,PRINCE PRICELIST WL .pdf,prince,2,Cassina - 25,,₹0,0,text_regex,CASSINA - 25000/-
FURN-01033,A- DIVINE CHAIRS PRICELIST W-O LOGO,PRINCE PRICELIST WL .pdf,prince,2,Fabric(,,₹500,500,text_regex,FABRIC(500 Per Mtr)
FURN-01034,A- DIVINE CHAIRS PRICELIST W-O LOGO,PRINCE PRICELIST WL .pdf,prince,3,Osaka - 32,,₹0,0,text_regex,OSAKA - 32000/-
FURN-01035,A- DIVINE CHAIRS PRICELIST W-O LOGO,PRINCE PRICELIST WL .pdf,prince,3,Fabric(,,₹500,500,text_regex,FABRIC(500 Per Mtr)
FURN-01036,A- DIVINE CHAIRS PRICELIST W-O LOGO,PRINCE PRICELIST WL .pdf,prince,3,Lancer,,"₹41,000",41000,text_regex,LANCER : 41000/-
FURN-01037,A- DIVINE CHAIRS PRICELIST W-O LOGO,PRINCE PRICELIST WL .pdf,prince,3,Fabric(,,₹500,500,text_regex,FABRIC(500 Per Mtr)
FURN-01038,A- DIVINE CHAIRS PRICELIST W-O LOGO,PRINCE PRICELIST WL .pdf,prince,3,Soho,,"₹42,000",42000,text_regex,SOHO : 42000/-
FURN-01039,A- DIVINE CHAIRS PRICELIST W-O LOGO,PRINCE PRICELIST WL .pdf,prince,3,Fabric(,,₹500,500,text_regex,FABRIC(500 Per Mtr)
FURN-01040,A- DIVINE CHAIRS PRICELIST W-O LOGO,PRINCE PRICELIST WL .pdf,prince,4,Marina,,"₹28,000",28000,text_regex,MARINA : 28000/-
FURN-01041,A- DIVINE CHAIRS PRICELIST W-O LOGO,PRINCE PRICELIST WL .pdf,prince,4,Fabric(,,₹500,500,text_regex,FABRIC(500 Per Mtr)
FURN-01042,A- DIVINE CHAIRS PRICELIST W-O LOGO,PRINCE PRICELIST WL .pdf,prince,4,Allure,,"₹28,000",28000,text_regex,ALLURE : 28000/-
FURN-01043,A- DIVINE CHAIRS PRICELIST W-O LOGO,PRINCE PRICELIST WL .pdf,prince,4,Fabric(,,₹500,500,text_regex,FABRIC(500 Per Mtr)
FURN-01044,A- DIVINE CHAIRS PRICELIST W-O LOGO,PRINCE PRICELIST WL .pdf,prince,4,Tiago,,"₹32,000",32000,text_regex,TIAGO : 32000/-
FURN-01045,A- DIVINE CHAIRS PRICELIST W-O LOGO,PRINCE PRICELIST WL .pdf,prince,4,Fabric(,,₹500,500,text_regex,FABRIC(500 Per Mtr)
FURN-01046,A- DIVINE CHAIRS PRICELIST W-O LOGO,PRINCE PRICELIST WL .pdf,prince,5,Zara,,"₹40,000",40000,text_regex,ZARA : 40000/-
FURN-01047,A- DIVINE CHAIRS PRICELIST W-O LOGO,PRINCE PRICELIST WL .pdf,prince,5,Fabric(,,₹500,500,text_regex,FABRIC(500 Per Mtr)
FURN-01048,A- DIVINE CHAIRS PRICELIST W-O LOGO,PRINCE PRICELIST WL .pdf,prince,5,Zara W/O Arms,,"₹37,000",37000,text_regex,ZARA W/O ARMS : 37000/-
FURN-01049,A- DIVINE CHAIRS PRICELIST W-O LOGO,PRINCE PRICELIST WL .pdf,prince,5,Fabric(,,₹500,500,text_regex,FABRIC(500 Per Mtr)
FURN-01050,A- DIVINE CHAIRS PRICELIST W-O LOGO,PRINCE PRICELIST WL .pdf,prince,5,Symphony,,"₹30,000",30000,text_regex,SYMPHONY : 30000/-
FURN-01051,A- DIVINE CHAIRS PRICELIST W-O LOGO,PRINCE PRICELIST WL .pdf,prince,5,Fabric(,,₹500,500,text_regex,FABRIC(500 Per Mtr)
FURN-01052,A- DIVINE CHAIRS PRICELIST W-O LOGO,PRINCE PRICELIST WL .pdf,prince,6,Antonia,,"₹26,000",26000,text_regex,ANTONIA : 26000/-
FURN-01053,A- DIVINE CHAIRS PRICELIST W-O LOGO,PRINCE PRICELIST WL .pdf,prince,6,Fabric(,,₹500,500,text_regex,FABRIC(500 Per Mtr)
FURN-01054,A- DIVINE CHAIRS PRICELIST W-O LOGO,PRINCE PRICELIST WL .pdf,prince,6,Scorpio,,"₹27,000",27000,text_regex,SCORPIO : 27000/-
FURN-01055,A- DIVINE CHAIRS PRICELIST W-O LOGO,PRINCE PRICELIST WL .pdf,prince,6,Fabric(,,₹500,500,text_regex,FABRIC(500 Per Mtr)
FURN-01056,A- DIVINE CHAIRS PRICELIST W-O LOGO,PRINCE PRICELIST WL .pdf,prince,6,Avita,,"₹32,000",32000,text_regex,AVITA : 32000/-
FURN-01057,A- DIVINE CHAIRS PRICELIST W-O LOGO,PRINCE PRICELIST WL .pdf,prince,6,Fabric(,,₹500,500,text_regex,FABRIC(500 Per Mtr)
FURN-01058,A- DIVINE CHAIRS PRICELIST W-O LOGO,PRINCE PRICELIST WL .pdf,prince,7,Meraki,,"₹30,000",30000,text_regex,MERAKI : 30000/-
FURN-01059,A- DIVINE CHAIRS PRICELIST W-O LOGO,PRINCE PRICELIST WL .pdf,prince,7,Fabric(,,₹500,500,text_regex,FABRIC(500 Per Mtr)
FURN-01060,A- DIVINE CHAIRS PRICELIST W-O LOGO,PRINCE PRICELIST WL .pdf,prince,7,Crafty,,"₹32,000",32000,text_regex,CRAFTY : 32000/-
FURN-01061,A- DIVINE CHAIRS PRICELIST W-O LOGO,PRINCE PRICELIST WL .pdf,prince,7,Fabric(,,₹500,500,text_regex,FABRIC(500 Per Mtr)
FURN-01062,A- DIVINE CHAIRS PRICELIST W-O LOGO,PRINCE PRICELIST WL .pdf,prince,7,Azzurra,,"₹22,000",22000,text_regex,AZZURRA : 22000/-
FURN-01063,A- DIVINE CHAIRS PRICELIST W-O LOGO,PRINCE PRICELIST WL .pdf,prince,7,Fabric(,,₹500,500,text_regex,FABRIC(500 Per Mtr)
FURN-01064,A- DIVINE CHAIRS PRICELIST W-O LOGO,PRINCE PRICELIST WL .pdf,prince,8,Ethan,,"₹28,000",28000,text_regex,ETHAN : 28000/-
FURN-01065,A- DIVINE CHAIRS PRICELIST W-O LOGO,PRINCE PRICELIST WL .pdf,prince,8,Fabric(,,₹500,500,text_regex,FABRIC(500 Per Mtr)
FURN-01066,A- DIVINE CHAIRS PRICELIST W-O LOGO,PRINCE PRICELIST WL .pdf,prince,8,Finista,,"₹28,000",28000,text_regex,FINISTA : 28000/-
FURN-01067,A- DIVINE CHAIRS PRICELIST W-O LOGO,PRINCE PRICELIST WL .pdf,prince,8,Fabric(,,₹500,500,text_regex,FABRIC(500 Per Mtr)
FURN-01068,A- DIVINE CHAIRS PRICELIST W-O LOGO,PRINCE PRICELIST WL .pdf,prince,8,Temple,,"₹17,000",17000,text_regex,TEMPLE : 17000/-
FURN-01069,A- DIVINE CHAIRS PRICELIST W-O LOGO,PRINCE PRICELIST WL .pdf,prince,8,Fabric(,,₹500,500,text_regex,FABRIC(500 Per Mtr)
FURN-01070,A- DIVINE CHAIRS PRICELIST W-O LOGO,PRINCE PRICELIST WL .pdf,prince,9,Oxy,,"₹32,000",32000,text_regex,OXY : 32000/-
FURN-01071,A- DIVINE CHAIRS PRICELIST W-O LOGO,PRINCE PRICELIST WL .pdf,prince,9,Fabric(,,₹500,500,text_regex,FABRIC(500 Per Mtr)
FURN-01072,A- DIVINE CHAIRS PRICELIST W-O LOGO,PRINCE PRICELIST WL .pdf,prince,9,June,,"₹35,000",35000,text_regex,JUNE : 35000/-
FURN-01073,A- DIVINE CHAIRS PRICELIST W-O LOGO,PRINCE PRICELIST WL .pdf,prince,9,Fabric(,,₹500,500,text_regex,FABRIC(500 Per Mtr)
FURN-01074,A- DIVINE CHAIRS PRICELIST W-O LOGO,PRINCE PRICELIST WL .pdf,prince,9,Rolf - 24,,₹0,0,text_regex,ROLF - 24000/-
FURN-01075,A- DIVINE CHAIRS PRICELIST W-O LOGO,PRINCE PRICELIST WL .pdf,prince,9,Fabric(,,₹500,500,text_regex,FABRIC(500 Per Mtr)
FURN-01076,A- DIVINE CHAIRS PRICELIST W-O LOGO,PRINCE PRICELIST WL .pdf,prince,10,Maharaja,,"₹32,000",32000,text_regex,MAHARAJA : 32000/-
FURN-01077,A- DIVINE CHAIRS PRICELIST W-O LOGO,PRINCE PRICELIST WL .pdf,prince,10,Fabric(,,₹500,500,text_regex,FABRIC(500 Per Mtr)
FURN-01078,A- DIVINE CHAIRS PRICELIST W-O LOGO,PRINCE PRICELIST WL .pdf,prince,10,Mackanzy,,"₹29,000",29000,text_regex,MACKANZY : 29000/-
FURN-01079,A- DIVINE CHAIRS PRICELIST W-O LOGO,PRINCE PRICELIST WL .pdf,prince,10,Fabric(,,₹500,500,text_regex,FABRIC(500 Per Mtr)
FURN-01080,A- DIVINE CHAIRS PRICELIST W-O LOGO,PRINCE PRICELIST WL .pdf,prince,10,Mustang,,"₹29,000",29000,text_regex,MUSTANG : 29000/-
FURN-01081,A- DIVINE CHAIRS PRICELIST W-O LOGO,PRINCE PRICELIST WL .pdf,prince,10,Fabric(,,₹500,500,text_regex,FABRIC(500 Per Mtr)
FURN-01082,A- DIVINE CHAIRS PRICELIST W-O LOGO,PRINCE PRICELIST WL .pdf,prince,11,My Chair My Pride,All PricesareEx-Warehouse,Price on Request,0,ocr,MY CHAIR MY PRIDE | All PricesareEx-Warehouse | Price on Request
FURN-01083,A- DIVINE CHAIRS PRICELIST W-O LOGO,PUFFY PRICELIST WL .pdf,puffy,1,Puffy,ALBERT,"₹2,026",2026,ocr,"PUFFY | ALBERT | ₹2,026"
FURN-01084,A- DIVINE CHAIRS PRICELIST W-O LOGO,PUFFY PRICELIST WL .pdf,puffy,2,Eva,,"₹5,500",5500,text_regex,EVA : 5500/-
FURN-01085,A- DIVINE CHAIRS PRICELIST W-O LOGO,PUFFY PRICELIST WL .pdf,puffy,2,Capsul,,"₹5,500",5500,text_regex,CAPSUL : 5500/-
FURN-01086,A- DIVINE CHAIRS PRICELIST W-O LOGO,PUFFY PRICELIST WL .pdf,puffy,2,Reno,,"₹6,500",6500,text_regex,RENO : 6500/-
FURN-01087,A- DIVINE CHAIRS PRICELIST W-O LOGO,PUFFY PRICELIST WL .pdf,puffy,2,Astro,,"₹6,500",6500,text_regex,ASTRO : 6500/-
FURN-01088,A- DIVINE CHAIRS PRICELIST W-O LOGO,PUFFY PRICELIST WL .pdf,puffy,2,Gold,,"₹6,250",6250,text_regex,GOLD : 6250/-
FURN-01089,A- DIVINE CHAIRS PRICELIST W-O LOGO,PUFFY PRICELIST WL .pdf,puffy,2,Opal,,"₹8,000",8000,text_regex,OPAL : 8000/-
FURN-01090,A- DIVINE CHAIRS PRICELIST W-O LOGO,PUFFY PRICELIST WL .pdf,puffy,3,Merry,,"₹8,000",8000,text_regex,MERRY : 8000/-
FURN-01091,A- DIVINE CHAIRS PRICELIST W-O LOGO,PUFFY PRICELIST WL .pdf,puffy,3,Torry,,"₹7,000",7000,text_regex,TORRY : 7000/-
FURN-01092,A- DIVINE CHAIRS PRICELIST W-O LOGO,PUFFY PRICELIST WL .pdf,puffy,3,Dior - 8,,₹250,250,text_regex,DIOR - 8250/-
FURN-01093,A- DIVINE CHAIRS PRICELIST W-O LOGO,PUFFY PRICELIST WL .pdf,puffy,3,Libra,,"₹12,500",12500,text_regex,LIBRA : 12500/-
FURN-01094,A- DIVINE CHAIRS PRICELIST W-O LOGO,PUFFY PRICELIST WL .pdf,puffy,3,Vitro,,"₹10,250",10250,text_regex,VITRO : 10250/-
FURN-01095,A- DIVINE CHAIRS PRICELIST W-O LOGO,PUFFY PRICELIST WL .pdf,puffy,3,Bloomington,,"₹5,750",5750,text_regex,BLOOMINGTON : 5750/-
FURN-01096,A- DIVINE CHAIRS PRICELIST W-O LOGO,PUFFY PRICELIST WL .pdf,puffy,4,Flow,,"₹5,750",5750,text_regex,FLOW : 5750/-
FURN-01097,A- DIVINE CHAIRS PRICELIST W-O LOGO,PUFFY PRICELIST WL .pdf,puffy,4,Moon,,"₹6,750",6750,text_regex,MOON : 6750/-
FURN-01098,A- DIVINE CHAIRS PRICELIST W-O LOGO,PUFFY PRICELIST WL .pdf,puffy,4,Albert,,"₹6,500",6500,text_regex,ALBERT : 6500/-
FURN-01099,A- DIVINE CHAIRS PRICELIST W-O LOGO,PUFFY PRICELIST WL .pdf,puffy,4,Kenzi,,"₹11,000",11000,text_regex,KENZI : 11000/-
FURN-01100,A- DIVINE CHAIRS PRICELIST W-O LOGO,PUFFY PRICELIST WL .pdf,puffy,4,Mushroom,,"₹6,000",6000,text_regex,MUSHROOM : 6000/-
FURN-01101,A- DIVINE CHAIRS PRICELIST W-O LOGO,PUFFY PRICELIST WL .pdf,puffy,4,Zoya,,"₹7,500",7500,text_regex,ZOYA : 7500/-
FURN-01102,A- DIVINE CHAIRS PRICELIST W-O LOGO,PUFFY PRICELIST WL .pdf,puffy,5,Drift,,"₹6,500",6500,text_regex,DRIFT : 6500/-
FURN-01103,A- DIVINE CHAIRS PRICELIST W-O LOGO,PUFFY PRICELIST WL .pdf,puffy,5,Snug,,"₹10,000",10000,text_regex,SNUG : 10000/-
FURN-01104,A- DIVINE CHAIRS PRICELIST W-O LOGO,PUFFY PRICELIST WL .pdf,puffy,5,Vibe,,"₹9,000",9000,text_regex,VIBE : 9000/-
FURN-01105,A- DIVINE CHAIRS PRICELIST W-O LOGO,PUFFY PRICELIST WL .pdf,puffy,5,Bolt,,"₹9,000",9000,text_regex,BOLT : 9000/-
FURN-01106,A- DIVINE CHAIRS PRICELIST W-O LOGO,PUFFY PRICELIST WL .pdf,puffy,5,Lume,,"₹7,000",7000,text_regex,LUME : 7000/-
FURN-01107,A- DIVINE CHAIRS PRICELIST W-O LOGO,PUFFY PRICELIST WL .pdf,puffy,5,Hush,,"₹6,250",6250,text_regex,HUSH : 6250/-
FURN-01108,A- DIVINE CHAIRS PRICELIST W-O LOGO,PUFFY PRICELIST WL .pdf,puffy,6,Louis,,"₹11,000",11000,text_regex,LOUIS : 11000/-
FURN-01109,A- DIVINE CHAIRS PRICELIST W-O LOGO,PUFFY PRICELIST WL .pdf,puffy,6,Drum,,"₹14,000",14000,text_regex,DRUM : 14000/-
FURN-01110,A- DIVINE CHAIRS PRICELIST W-O LOGO,PUFFY PRICELIST WL .pdf,puffy,6,Novel - 14,,₹0,0,text_regex,NOVEL - 14000/-
FURN-01111,A- DIVINE CHAIRS PRICELIST W-O LOGO,PUFFY PRICELIST WL .pdf,puffy,6,Majesty,,"₹14,000",14000,text_regex,MAJESTY : 14000/-
FURN-01112,A- DIVINE CHAIRS PRICELIST W-O LOGO,PUFFY PRICELIST WL .pdf,puffy,7,Bruno (Imp),,"₹15,000",15000,text_regex,BRUNO (IMP) : 15000/-
FURN-01113,A- DIVINE CHAIRS PRICELIST W-O LOGO,PUFFY PRICELIST WL .pdf,puffy,8,My Chair My Pride,All Prices are Ex-Warehouse,Price on Request,0,ocr,MY CHAIR MY PRIDE | All Prices are Ex-Warehouse | Price on Request
FURN-01114,A- DIVINE CHAIRS PRICELIST W-O LOGO,SOFA PRICELIST WL - AUG 26.pdf,sofa,1,Sofa,,"₹2,026",2026,ocr,"SOFA |  | ₹2,026"
FURN-01115,A- DIVINE CHAIRS PRICELIST W-O LOGO,SOFA PRICELIST WL - AUG 26.pdf,sofa,2,Canvas,Artful comfort.,"₹92,000",92000,ocr,"Canvas | Artful comfort. | ₹92,000"
FURN-01116,A- DIVINE CHAIRS PRICELIST W-O LOGO,SOFA PRICELIST WL - AUG 26.pdf,sofa,3,Vegas,Timeless design.,"₹92,000",92000,ocr,"VEGAS | Timeless design. | ₹92,000"
FURN-01117,A- DIVINE CHAIRS PRICELIST W-O LOGO,SOFA PRICELIST WL - AUG 26.pdf,sofa,4,Flame,SOFA,"₹82,000",82000,ocr,"FLAME | SOFA | ₹82,000"
FURN-01118,A- DIVINE CHAIRS PRICELIST W-O LOGO,SOFA PRICELIST WL - AUG 26.pdf,sofa,5,Lopez,Curves that welcome.,"₹62,000",62000,ocr,"LOPEZ | Curves that welcome. | ₹62,000"
FURN-01119,A- DIVINE CHAIRS PRICELIST W-O LOGO,SOFA PRICELIST WL - AUG 26.pdf,sofa,6,Montana,Craftedwithwood.,"₹72,000",72000,ocr,"MONTANA | Craftedwithwood. | ₹72,000"
FURN-01120,A- DIVINE CHAIRS PRICELIST W-O LOGO,SOFA PRICELIST WL - AUG 26.pdf,sofa,7,Arcus,Timeless design.,"₹64,000",64000,ocr,"ARCUS | Timeless design. | ₹64,000"
FURN-01121,A- DIVINE CHAIRS PRICELIST W-O LOGO,SOFA PRICELIST WL - AUG 26.pdf,sofa,8,Zara,Timeless design.,"₹84,000",84000,ocr,"ZARA | Timeless design. | ₹84,000"
FURN-01122,A- DIVINE CHAIRS PRICELIST W-O LOGO,SOFA PRICELIST WL - AUG 26.pdf,sofa,9,Liberty,WOODEN,"₹98,000",98000,ocr,"LIBERTY | WOODEN | ₹98,000"
FURN-01123,A- DIVINE CHAIRS PRICELIST W-O LOGO,SOFA PRICELIST WL - AUG 26.pdf,sofa,10,Liberty,GOLD,"₹98,000",98000,ocr,"LIBERTY | GOLD | ₹98,000"
FURN-01124,A- DIVINE CHAIRS PRICELIST W-O LOGO,SOFA PRICELIST WL - AUG 26.pdf,sofa,11,Nova,Modern design.,"₹64,500",64500,ocr,"NOVA | Modern design. | ₹64,500"
FURN-01125,A- DIVINE CHAIRS PRICELIST W-O LOGO,SOFA PRICELIST WL - AUG 26.pdf,sofa,12,Curve,WHERE COMFORT,"₹680,001",680001,ocr,"CURVE | WHERE COMFORT | ₹680,001"
FURN-01126,A- DIVINE CHAIRS PRICELIST W-O LOGO,SOFA PRICELIST WL - AUG 26.pdf,sofa,13,Meridian,Sophisticated Comfort.,"₹82,000",82000,ocr,"MERIDIAN | Sophisticated Comfort. | ₹82,000"
FURN-01127,A- DIVINE CHAIRS PRICELIST W-O LOGO,SOFA PRICELIST WL - AUG 26.pdf,sofa,14,Tiara,Timeless Design.,"₹68,000",68000,ocr,"TIARA | Timeless Design. | ₹68,000"
FURN-01128,A- DIVINE CHAIRS PRICELIST W-O LOGO,SOFA PRICELIST WL - AUG 26.pdf,sofa,15,Fortune,Refined comfort.,"₹62,000",62000,ocr,"Fortune | Refined comfort. | ₹62,000"
FURN-01129,A- DIVINE CHAIRS PRICELIST W-O LOGO,SOFA PRICELIST WL - AUG 26.pdf,sofa,16,Chester,Timeless Elegance.,"₹65,000",65000,ocr,"CHESTER | Timeless Elegance. | ₹65,000"
FURN-01130,A- DIVINE CHAIRS PRICELIST W-O LOGO,SOFA PRICELIST WL - AUG 26.pdf,sofa,17,New Vogue,Refined Comfort.,"₹58,000",58000,ocr,"NEW VOGUE | Refined Comfort. | ₹58,000"
FURN-01131,A- DIVINE CHAIRS PRICELIST W-O LOGO,SOFA PRICELIST WL - AUG 26.pdf,sofa,18,Heritage,"Timeless elegance, crafted for heritage living.","₹65,000",65000,ocr,"HERITAGE | Timeless elegance, crafted for heritage living. | ₹65,000"
FURN-01132,A- DIVINE CHAIRS PRICELIST W-O LOGO,SOFA PRICELIST WL - AUG 26.pdf,sofa,19,Zurich,Timeless design.,"₹98,000",98000,ocr,"ZURICH | Timeless design. | ₹98,000"
FURN-01133,A- DIVINE CHAIRS PRICELIST W-O LOGO,SOFA PRICELIST WL - AUG 26.pdf,sofa,20,Glamour,Sophistication in every curve.,"₹65,000",65000,ocr,"Glamour | Sophistication in every curve. | ₹65,000"
FURN-01134,A- DIVINE CHAIRS PRICELIST W-O LOGO,SOFA PRICELIST WL - AUG 26.pdf,sofa,21,Florance,Timeless Design.,"₹54,000",54000,ocr,"FLORANCE | Timeless Design. | ₹54,000"
FURN-01135,A- DIVINE CHAIRS PRICELIST W-O LOGO,SOFA PRICELIST WL - AUG 26.pdf,sofa,22,Imperial,Clean lines.,"₹68,000",68000,ocr,"Imperial | Clean lines. | ₹68,000"
FURN-01136,A- DIVINE CHAIRS PRICELIST W-O LOGO,SOFA PRICELIST WL - AUG 26.pdf,sofa,23,Tokyo,Timeless design.,"₹51,000",51000,ocr,"TOKYO | Timeless design. | ₹51,000"
FURN-01137,A- DIVINE CHAIRS PRICELIST W-O LOGO,SOFA PRICELIST WL - AUG 26.pdf,sofa,24,Saphire,Designed to inspire.,"₹54,500",54500,ocr,"SAPHIRE | Designed to inspire. | ₹54,500"
FURN-01138,A- DIVINE CHAIRS PRICELIST W-O LOGO,SOFA PRICELIST WL - AUG 26.pdf,sofa,25,Mapple,Modern comfort.,"₹55,500",55500,ocr,"Mapple | Modern comfort. | ₹55,500"
FURN-01139,A- DIVINE CHAIRS PRICELIST W-O LOGO,SOFA PRICELIST WL - AUG 26.pdf,sofa,26,California,Refined comfort.,"₹52,000",52000,ocr,"California | Refined comfort. | ₹52,000"
FURN-01140,A- DIVINE CHAIRS PRICELIST W-O LOGO,SOFA PRICELIST WL - AUG 26.pdf,sofa,27,Oxy,Sophisticated Comfort.,"₹58,000",58000,ocr,"OXY | Sophisticated Comfort. | ₹58,000"
FURN-01141,A- DIVINE CHAIRS PRICELIST W-O LOGO,SOFA PRICELIST WL - AUG 26.pdf,sofa,28,Corbusier,Timeless Design.,"₹63,000",63000,ocr,"CORBUSIER | Timeless Design. | ₹63,000"
FURN-01142,A- DIVINE CHAIRS PRICELIST W-O LOGO,SOFA PRICELIST WL - AUG 26.pdf,sofa,29,Sofa,DREAM,"₹58,000",58000,ocr,"SOFA | DREAM | ₹58,000"
FURN-01143,A- DIVINE CHAIRS PRICELIST W-O LOGO,SOFA PRICELIST WL - AUG 26.pdf,sofa,30,June,Timeless Design.,"₹53,000",53000,ocr,"JUNE | Timeless Design. | ₹53,000"
FURN-01144,A- DIVINE CHAIRS PRICELIST W-O LOGO,SOFA PRICELIST WL - AUG 26.pdf,sofa,31,Kitkat,KITKAT,"₹52,000",52000,ocr,"KitKat | KITKAT | ₹52,000"
FURN-01145,A- DIVINE CHAIRS PRICELIST W-O LOGO,SOFA PRICELIST WL - AUG 26.pdf,sofa,32,Barcelona,Bold design.,"₹74,000",74000,ocr,"BARCELONA | Bold design. | ₹74,000"
FURN-01146,A- DIVINE CHAIRS PRICELIST W-O LOGO,SOFA PRICELIST WL - AUG 26.pdf,sofa,33,Futon,Simplecomfort.Modern living,"₹45,500",45500,ocr,"FUTON | Simplecomfort.Modern living | ₹45,500"
FURN-01147,A- DIVINE CHAIRS PRICELIST W-O LOGO,SOFA PRICELIST WL - AUG 26.pdf,sofa,34,Havoc,Bold by design.,"₹45,500",45500,ocr,"HAVOC | Bold by design. | ₹45,500"
FURN-01148,A- DIVINE CHAIRS PRICELIST W-O LOGO,SOFA PRICELIST WL - AUG 26.pdf,sofa,35,Aero,Elevateyour space.,"₹42,000",42000,ocr,"AERO | Elevateyour space. | ₹42,000"
FURN-01149,A- DIVINE CHAIRS PRICELIST W-O LOGO,SOFA PRICELIST WL - AUG 26.pdf,sofa,36,Crystal,Sophisticated Comfort.,"₹65,000",65000,ocr,"CRYSTAL | Sophisticated Comfort. | ₹65,000"
FURN-01150,A- DIVINE CHAIRS PRICELIST W-O LOGO,SOFA PRICELIST WL - AUG 26.pdf,sofa,37,Nero,Bold by design.,"₹58,000",58000,ocr,"NERO | Bold by design. | ₹58,000"
FURN-01151,A- DIVINE CHAIRS PRICELIST W-O LOGO,SOFA PRICELIST WL - AUG 26.pdf,sofa,38,Benz,Modern design.,"₹56,000",56000,ocr,"BENZ | Modern design. | ₹56,000"
FURN-01152,A- DIVINE CHAIRS PRICELIST W-O LOGO,SOFA PRICELIST WL - AUG 26.pdf,sofa,39,Veronica,Elevate your space.,"₹81,000",81000,ocr,"VERONICA | Elevate your space. | ₹81,000"
FURN-01153,A- DIVINE CHAIRS PRICELIST W-O LOGO,SOFA PRICELIST WL - AUG 26.pdf,sofa,40,Mychairmypride,AllPricesareEx-Warehouse,Price on Request,0,ocr,MYCHAIRMYPRIDE | AllPricesareEx-Warehouse | Price on Request
FURN-01154,A- DIVINE CHAIRS PRICELIST W-O LOGO,WORKSTATION PRICELIST WL .pdf,workstation,1,Workstation,,"₹2,026",2026,ocr,"WORKSTATION |  | ₹2,026"
FURN-01155,A- DIVINE CHAIRS PRICELIST W-O LOGO,WORKSTATION PRICELIST WL .pdf,workstation,2,19,,₹450,450,text_regex,: 19450/-
FURN-01156,A- DIVINE CHAIRS PRICELIST W-O LOGO,WORKSTATION PRICELIST WL .pdf,workstation,2,- 18,,₹500,500,text_regex,- 18500/-
FURN-01157,A- DIVINE CHAIRS PRICELIST W-O LOGO,WORKSTATION PRICELIST WL .pdf,workstation,2,- 34,,₹0,0,text_regex,- 34000/-
FURN-01158,A- DIVINE CHAIRS PRICELIST W-O LOGO,WORKSTATION PRICELIST WL .pdf,workstation,2,13,,₹500,500,text_regex,: 13500/-
FURN-01159,A- DIVINE CHAIRS PRICELIST W-O LOGO,WORKSTATION PRICELIST WL .pdf,workstation,3,12,,₹0,0,text_regex,: 12000/-
FURN-01160,A- DIVINE CHAIRS PRICELIST W-O LOGO,WORKSTATION PRICELIST WL .pdf,workstation,3,- 13,,₹500,500,text_regex,- 13500/-
FURN-01161,A- DIVINE CHAIRS PRICELIST W-O LOGO,WORKSTATION PRICELIST WL .pdf,workstation,3,11,,₹500,500,text_regex,: 11500/-
FURN-01162,A- DIVINE CHAIRS PRICELIST W-O LOGO,WORKSTATION PRICELIST WL .pdf,workstation,3,- 12,,₹500,500,text_regex,- 12500/-
FURN-01163,A- DIVINE CHAIRS PRICELIST W-O LOGO,WORKSTATION PRICELIST WL .pdf,workstation,4,- 14,,₹500,500,text_regex,- 14500/-
FURN-01164,A- DIVINE CHAIRS PRICELIST W-O LOGO,WORKSTATION PRICELIST WL .pdf,workstation,4,- 8,,₹500,500,text_regex,- 8500/-
FURN-01165,A- DIVINE CHAIRS PRICELIST W-O LOGO,WORKSTATION PRICELIST WL .pdf,workstation,4,- 10,,₹0,0,text_regex,- 10000/-
FURN-01166,A- DIVINE CHAIRS PRICELIST W-O LOGO,WORKSTATION PRICELIST WL .pdf,workstation,5,10,,₹0,0,text_regex,: 10000/- | BLACK : 9000/-
FURN-01167,A- DIVINE CHAIRS PRICELIST W-O LOGO,WORKSTATION PRICELIST WL .pdf,workstation,5,13,,₹750,750,text_regex,: 13750/-
FURN-01168,A- DIVINE CHAIRS PRICELIST W-O LOGO,WORKSTATION PRICELIST WL .pdf,workstation,5,14,,₹500,500,text_regex,: 14500/-
FURN-01169,A- DIVINE CHAIRS PRICELIST W-O LOGO,WORKSTATION PRICELIST WL .pdf,workstation,5,Octa,,"₹10,500",10500,text_regex,OCTA : 10500/-
FURN-01170,A- DIVINE CHAIRS PRICELIST W-O LOGO,WORKSTATION PRICELIST WL .pdf,workstation,6,- 8,,₹600,600,text_regex,- 8600/-
FURN-01171,A- DIVINE CHAIRS PRICELIST W-O LOGO,WORKSTATION PRICELIST WL .pdf,workstation,6,- 7,,₹300,300,text_regex,- 7300/-
FURN-01172,A- DIVINE CHAIRS PRICELIST W-O LOGO,WORKSTATION PRICELIST WL .pdf,workstation,6,Eco,,"₹10,000",10000,text_regex,: ECO : 10000/-
FURN-01173,A- DIVINE CHAIRS PRICELIST W-O LOGO,WORKSTATION PRICELIST WL .pdf,workstation,6,Eco,,"₹8,700",8700,text_regex,: ECO : 8700/-
FURN-01174,A- DIVINE CHAIRS PRICELIST W-O LOGO,WORKSTATION PRICELIST WL .pdf,workstation,7,Workstation,Glssflled rylon mesh back with fixed lumbar support &fabric seat.,"₹7,900",7900,ocr,"WORKSTATION | Glssflled rylon mesh back with fixed lumbar support &fabric seat. | ₹7,900"
FURN-01175,A- DIVINE CHAIRS PRICELIST W-O LOGO,WORKSTATION PRICELIST WL .pdf,workstation,8,11,,₹500,500,text_regex,: 11500/-
FURN-01176,A- DIVINE CHAIRS PRICELIST W-O LOGO,WORKSTATION PRICELIST WL .pdf,workstation,9,- 6,,₹400,400,text_regex,- 6400/-
FURN-01177,A- DIVINE CHAIRS PRICELIST W-O LOGO,WORKSTATION PRICELIST WL .pdf,workstation,9,- 6,,₹800,800,text_regex,- 6800/-
FURN-01178,A- DIVINE CHAIRS PRICELIST W-O LOGO,WORKSTATION PRICELIST WL .pdf,workstation,9,- 6,,₹600,600,text_regex,- 6600/-
FURN-01179,A- DIVINE CHAIRS PRICELIST W-O LOGO,WORKSTATION PRICELIST WL .pdf,workstation,9,- 6,,₹200,200,text_regex,- 6200/-
FURN-01180,A- DIVINE CHAIRS PRICELIST W-O LOGO,WORKSTATION PRICELIST WL .pdf,workstation,9,- 6,,₹400,400,text_regex,- 6400/-
FURN-01181,A- DIVINE CHAIRS PRICELIST W-O LOGO,WORKSTATION PRICELIST WL .pdf,workstation,9,- 5,,₹700,700,text_regex,- 5700/-
FURN-01182,A- DIVINE CHAIRS PRICELIST W-O LOGO,WORKSTATION PRICELIST WL .pdf,workstation,10,- 7,,₹800,800,text_regex,- 7800/-
FURN-01183,A- DIVINE CHAIRS PRICELIST W-O LOGO,WORKSTATION PRICELIST WL .pdf,workstation,10,(Black),,"₹7,500",7500,text_regex,(BLACK)  : 7500/-
FURN-01184,A- DIVINE CHAIRS PRICELIST W-O LOGO,WORKSTATION PRICELIST WL .pdf,workstation,10,Grey,,"₹9,200",9200,text_regex,GREY : 9200/-
FURN-01185,A- DIVINE CHAIRS PRICELIST W-O LOGO,WORKSTATION PRICELIST WL .pdf,workstation,11,Alpha Black - 6,,₹500,500,text_regex,ALPHA BLACK - 6500/-
FURN-01186,A- DIVINE CHAIRS PRICELIST W-O LOGO,WORKSTATION PRICELIST WL .pdf,workstation,11,Gamma,,"₹15,500",15500,text_regex,GAMMA : 15500/-
FURN-01187,A- DIVINE CHAIRS PRICELIST W-O LOGO,WORKSTATION PRICELIST WL .pdf,workstation,11,Delta,,"₹7,100",7100,text_regex,DELTA : 7100/-
FURN-01188,A- DIVINE CHAIRS PRICELIST W-O LOGO,WORKSTATION PRICELIST WL .pdf,workstation,11,Alpha Grey,,"₹7,600",7600,text_regex,ALPHA GREY : 7600/-
FURN-01189,A- DIVINE CHAIRS PRICELIST W-O LOGO,WORKSTATION PRICELIST WL .pdf,workstation,12,- 6,,₹800,800,text_regex,- 6800/-
FURN-01190,A- DIVINE CHAIRS PRICELIST W-O LOGO,WORKSTATION PRICELIST WL .pdf,workstation,12,- 7,,₹300,300,text_regex,- 7300/-
FURN-01191,A- DIVINE CHAIRS PRICELIST W-O LOGO,WORKSTATION PRICELIST WL .pdf,workstation,12,- 5,,₹700,700,text_regex,- 5700/-
FURN-01192,A- DIVINE CHAIRS PRICELIST W-O LOGO,WORKSTATION PRICELIST WL .pdf,workstation,12,- 6,,₹300,300,text_regex,- 6300/-
FURN-01193,A- DIVINE CHAIRS PRICELIST W-O LOGO,WORKSTATION PRICELIST WL .pdf,workstation,13,- 7,,₹200,200,text_regex,- 7200/-
FURN-01194,A- DIVINE CHAIRS PRICELIST W-O LOGO,WORKSTATION PRICELIST WL .pdf,workstation,13,- 6,,₹300,300,text_regex,- 6300/-
FURN-01195,A- DIVINE CHAIRS PRICELIST W-O LOGO,WORKSTATION PRICELIST WL .pdf,workstation,13,- 6,,₹900,900,text_regex,- 6900/-
FURN-01196,A- DIVINE CHAIRS PRICELIST W-O LOGO,WORKSTATION PRICELIST WL .pdf,workstation,13,- 6,,₹200,200,text_regex,- 6200/-
FURN-01197,A- DIVINE CHAIRS PRICELIST W-O LOGO,WORKSTATION PRICELIST WL .pdf,workstation,14,- 10,,₹500,500,text_regex,- 10500/-
FURN-01198,A- DIVINE CHAIRS PRICELIST W-O LOGO,WORKSTATION PRICELIST WL .pdf,workstation,14,- 7,,₹900,900,text_regex,- 7900/-
FURN-01199,A- DIVINE CHAIRS PRICELIST W-O LOGO,WORKSTATION PRICELIST WL .pdf,workstation,14,- 7,,₹400,400,text_regex,- 7400/-
FURN-01200,A- DIVINE CHAIRS PRICELIST W-O LOGO,WORKSTATION PRICELIST WL .pdf,workstation,14,- 15,,₹0,0,text_regex,- 15000/-
FURN-01201,A- DIVINE CHAIRS PRICELIST W-O LOGO,WORKSTATION PRICELIST WL .pdf,workstation,15,- 4,,₹100,100,text_regex,- 4100/-
FURN-01202,A- DIVINE CHAIRS PRICELIST W-O LOGO,WORKSTATION PRICELIST WL .pdf,workstation,15,Octa Visitor,,"₹8,500",8500,text_regex,OCTA VISITOR : 8500/-
FURN-01203,A- DIVINE CHAIRS PRICELIST W-O LOGO,WORKSTATION PRICELIST WL .pdf,workstation,16,Grey - 12,,₹0,0,text_regex,GREY - 12000/- | BLACK - 11000/-
FURN-01204,A- DIVINE CHAIRS PRICELIST W-O LOGO,WORKSTATION PRICELIST WL .pdf,workstation,16,- Black,,"₹6,900",6900,text_regex,- BLACK : 6900/- | GREY : 7600/-
FURN-01205,A- DIVINE CHAIRS PRICELIST W-O LOGO,WORKSTATION PRICELIST WL .pdf,workstation,16,- Black,,"₹7,700",7700,text_regex,- BLACK : 7700/- | GREY : 8400/-
FURN-01206,A- DIVINE CHAIRS PRICELIST W-O LOGO,WORKSTATION PRICELIST WL .pdf,workstation,16,- 5,,₹800,800,text_regex,- 5800/-
FURN-01207,A- DIVINE CHAIRS PRICELIST W-O LOGO,WORKSTATION PRICELIST WL .pdf,workstation,16,- 5,,₹600,600,text_regex,- 5600/-
FURN-01208,DIVINE CHAIRS CATALOGUE (W-O PRICE AND W-O LOGO),DINNING SERIES.pdf,dining,2,Dining Chair,SNOW,Price on Request,0,ocr,DINING CHAIR | SNOW | Price on Request
FURN-01209,DIVINE CHAIRS CATALOGUE (W-O PRICE AND W-O LOGO),DINNING SERIES.pdf,dining,3,Dining Chair,MERRY,Price on Request,0,ocr,DINING CHAIR | MERRY | Price on Request
FURN-01210,DIVINE CHAIRS CATALOGUE (W-O PRICE AND W-O LOGO),DINNING SERIES.pdf,dining,4,Dining Chair,COPPER,Price on Request,0,ocr,DINING CHAIR | COPPER | Price on Request
FURN-01211,DIVINE CHAIRS CATALOGUE (W-O PRICE AND W-O LOGO),DINNING SERIES.pdf,dining,5,Dining Chair,DUNE,Price on Request,0,ocr,DINING CHAIR | DUNE | Price on Request
FURN-01212,DIVINE CHAIRS CATALOGUE (W-O PRICE AND W-O LOGO),DINNING SERIES.pdf,dining,6,Dining Chair,LUNA,Price on Request,0,ocr,DINING CHAIR | LUNA | Price on Request
FURN-01213,DIVINE CHAIRS CATALOGUE (W-O PRICE AND W-O LOGO),DINNING SERIES.pdf,dining,7,Dining Chairs,COACH,Price on Request,0,ocr,DINING CHAIRS | COACH | Price on Request
FURN-01214,DIVINE CHAIRS CATALOGUE (W-O PRICE AND W-O LOGO),DINNING SERIES.pdf,dining,8,Dining Chairs,ALTO,Price on Request,0,ocr,DINING CHAIRS | ALTO | Price on Request
FURN-01215,DIVINE CHAIRS CATALOGUE (W-O PRICE AND W-O LOGO),DINNING SERIES.pdf,dining,9,Dining Chairs,BERRY,Price on Request,0,ocr,DINING CHAIRS | BERRY | Price on Request
FURN-01216,DIVINE CHAIRS CATALOGUE (W-O PRICE AND W-O LOGO),DINNING SERIES.pdf,dining,10,Dining Chairs,BLISS,Price on Request,0,ocr,DINING CHAIRS | BLISS | Price on Request
FURN-01217,DIVINE CHAIRS CATALOGUE (W-O PRICE AND W-O LOGO),DINNING SERIES.pdf,dining,11,Dining Chairs,PABLO,Price on Request,0,ocr,DINING CHAIRS | PABLO | Price on Request
FURN-01218,DIVINE CHAIRS CATALOGUE (W-O PRICE AND W-O LOGO),DINNING SERIES.pdf,dining,12,Dining Chairs,ARCO,Price on Request,0,ocr,DINING CHAIRS | ARCO | Price on Request
FURN-01219,DIVINE CHAIRS CATALOGUE (W-O PRICE AND W-O LOGO),DINNING SERIES.pdf,dining,13,Dining Chairs,CIANA,Price on Request,0,ocr,DINING CHAIRS | CIANA | Price on Request
FURN-01220,DIVINE CHAIRS CATALOGUE (W-O PRICE AND W-O LOGO),DINNING SERIES.pdf,dining,14,Dining Chairs,DALOS,Price on Request,0,ocr,DINING CHAIRS | DALOS | Price on Request
FURN-01221,DIVINE CHAIRS CATALOGUE (W-O PRICE AND W-O LOGO),DINNING SERIES.pdf,dining,15,Dining Chair,PICASSO,Price on Request,0,ocr,DINING CHAIR | PICASSO | Price on Request
FURN-01222,DIVINE CHAIRS CATALOGUE (W-O PRICE AND W-O LOGO),DINNING SERIES.pdf,dining,16,Dining Chairs,ORACLE,Price on Request,0,ocr,DINING CHAIRS | ORACLE | Price on Request
FURN-01223,DIVINE CHAIRS CATALOGUE (W-O PRICE AND W-O LOGO),DINNING SERIES.pdf,dining,17,Dining Chairs,AURA,Price on Request,0,ocr,DINING CHAIRS | AURA | Price on Request
FURN-01224,DIVINE CHAIRS CATALOGUE (W-O PRICE AND W-O LOGO),DINNING SERIES.pdf,dining,18,Dining Chairs,JIMMY,Price on Request,0,ocr,DINING CHAIRS | JIMMY | Price on Request
FURN-01225,DIVINE CHAIRS CATALOGUE (W-O PRICE AND W-O LOGO),DINNING SERIES.pdf,dining,19,Dining Chairs,IRIS (IND),Price on Request,0,ocr,DINING CHAIRS | IRIS (IND) | Price on Request
FURN-01226,DIVINE CHAIRS CATALOGUE (W-O PRICE AND W-O LOGO),DINNING SERIES.pdf,dining,20,Dining Chairs,VENTO,Price on Request,0,ocr,DINING CHAIRS | VENTO | Price on Request
FURN-01227,DIVINE CHAIRS CATALOGUE (W-O PRICE AND W-O LOGO),DINNING SERIES.pdf,dining,21,Dining Chairs,CAIRO,Price on Request,0,ocr,DINING CHAIRS | CAIRO | Price on Request
FURN-01228,DIVINE CHAIRS CATALOGUE (W-O PRICE AND W-O LOGO),DINNING SERIES.pdf,dining,22,Dining Chairs,ROOT,Price on Request,0,ocr,DINING CHAIRS | ROOT | Price on Request
FURN-01229,DIVINE CHAIRS CATALOGUE (W-O PRICE AND W-O LOGO),DINNING SERIES.pdf,dining,23,Dining Chairs,TANGO,Price on Request,0,ocr,DINING CHAIRS | TANGO | Price on Request
FURN-01230,DIVINE CHAIRS CATALOGUE (W-O PRICE AND W-O LOGO),DINNING SERIES.pdf,dining,24,My Chair My Pride,All Prices are Ex-Warehouse,Price on Request,0,ocr,MY CHAIR MY PRIDE | All Prices are Ex-Warehouse | Price on Request
FURN-01231,DIVINE CHAIRS CATALOGUE (W-O PRICE AND W-O LOGO),EXECUTIVE SERIES.pdf,executive,1,Executive,,Price on Request,0,ocr,EXECUTIVE |  | Price on Request
FURN-01232,DIVINE CHAIRS CATALOGUE (W-O PRICE AND W-O LOGO),EXECUTIVE SERIES.pdf,executive,2,Freedom (Mp),• Black frarme chrome aluminiurm diecast with korean mesh.,₹700,700,ocr,FREEDOM (MP) | • Black frarme chrome aluminiurm diecast with korean mesh. | ₹700
FURN-01233,DIVINE CHAIRS CATALOGUE (W-O PRICE AND W-O LOGO),EXECUTIVE SERIES.pdf,executive,3,Norway Hb Imb,• Glassfled nylon frame with korean mesh in back and seat,₹700,700,ocr,NORWAY HB IMB | • Glassfled nylon frame with korean mesh in back and seat | ₹700
FURN-01234,DIVINE CHAIRS CATALOGUE (W-O PRICE AND W-O LOGO),EXECUTIVE SERIES.pdf,executive,4,Rooster Hb I Mb,• Glass filled nylon back with korean mesh and 3D headrest.,₹700,700,ocr,ROOSTER HB I MB | • Glass filled nylon back with korean mesh and 3D headrest. | ₹700
FURN-01235,DIVINE CHAIRS CATALOGUE (W-O PRICE AND W-O LOGO),EXECUTIVE SERIES.pdf,executive,5,Bassel White Hb I Mb,+ Glss fled nyion backrest with lumbar support & mesh fabric.,₹700,700,ocr,BASSEL WHITE HB I MB | + Glss fled nyion backrest with lumbar support & mesh fabric. | ₹700
FURN-01236,DIVINE CHAIRS CATALOGUE (W-O PRICE AND W-O LOGO),EXECUTIVE SERIES.pdf,executive,6,Galaxy Grey / Black,Glass filed nylon backrest with lumbar support & mesh fabric.,Price on Request,0,ocr,GALAXY GREY / BLACK | Glass filed nylon backrest with lumbar support & mesh fabric. | Price on Request
FURN-01237,DIVINE CHAIRS CATALOGUE (W-O PRICE AND W-O LOGO),EXECUTIVE SERIES.pdf,executive,7,Zoy White Hb |Mb (Mp),ZOY WHITE HB,₹700,700,ocr,ZOY WHITE HB |MB (MP) | ZOY WHITE HB | ₹700
FURN-01238,DIVINE CHAIRS CATALOGUE (W-O PRICE AND W-O LOGO),EXECUTIVE SERIES.pdf,executive,8,Acosta Hb|Mb (Imp),• Glass filled nylon back with composite leather on seat &back.,₹700,700,ocr,ACOSTA HB|MB (IMP) | • Glass filled nylon back with composite leather on seat &back. | ₹700
FURN-01239,DIVINE CHAIRS CATALOGUE (W-O PRICE AND W-O LOGO),EXECUTIVE SERIES.pdf,executive,9,Perth Hb|Mb (Mp),• Glass flled nylon back with fabric on seat &back.,₹700,700,ocr,PERTH HB|MB (MP) | • Glass flled nylon back with fabric on seat &back. | ₹700
FURN-01240,DIVINE CHAIRS CATALOGUE (W-O PRICE AND W-O LOGO),EXECUTIVE SERIES.pdf,executive,10,Troy White Hb|Mb (Imp),TROY WHITE HB|MB (NDDLX),₹700,700,ocr,TROY WHITE HB|MB (IMP) | TROY WHITE HB|MB (NDDLX) | ₹700
FURN-01241,DIVINE CHAIRS CATALOGUE (W-O PRICE AND W-O LOGO),EXECUTIVE SERIES.pdf,executive,11,Winner Grey Hb|Mb (Imp),• Glassfled rylon backrest with adjustable lumbar support.,₹650,650,ocr,WINNER GREY HB|MB (IMP) | • Glassfled rylon backrest with adjustable lumbar support. | ₹650
FURN-01242,DIVINE CHAIRS CATALOGUE (W-O PRICE AND W-O LOGO),EXECUTIVE SERIES.pdf,executive,12,Ergon Mesh White Hb|Mb (Imp),ERGON MESH BLACK HB|MB (IMP),₹650,650,ocr,ERGON MESH WHITE HB|MB (IMP) | ERGON MESH BLACK HB|MB (IMP) | ₹650
FURN-01243,DIVINE CHAIRS CATALOGUE (W-O PRICE AND W-O LOGO),EXECUTIVE SERIES.pdf,executive,13,Glaze Mesh Hb |Mb (Grey) (Imp),+ Glassfled nylon back with mesh and fabric seat.,₹650,650,ocr,GLAZE MESH HB |MB (GREY) (IMP) | + Glassfled nylon back with mesh and fabric seat. | ₹650
FURN-01244,DIVINE CHAIRS CATALOGUE (W-O PRICE AND W-O LOGO),EXECUTIVE SERIES.pdf,executive,14,Deca Hb| Mb (Imp),• Glass flled Nylon back with Fabric Mesh.,₹650,650,ocr,DECA HB| MB (IMP) | • Glass flled Nylon back with Fabric Mesh. | ₹650
FURN-01245,DIVINE CHAIRS CATALOGUE (W-O PRICE AND W-O LOGO),EXECUTIVE SERIES.pdf,executive,15,Trio Grey Hb|Mb (Mp),• Glass filled Nylon back with Fabric Mesh.,₹650,650,ocr,TRIO GREY HB|MB (MP) | • Glass filled Nylon back with Fabric Mesh. | ₹650
FURN-01246,DIVINE CHAIRS CATALOGUE (W-O PRICE AND W-O LOGO),EXECUTIVE SERIES.pdf,executive,16,Octa Hb|Mb (Imp),• Glass flled Nylon back with Fabric Mesh.,₹650,650,ocr,OCTA HB|MB (IMP) | • Glass flled Nylon back with Fabric Mesh. | ₹650
FURN-01247,DIVINE CHAIRS CATALOGUE (W-O PRICE AND W-O LOGO),EXECUTIVE SERIES.pdf,executive,17,Omega Wht Me- Hb |Mb (Ind),• Glass flled nylon back with mesh and fabric seat (without seat outer).,₹650,650,ocr,OMEGA WHT ME- HB |MB (IND) | • Glass flled nylon back with mesh and fabric seat (without seat outer). | ₹650
FURN-01248,DIVINE CHAIRS CATALOGUE (W-O PRICE AND W-O LOGO),EXECUTIVE SERIES.pdf,executive,18,Atom Dlx Hb [Mb (Ind),ATOM ECO HB| MB (IND),₹650,650,ocr,ATOM DLX HB [MB (IND) | ATOM ECO HB| MB (IND) | ₹650
FURN-01249,DIVINE CHAIRS CATALOGUE (W-O PRICE AND W-O LOGO),EXECUTIVE SERIES.pdf,executive,19,Executive,MARQUIS,Price on Request,0,ocr,EXECUTIVE | MARQUIS | Price on Request
FURN-01250,DIVINE CHAIRS CATALOGUE (W-O PRICE AND W-O LOGO),EXECUTIVE SERIES.pdf,executive,20,Attitude Hb|Mb (Imp),"• Multibend nylon body with moulded cushion, Finest PU on seat & back.",₹700,700,ocr,"ATTITUDE HB|MB (IMP) | • Multibend nylon body with moulded cushion, Finest PU on seat & back. | ₹700"
FURN-01251,DIVINE CHAIRS CATALOGUE (W-O PRICE AND W-O LOGO),EXECUTIVE SERIES.pdf,executive,21,Bentley (Leather) Hb|Mb (Imp),BENTLEY (PU) HB|MB (MP),₹700,700,ocr,BENTLEY (LEATHER) HB|MB (IMP) | BENTLEY (PU) HB|MB (MP) | ₹700
FURN-01252,DIVINE CHAIRS CATALOGUE (W-O PRICE AND W-O LOGO),EXECUTIVE SERIES.pdf,executive,22,Martin Hb|Mb (Mp),• Hand crafed exceptional fnest grade leather on seat & back placed on multibend,₹700,700,ocr,MARTIN HB|MB (MP) | • Hand crafed exceptional fnest grade leather on seat & back placed on multibend | ₹700
FURN-01253,DIVINE CHAIRS CATALOGUE (W-O PRICE AND W-O LOGO),EXECUTIVE SERIES.pdf,executive,23,Marquis Hb|Mb (Mp),"+ Multibend plywood with moulded cushion, Finest composite leather on seat & back.",₹700,700,ocr,"MARQUIS HB|MB (MP) | + Multibend plywood with moulded cushion, Finest composite leather on seat & back. | ₹700"
FURN-01254,DIVINE CHAIRS CATALOGUE (W-O PRICE AND W-O LOGO),EXECUTIVE SERIES.pdf,executive,24,Winster Hb|Mb (Mp),"• Mutibend plywood with down feather cushion, Finest pure leath",₹700,700,ocr,"WINSTER HB|MB (MP) | • Mutibend plywood with down feather cushion, Finest pure leath | ₹700"
FURN-01255,DIVINE CHAIRS CATALOGUE (W-O PRICE AND W-O LOGO),EXECUTIVE SERIES.pdf,executive,25,Trust Hb|Mb (Mp),"• Mutibend plywood with moulkded cushion, Finest PU on seat & back.",₹700,700,ocr,"TRUST HB|MB (MP) | • Mutibend plywood with moulkded cushion, Finest PU on seat & back. | ₹700"
FURN-01256,DIVINE CHAIRS CATALOGUE (W-O PRICE AND W-O LOGO),EXECUTIVE SERIES.pdf,executive,26,Heritage Hb|Mb (Imp),"• Mulibend plywood with soft cushion, Finest pure leather on seat & back.",₹700,700,ocr,"HERITAGE HB|MB (IMP) | • Mulibend plywood with soft cushion, Finest pure leather on seat & back. | ₹700"
FURN-01257,DIVINE CHAIRS CATALOGUE (W-O PRICE AND W-O LOGO),EXECUTIVE SERIES.pdf,executive,28,Maverick Hb|Mb (),"• Mutibend plywood with sof cushion, composite leather on seat & back.",₹700,700,ocr,"MAVERICK HB|MB () | • Mutibend plywood with sof cushion, composite leather on seat & back. | ₹700"
FURN-01258,DIVINE CHAIRS CATALOGUE (W-O PRICE AND W-O LOGO),EXECUTIVE SERIES.pdf,executive,29,Boss (Brown) Hb|Mb (Mp),• Finest composite leather on seat & back.,₹700,700,ocr,BOSS (BROWN) HB|MB (MP) | • Finest composite leather on seat & back. | ₹700
FURN-01259,DIVINE CHAIRS CATALOGUE (W-O PRICE AND W-O LOGO),EXECUTIVE SERIES.pdf,executive,30,Dacota Hb |Mb (Ind),• Finest cormposite leather on seat & back.,₹700,700,ocr,DACOTA HB |MB (IND) | • Finest cormposite leather on seat & back. | ₹700
FURN-01260,DIVINE CHAIRS CATALOGUE (W-O PRICE AND W-O LOGO),EXECUTIVE SERIES.pdf,executive,31,Duster Cushion Hb|Mb (Imp),Glass fled rylon back along with headrest & PU cushion back.,₹650,650,ocr,DUSTER CUSHION HB|MB (IMP) | Glass fled rylon back along with headrest & PU cushion back. | ₹650
FURN-01261,DIVINE CHAIRS CATALOGUE (W-O PRICE AND W-O LOGO),EXECUTIVE SERIES.pdf,executive,32,Venice Hb |Mb (Nd),• Finest composte leather on seat & back.,₹700,700,ocr,VENICE HB |MB (ND) | • Finest composte leather on seat & back. | ₹700
FURN-01262,DIVINE CHAIRS CATALOGUE (W-O PRICE AND W-O LOGO),EXECUTIVE SERIES.pdf,executive,33,Elite Sleek Hb |Mb (Mp),• Fnest composite leather on seat & back.,₹650,650,ocr,ELITE SLEEK HB |MB (MP) | • Fnest composite leather on seat & back. | ₹650
FURN-01263,DIVINE CHAIRS CATALOGUE (W-O PRICE AND W-O LOGO),EXECUTIVE SERIES.pdf,executive,34,My Chair My Pride,All PricesareEx-Warehouse,Price on Request,0,ocr,MY CHAIR MY PRIDE | All PricesareEx-Warehouse | Price on Request
FURN-01264,DIVINE CHAIRS CATALOGUE (W-O PRICE AND W-O LOGO),HIGHCOUNTER SERIES_.pdf,highcounter,1,Tea,HIGHCOUNTER,Price on Request,0,ocr,TEA | HIGHCOUNTER | Price on Request
FURN-01265,DIVINE CHAIRS CATALOGUE (W-O PRICE AND W-O LOGO),HIGHCOUNTER SERIES_.pdf,highcounter,2,Highcounter,FANNY,Price on Request,0,ocr,HIGHCOUNTER | FANNY | Price on Request
FURN-01266,DIVINE CHAIRS CATALOGUE (W-O PRICE AND W-O LOGO),HIGHCOUNTER SERIES_.pdf,highcounter,3,Highcounter,ERICA,Price on Request,0,ocr,HIGHCOUNTER | ERICA | Price on Request
FURN-01267,DIVINE CHAIRS CATALOGUE (W-O PRICE AND W-O LOGO),HIGHCOUNTER SERIES_.pdf,highcounter,4,Highcounter,FLORIDA,Price on Request,0,ocr,HIGHCOUNTER | FLORIDA | Price on Request
FURN-01268,DIVINE CHAIRS CATALOGUE (W-O PRICE AND W-O LOGO),HIGHCOUNTER SERIES_.pdf,highcounter,5,Highcounter,DERBY,Price on Request,0,ocr,HIGHCOUNTER | DERBY | Price on Request
FURN-01269,DIVINE CHAIRS CATALOGUE (W-O PRICE AND W-O LOGO),HIGHCOUNTER SERIES_.pdf,highcounter,6,My Chair My Pride,All PricesareEx-Warehouse,Price on Request,0,ocr,MY CHAIR MY PRIDE | All PricesareEx-Warehouse | Price on Request
FURN-01270,DIVINE CHAIRS CATALOGUE (W-O PRICE AND W-O LOGO),LOUNGE SERIES.pdf,lounge,1,Lounge,,Price on Request,0,ocr,LOUNGE |  | Price on Request
FURN-01271,DIVINE CHAIRS CATALOGUE (W-O PRICE AND W-O LOGO),LOUNGE SERIES.pdf,lounge,2,Lounge,AUSTRIA,₹870,870,ocr,LOUNGE | AUSTRIA | ₹870
FURN-01272,DIVINE CHAIRS CATALOGUE (W-O PRICE AND W-O LOGO),LOUNGE SERIES.pdf,lounge,3,Lounge,BULGARIA,Price on Request,0,ocr,LOUNGE | BULGARIA | Price on Request
FURN-01273,DIVINE CHAIRS CATALOGUE (W-O PRICE AND W-O LOGO),LOUNGE SERIES.pdf,lounge,4,Lounge,EPITOME,₹870,870,ocr,LOUNGE | EPITOME | ₹870
FURN-01274,DIVINE CHAIRS CATALOGUE (W-O PRICE AND W-O LOGO),LOUNGE SERIES.pdf,lounge,5,Lounge,ENIGMA,₹870,870,ocr,LOUNGE | ENIGMA | ₹870
FURN-01275,DIVINE CHAIRS CATALOGUE (W-O PRICE AND W-O LOGO),LOUNGE SERIES.pdf,lounge,6,Lounge,SIERRA,₹780,780,ocr,LOUNGE | SIERRA | ₹780
FURN-01276,DIVINE CHAIRS CATALOGUE (W-O PRICE AND W-O LOGO),LOUNGE SERIES.pdf,lounge,7,Lounge,ROMANIA,₹790,790,ocr,LOUNGE | ROMANIA | ₹790
FURN-01277,DIVINE CHAIRS CATALOGUE (W-O PRICE AND W-O LOGO),LOUNGE SERIES.pdf,lounge,8,Lounge,JAMAICA,₹940,940,ocr,LOUNGE | JAMAICA | ₹940
FURN-01278,DIVINE CHAIRS CATALOGUE (W-O PRICE AND W-O LOGO),LOUNGE SERIES.pdf,lounge,9,Lounge,SLOVAKIA,₹940,940,ocr,LOUNGE | SLOVAKIA | ₹940
FURN-01279,DIVINE CHAIRS CATALOGUE (W-O PRICE AND W-O LOGO),LOUNGE SERIES.pdf,lounge,10,Lounge,LEXUS,₹700,700,ocr,LOUNGE | LEXUS | ₹700
FURN-01280,DIVINE CHAIRS CATALOGUE (W-O PRICE AND W-O LOGO),LOUNGE SERIES.pdf,lounge,11,Lounge,CAVIANA,₹550,550,ocr,LOUNGE | CAVIANA | ₹550
FURN-01281,DIVINE CHAIRS CATALOGUE (W-O PRICE AND W-O LOGO),LOUNGE SERIES.pdf,lounge,12,Lounge,LAWSON HB BLACK,₹600,600,ocr,LOUNGE | LAWSON HB BLACK | ₹600
FURN-01282,DIVINE CHAIRS CATALOGUE (W-O PRICE AND W-O LOGO),LOUNGE SERIES.pdf,lounge,13,Lounge,SIAM APEX,₹600,600,ocr,LOUNGE | SIAM APEX | ₹600
FURN-01283,DIVINE CHAIRS CATALOGUE (W-O PRICE AND W-O LOGO),LOUNGE SERIES.pdf,lounge,14,Lounge,PRINCE,₹760,760,ocr,LOUNGE | PRINCE | ₹760
FURN-01284,DIVINE CHAIRS CATALOGUE (W-O PRICE AND W-O LOGO),LOUNGE SERIES.pdf,lounge,15,Lounge,SUMO,₹740,740,ocr,LOUNGE | SUMO | ₹740
FURN-01285,DIVINE CHAIRS CATALOGUE (W-O PRICE AND W-O LOGO),LOUNGE SERIES.pdf,lounge,16,Lounge,TERANO,₹570,570,ocr,LOUNGE | TERANO | ₹570
FURN-01286,DIVINE CHAIRS CATALOGUE (W-O PRICE AND W-O LOGO),LOUNGE SERIES.pdf,lounge,17,Lounge,ABIRA (F),₹570,570,ocr,LOUNGE | ABIRA (F) | ₹570
FURN-01287,DIVINE CHAIRS CATALOGUE (W-O PRICE AND W-O LOGO),LOUNGE SERIES.pdf,lounge,18,Lounge,KNOLL (REV),₹620,620,ocr,LOUNGE | KNOLL (REV) | ₹620
FURN-01288,DIVINE CHAIRS CATALOGUE (W-O PRICE AND W-O LOGO),LOUNGE SERIES.pdf,lounge,19,Lounge,STEFANO,₹540,540,ocr,LOUNGE | STEFANO | ₹540
FURN-01289,DIVINE CHAIRS CATALOGUE (W-O PRICE AND W-O LOGO),LOUNGE SERIES.pdf,lounge,20,Lounge,SWAN,₹750,750,ocr,LOUNGE | SWAN | ₹750
FURN-01290,DIVINE CHAIRS CATALOGUE (W-O PRICE AND W-O LOGO),LOUNGE SERIES.pdf,lounge,21,Lounge,LAZY BOY SET,Price on Request,0,ocr,LOUNGE | LAZY BOY SET | Price on Request
FURN-01291,DIVINE CHAIRS CATALOGUE (W-O PRICE AND W-O LOGO),LOUNGE SERIES.pdf,lounge,22,Lounge,CARNIVAL WITH FOOTREST,Price on Request,0,ocr,LOUNGE | CARNIVAL WITH FOOTREST | Price on Request
FURN-01292,DIVINE CHAIRS CATALOGUE (W-O PRICE AND W-O LOGO),LOUNGE SERIES.pdf,lounge,24,Sasaski With Footrest,SEAT HEIGHT,Price on Request,0,ocr,SASASKI WITH FOOTREST | SEAT HEIGHT | Price on Request
FURN-01293,DIVINE CHAIRS CATALOGUE (W-O PRICE AND W-O LOGO),LOUNGE SERIES.pdf,lounge,26,My Chair My Pride,All PricesareEx-Warehouse,Price on Request,0,ocr,MY CHAIR MY PRIDE | All PricesareEx-Warehouse | Price on Request
FURN-01294,DIVINE CHAIRS CATALOGUE (W-O PRICE AND W-O LOGO),PUFFY SERIES.pdf,puffy,1,Puffy,ALBERT,Price on Request,0,ocr,PUFFY | ALBERT | Price on Request
FURN-01295,DIVINE CHAIRS CATALOGUE (W-O PRICE AND W-O LOGO),PUFFY SERIES.pdf,puffy,2,Puffy,EVA,Price on Request,0,ocr,PUFFY | EVA | Price on Request
FURN-01296,DIVINE CHAIRS CATALOGUE (W-O PRICE AND W-O LOGO),PUFFY SERIES.pdf,puffy,3,Puffy,LIBRA,₹700,700,ocr,PUFFY | LIBRA | ₹700
FURN-01297,DIVINE CHAIRS CATALOGUE (W-O PRICE AND W-O LOGO),RECLINER SERIES.pdf,recliner,1,Recliner,RURE,Price on Request,0,ocr,RECLINER | RURE | Price on Request
FURN-01298,DIVINE CHAIRS CATALOGUE (W-O PRICE AND W-O LOGO),RECLINER SERIES.pdf,recliner,2,Recliner,RIVER,Price on Request,0,ocr,RECLINER | RIVER | Price on Request
FURN-01299,DIVINE CHAIRS CATALOGUE (W-O PRICE AND W-O LOGO),RECLINER SERIES.pdf,recliner,3,Recliner,STONE,Price on Request,0,ocr,RECLINER | STONE | Price on Request
FURN-01300,DIVINE CHAIRS CATALOGUE (W-O PRICE AND W-O LOGO),RECLINER SERIES.pdf,recliner,4,Recliner,ARBOR,Price on Request,0,ocr,RECLINER | ARBOR | Price on Request
FURN-01301,DIVINE CHAIRS CATALOGUE (W-O PRICE AND W-O LOGO),RECLINER SERIES.pdf,recliner,5,Recliner,ANCORA,Price on Request,0,ocr,RECLINER | ANCORA | Price on Request
FURN-01302,DIVINE CHAIRS CATALOGUE (W-O PRICE AND W-O LOGO),RECLINER SERIES.pdf,recliner,7,Recliner,NEROLI,Price on Request,0,ocr,RECLINER | NEROLI | Price on Request
FURN-01303,DIVINE CHAIRS CATALOGUE (W-O PRICE AND W-O LOGO),RECLINER SERIES.pdf,recliner,8,Recliner,CRETA,Price on Request,0,ocr,RECLINER | CRETA | Price on Request
FURN-01304,DIVINE CHAIRS CATALOGUE (W-O PRICE AND W-O LOGO),RECLINER SERIES.pdf,recliner,9,Recliner,mARCUS,Price on Request,0,ocr,RECLINER | mARCUS | Price on Request
FURN-01305,DIVINE CHAIRS CATALOGUE (W-O PRICE AND W-O LOGO),RECLINER SERIES.pdf,recliner,10,Londo,Colors :,Price on Request,0,ocr,LonDo | Colors : | Price on Request
FURN-01306,DIVINE CHAIRS CATALOGUE (W-O PRICE AND W-O LOGO),RECLINER SERIES.pdf,recliner,11,Recliner,SPENCER,Price on Request,0,ocr,RECLINER | SPENCER | Price on Request
FURN-01307,DIVINE CHAIRS CATALOGUE (W-O PRICE AND W-O LOGO),RECLINER SERIES.pdf,recliner,12,Phantom,Colors :,₹700,700,ocr,pHAntom | Colors : | ₹700
FURN-01308,DIVINE CHAIRS CATALOGUE (W-O PRICE AND W-O LOGO),RECLINER SERIES.pdf,recliner,13,My Chair My Pride,All Prices are Ex-Warehouse,Price on Request,0,ocr,MY CHAIR MY PRIDE | All Prices are Ex-Warehouse | Price on Request
FURN-01309,DIVINE CHAIRS CATALOGUE (W-O PRICE AND W-O LOGO),SOFA SERIES.pdf,sofa,1,Sofa,,Price on Request,0,ocr,SOFA |  | Price on Request
FURN-01310,DIVINE CHAIRS CATALOGUE (W-O PRICE AND W-O LOGO),SOFA SERIES.pdf,sofa,2,Sofa,NOVA,Price on Request,0,ocr,SOFA | NOVA | Price on Request
FURN-01311,DIVINE CHAIRS CATALOGUE (W-O PRICE AND W-O LOGO),SOFA SERIES.pdf,sofa,3,Sofa,CANVAS,Price on Request,0,ocr,SOFA | CANVAS | Price on Request
FURN-01312,DIVINE CHAIRS CATALOGUE (W-O PRICE AND W-O LOGO),SOFA SERIES.pdf,sofa,4,Sofa,LOPEZ,Price on Request,0,ocr,SOFA | LOPEZ | Price on Request
FURN-01313,DIVINE CHAIRS CATALOGUE (W-O PRICE AND W-O LOGO),SOFA SERIES.pdf,sofa,5,Sofa,ZURICH,Price on Request,0,ocr,SOFA | ZURICH | Price on Request
FURN-01314,DIVINE CHAIRS CATALOGUE (W-O PRICE AND W-O LOGO),SOFA SERIES.pdf,sofa,6,Sofa,CHESTER,Price on Request,0,ocr,SOFA | CHESTER | Price on Request
FURN-01315,DIVINE CHAIRS CATALOGUE (W-O PRICE AND W-O LOGO),SOFA SERIES.pdf,sofa,7,Sofa,IMPERIAL,Price on Request,0,ocr,SOFA | IMPERIAL | Price on Request
FURN-01316,DIVINE CHAIRS CATALOGUE (W-O PRICE AND W-O LOGO),SOFA SERIES.pdf,sofa,8,Fabric,,₹600,600,text_regex,FABRIC : 600/- Mtr
FURN-01317,DIVINE CHAIRS CATALOGUE (W-O PRICE AND W-O LOGO),SOFA SERIES.pdf,sofa,9,Fabric,,₹300,300,text_regex,FABRIC : 300/- Mtr
FURN-01318,DIVINE CHAIRS CATALOGUE (W-O PRICE AND W-O LOGO),SOFA SERIES.pdf,sofa,10,Sofa,ZARA SOFA,Price on Request,0,ocr,SOFA | ZARA SOFA | Price on Request
FURN-01319,DIVINE CHAIRS CATALOGUE (W-O PRICE AND W-O LOGO),SOFA SERIES.pdf,sofa,11,Sofa,SPENCER (IMP),Price on Request,0,ocr,SOFA | SPENCER (IMP) | Price on Request
FURN-01320,DIVINE CHAIRS CATALOGUE (W-O PRICE AND W-O LOGO),SOFA SERIES.pdf,sofa,12,Sofa,DREAM,Price on Request,0,ocr,SOFA | DREAM | Price on Request
FURN-01321,DIVINE CHAIRS CATALOGUE (W-O PRICE AND W-O LOGO),SOFA SERIES.pdf,sofa,13,Sofa,CALIFORNIA,Price on Request,0,ocr,SOFA | CALIFORNIA | Price on Request
FURN-01322,DIVINE CHAIRS CATALOGUE (W-O PRICE AND W-O LOGO),SOFA SERIES.pdf,sofa,14,Sofa,CURVE,Price on Request,0,ocr,SOFA | CURVE | Price on Request
FURN-01323,DIVINE CHAIRS CATALOGUE (W-O PRICE AND W-O LOGO),SOFA SERIES.pdf,sofa,15,Sofa,FLORANCE,Price on Request,0,ocr,SOFA | FLORANCE | Price on Request
FURN-01324,DIVINE CHAIRS CATALOGUE (W-O PRICE AND W-O LOGO),SOFA SERIES.pdf,sofa,16,Sofa,CORBUSIER,Price on Request,0,ocr,SOFA | CORBUSIER | Price on Request
FURN-01325,DIVINE CHAIRS CATALOGUE (W-O PRICE AND W-O LOGO),SOFA SERIES.pdf,sofa,17,Sofa,KITKAT,Price on Request,0,ocr,SOFA | KITKAT | Price on Request
FURN-01326,DIVINE CHAIRS CATALOGUE (W-O PRICE AND W-O LOGO),SOFA SERIES.pdf,sofa,18,Sofa,FUTON,Price on Request,0,ocr,SOFA | FUTON | Price on Request
FURN-01327,DIVINE CHAIRS CATALOGUE (W-O PRICE AND W-O LOGO),SOFA SERIES.pdf,sofa,19,Sofa,BENZ,Price on Request,0,ocr,SOFA | BENZ | Price on Request
FURN-01328,DIVINE CHAIRS CATALOGUE (W-O PRICE AND W-O LOGO),SOFA SERIES.pdf,sofa,20,Sofa,NERO,Price on Request,0,ocr,SOFA | NERO | Price on Request
FURN-01329,DIVINE CHAIRS CATALOGUE (W-O PRICE AND W-O LOGO),SOFA SERIES.pdf,sofa,21,My Chair My Pride,All PricesareEx-Warehouse,Price on Request,0,ocr,MY CHAIR MY PRIDE | All PricesareEx-Warehouse | Price on Request
FURN-01330,DIVINE CHAIRS CATALOGUE (W-O PRICE AND W-O LOGO),TABLE & STAND SERIES.pdf,tables,1,Table & Stand,,Price on Request,0,ocr,TABLE & STAND |  | Price on Request
FURN-01331,DIVINE CHAIRS CATALOGUE (W-O PRICE AND W-O LOGO),TABLE & STAND SERIES.pdf,tables,2,1920 X,,₹390,390,text_regex,1920 X 390
FURN-01332,DIVINE CHAIRS CATALOGUE (W-O PRICE AND W-O LOGO),TABLE & STAND SERIES.pdf,tables,2,Xm,,₹18,18,text_regex,XM 018
FURN-01333,DIVINE CHAIRS CATALOGUE (W-O PRICE AND W-O LOGO),TABLE & STAND SERIES.pdf,tables,3,Cj,,₹943,943,text_regex,CJ 943 A & B
FURN-01334,DIVINE CHAIRS CATALOGUE (W-O PRICE AND W-O LOGO),TABLE & STAND SERIES.pdf,tables,3,300 /,,₹950,950,text_regex,950*425*300 / 950*425*350
FURN-01335,DIVINE CHAIRS CATALOGUE (W-O PRICE AND W-O LOGO),TABLE & STAND SERIES.pdf,tables,3,Yb,,₹257,257,text_regex,YB 257
FURN-01336,DIVINE CHAIRS CATALOGUE (W-O PRICE AND W-O LOGO),TABLE & STAND SERIES.pdf,tables,3,220 &,,₹800,800,text_regex,1300*700*220 & 800*900*350
FURN-01337,DIVINE CHAIRS CATALOGUE (W-O PRICE AND W-O LOGO),TABLE & STAND SERIES.pdf,tables,3,410 /,,₹540,540,text_regex,1240*650*410 / 540*510
FURN-01338,DIVINE CHAIRS CATALOGUE (W-O PRICE AND W-O LOGO),TABLE & STAND SERIES.pdf,tables,3,Cj,,₹791,791,text_regex,CJ 791 C & D
FURN-01339,DIVINE CHAIRS CATALOGUE (W-O PRICE AND W-O LOGO),TABLE & STAND SERIES.pdf,tables,3,300 /,,₹600,600,text_regex,950*950*300 / 600*550
FURN-01340,DIVINE CHAIRS CATALOGUE (W-O PRICE AND W-O LOGO),TABLE & STAND SERIES.pdf,tables,3,290 &,,₹500,500,text_regex,900*900*290 & 500*410
FURN-01341,DIVINE CHAIRS CATALOGUE (W-O PRICE AND W-O LOGO),TABLE & STAND SERIES.pdf,tables,3,Yb 2,,₹530,530,text_regex,YB 2530
FURN-01342,DIVINE CHAIRS CATALOGUE (W-O PRICE AND W-O LOGO),TABLE & STAND SERIES.pdf,tables,3,300 /,,₹500,500,text_regex,900*900*300 / 500*500*400
FURN-01343,DIVINE CHAIRS CATALOGUE (W-O PRICE AND W-O LOGO),TABLE & STAND SERIES.pdf,tables,4,Yb,,₹247,247,text_regex,YB 247
FURN-01344,DIVINE CHAIRS CATALOGUE (W-O PRICE AND W-O LOGO),TABLE & STAND SERIES.pdf,tables,4,350 /,,₹500,500,text_regex,1200*800*350 /  500*500*450
FURN-01345,DIVINE CHAIRS CATALOGUE (W-O PRICE AND W-O LOGO),TABLE & STAND SERIES.pdf,tables,4,Sc,,₹178,178,text_regex,Sc178
FURN-01346,DIVINE CHAIRS CATALOGUE (W-O PRICE AND W-O LOGO),TABLE & STAND SERIES.pdf,tables,4,430 /,,₹600,600,text_regex,900*430 / 600*340
FURN-01347,DIVINE CHAIRS CATALOGUE (W-O PRICE AND W-O LOGO),TABLE & STAND SERIES.pdf,tables,4,400 /,,₹580,580,text_regex,900*400 / 580*500
FURN-01348,DIVINE CHAIRS CATALOGUE (W-O PRICE AND W-O LOGO),TABLE & STAND SERIES.pdf,tables,4,Yb,,₹241,241,text_regex,YB 241
FURN-01349,DIVINE CHAIRS CATALOGUE (W-O PRICE AND W-O LOGO),TABLE & STAND SERIES.pdf,tables,4,300 /,,₹600,600,text_regex,1000*1000*300 / 600*600*420
FURN-01350,DIVINE CHAIRS CATALOGUE (W-O PRICE AND W-O LOGO),TABLE & STAND SERIES.pdf,tables,4,Sc,,₹185,185,text_regex,SC 185
FURN-01351,DIVINE CHAIRS CATALOGUE (W-O PRICE AND W-O LOGO),TABLE & STAND SERIES.pdf,tables,4,400 /,,₹600,600,text_regex,850*800*400 / 600*600*500
FURN-01352,DIVINE CHAIRS CATALOGUE (W-O PRICE AND W-O LOGO),TABLE & STAND SERIES.pdf,tables,4,300 &,,₹600,600,text_regex,900*900*300 & 600*450*500
FURN-01353,DIVINE CHAIRS CATALOGUE (W-O PRICE AND W-O LOGO),TABLE & STAND SERIES.pdf,tables,5,360 &,,₹600,600,text_regex,900*360 & 600*460
FURN-01354,DIVINE CHAIRS CATALOGUE (W-O PRICE AND W-O LOGO),TABLE & STAND SERIES.pdf,tables,5,300 &,,₹500,500,text_regex,900*300 & 500*500
FURN-01355,DIVINE CHAIRS CATALOGUE (W-O PRICE AND W-O LOGO),TABLE & STAND SERIES.pdf,tables,5,330 &,,₹450,450,text_regex,1000*800*330 & 450*550*400
FURN-01356,DIVINE CHAIRS CATALOGUE (W-O PRICE AND W-O LOGO),TABLE & STAND SERIES.pdf,tables,5,330 &,,₹550,550,text_regex,900*330 & 550*420
FURN-01357,DIVINE CHAIRS CATALOGUE (W-O PRICE AND W-O LOGO),TABLE & STAND SERIES.pdf,tables,5,300 &,,₹600,600,text_regex,1000*300 & 600*400
FURN-01358,DIVINE CHAIRS CATALOGUE (W-O PRICE AND W-O LOGO),TABLE & STAND SERIES.pdf,tables,5,320 &,,₹520,520,text_regex,850*320 & 520*430
FURN-01359,DIVINE CHAIRS CATALOGUE (W-O PRICE AND W-O LOGO),TABLE & STAND SERIES.pdf,tables,6,330 &,,₹500,500,text_regex,1300*700*330 & 500*400*440
FURN-01360,DIVINE CHAIRS CATALOGUE (W-O PRICE AND W-O LOGO),TABLE & STAND SERIES.pdf,tables,6,380 &,,₹550,550,text_regex,1160*850*380 & 550*480
FURN-01361,DIVINE CHAIRS CATALOGUE (W-O PRICE AND W-O LOGO),TABLE & STAND SERIES.pdf,tables,6,800 X 300 & 545 X,,₹360,360,text_regex,800 X 300 & 545 X 360
FURN-01362,DIVINE CHAIRS CATALOGUE (W-O PRICE AND W-O LOGO),TABLE & STAND SERIES.pdf,tables,7,812 &,,₹812,812,text_regex,812 & 812B SET
FURN-01363,DIVINE CHAIRS CATALOGUE (W-O PRICE AND W-O LOGO),TABLE & STAND SERIES.pdf,tables,7,430 &,,₹600,600,text_regex,800*430 & 600*500
FURN-01364,DIVINE CHAIRS CATALOGUE (W-O PRICE AND W-O LOGO),TABLE & STAND SERIES.pdf,tables,7,400H &,,₹500,500,text_regex,900*400h & 500*500h
FURN-01365,DIVINE CHAIRS CATALOGUE (W-O PRICE AND W-O LOGO),TABLE & STAND SERIES.pdf,tables,7,Sc,,₹36,36,text_regex,Sc036
FURN-01366,DIVINE CHAIRS CATALOGUE (W-O PRICE AND W-O LOGO),TABLE & STAND SERIES.pdf,tables,7,450H &,,₹600,600,text_regex,800*450h & 600*350h
FURN-01367,DIVINE CHAIRS CATALOGUE (W-O PRICE AND W-O LOGO),TABLE & STAND SERIES.pdf,tables,7,Sc,,₹24,24,text_regex,Sc024
FURN-01368,DIVINE CHAIRS CATALOGUE (W-O PRICE AND W-O LOGO),TABLE & STAND SERIES.pdf,tables,7,450 H &,,₹600,600,text_regex,800*450 h & 600*380 h (Wht/Blk)
FURN-01369,DIVINE CHAIRS CATALOGUE (W-O PRICE AND W-O LOGO),TABLE & STAND SERIES.pdf,tables,7,390 &,,₹550,550,text_regex,800*390 & 550*480
FURN-01370,DIVINE CHAIRS CATALOGUE (W-O PRICE AND W-O LOGO),TABLE & STAND SERIES.pdf,tables,7,290 &,,₹600,600,text_regex,900*290 & 600*450
FURN-01371,DIVINE CHAIRS CATALOGUE (W-O PRICE AND W-O LOGO),TABLE & STAND SERIES.pdf,tables,7,410 &,,₹570,570,text_regex,880*410 & 570*470
FURN-01372,DIVINE CHAIRS CATALOGUE (W-O PRICE AND W-O LOGO),TABLE & STAND SERIES.pdf,tables,7,410 &,,₹515,515,text_regex,760*410 & 515*490
FURN-01373,DIVINE CHAIRS CATALOGUE (W-O PRICE AND W-O LOGO),TABLE & STAND SERIES.pdf,tables,7,380 &,,₹520,520,text_regex,820*380 & 520*490
FURN-01374,DIVINE CHAIRS CATALOGUE (W-O PRICE AND W-O LOGO),TABLE & STAND SERIES.pdf,tables,8,380 &,,₹500,500,text_regex,900*380 & 500*450
FURN-01375,DIVINE CHAIRS CATALOGUE (W-O PRICE AND W-O LOGO),TABLE & STAND SERIES.pdf,tables,8,400 &,,₹500,500,text_regex,800*400 & 500*500
FURN-01376,DIVINE CHAIRS CATALOGUE (W-O PRICE AND W-O LOGO),TABLE & STAND SERIES.pdf,tables,8,420 &,,₹590,590,text_regex,790*420 & 590*500
FURN-01377,DIVINE CHAIRS CATALOGUE (W-O PRICE AND W-O LOGO),TABLE & STAND SERIES.pdf,tables,8,13380 X 500 X,,₹450,450,text_regex,13380 X 500 X 450
FURN-01378,DIVINE CHAIRS CATALOGUE (W-O PRICE AND W-O LOGO),TABLE & STAND SERIES.pdf,tables,8,300 &,,₹600,600,text_regex,1000*1000*300 & 600*470
FURN-01379,DIVINE CHAIRS CATALOGUE (W-O PRICE AND W-O LOGO),TABLE & STAND SERIES.pdf,tables,8,420 &,,₹590,590,text_regex,790*420 & 590*500
FURN-01380,DIVINE CHAIRS CATALOGUE (W-O PRICE AND W-O LOGO),TABLE & STAND SERIES.pdf,tables,8,Yb,,₹265,265,text_regex,YB 265
FURN-01381,DIVINE CHAIRS CATALOGUE (W-O PRICE AND W-O LOGO),TABLE & STAND SERIES.pdf,tables,8,1200 X 750 X,,₹350,350,text_regex,1200 x 750 x 350 | 600 x 430 x360
FURN-01382,DIVINE CHAIRS CATALOGUE (W-O PRICE AND W-O LOGO),TABLE & STAND SERIES.pdf,tables,8,1000 X,,₹400,400,text_regex,1000 x 400 | 580 x 450
FURN-01383,DIVINE CHAIRS CATALOGUE (W-O PRICE AND W-O LOGO),TABLE & STAND SERIES.pdf,tables,8,960 X,,₹350,350,text_regex,960 x 350 |  770 x 270
FURN-01384,DIVINE CHAIRS CATALOGUE (W-O PRICE AND W-O LOGO),TABLE & STAND SERIES.pdf,tables,9,Ct,,₹826,826,text_regex,CT 826
FURN-01385,DIVINE CHAIRS CATALOGUE (W-O PRICE AND W-O LOGO),TABLE & STAND SERIES.pdf,tables,9,1400 X 725 X,,₹400,400,text_regex,1400 X 725 X 400
FURN-01386,DIVINE CHAIRS CATALOGUE (W-O PRICE AND W-O LOGO),TABLE & STAND SERIES.pdf,tables,9,1360 X 720 X,,₹400,400,text_regex,1360 X 720 X 400
FURN-01387,DIVINE CHAIRS CATALOGUE (W-O PRICE AND W-O LOGO),TABLE & STAND SERIES.pdf,tables,9,Sc,,₹130,130,text_regex,Sc130
FURN-01388,DIVINE CHAIRS CATALOGUE (W-O PRICE AND W-O LOGO),TABLE & STAND SERIES.pdf,tables,9,1300 X 700 X,,₹450,450,text_regex,1300 X 700 X 450
FURN-01389,DIVINE CHAIRS CATALOGUE (W-O PRICE AND W-O LOGO),TABLE & STAND SERIES.pdf,tables,9,1400 X 700 X,,₹480,480,text_regex,1400 X 700 X 480
FURN-01390,DIVINE CHAIRS CATALOGUE (W-O PRICE AND W-O LOGO),TABLE & STAND SERIES.pdf,tables,9,900 X 900 X,,₹400,400,text_regex,900 X 900 X 400
FURN-01391,DIVINE CHAIRS CATALOGUE (W-O PRICE AND W-O LOGO),TABLE & STAND SERIES.pdf,tables,10,Sc0,,₹127,127,text_regex,Sc0127
FURN-01392,DIVINE CHAIRS CATALOGUE (W-O PRICE AND W-O LOGO),TABLE & STAND SERIES.pdf,tables,10,1200X,,₹600,600,text_regex,1200X600 | 600X600X430h
FURN-01393,DIVINE CHAIRS CATALOGUE (W-O PRICE AND W-O LOGO),TABLE & STAND SERIES.pdf,tables,10,1200 X 600 X,,₹420,420,text_regex,1200 X 600 X 420 h
FURN-01394,DIVINE CHAIRS CATALOGUE (W-O PRICE AND W-O LOGO),TABLE & STAND SERIES.pdf,tables,10,Sc,,₹5,5,text_regex,Sc005 with Brown Glass
FURN-01395,DIVINE CHAIRS CATALOGUE (W-O PRICE AND W-O LOGO),TABLE & STAND SERIES.pdf,tables,10,600 X 600 X,,₹450,450,text_regex,600 X 600 X 450h
FURN-01396,DIVINE CHAIRS CATALOGUE (W-O PRICE AND W-O LOGO),TABLE & STAND SERIES.pdf,tables,10,305 /,,₹305,305,text_regex,305 / 305 S
FURN-01397,DIVINE CHAIRS CATALOGUE (W-O PRICE AND W-O LOGO),TABLE & STAND SERIES.pdf,tables,10,800 X 800 X,,₹420,420,text_regex,800 X 800 X 420 | 550 X 550 X 470
FURN-01398,DIVINE CHAIRS CATALOGUE (W-O PRICE AND W-O LOGO),TABLE & STAND SERIES.pdf,tables,10,800X420 & 600X,,₹360,360,text_regex,800x420 & 600x360
FURN-01399,DIVINE CHAIRS CATALOGUE (W-O PRICE AND W-O LOGO),TABLE & STAND SERIES.pdf,tables,11,Sl,,₹41,41,text_regex,SL 041
FURN-01400,DIVINE CHAIRS CATALOGUE (W-O PRICE AND W-O LOGO),TABLE & STAND SERIES.pdf,tables,11,Sl,,₹23,23,text_regex,SL 023
FURN-01401,DIVINE CHAIRS CATALOGUE (W-O PRICE AND W-O LOGO),TABLE & STAND SERIES.pdf,tables,11,Sl,,₹46,46,text_regex,SL 046
FURN-01402,DIVINE CHAIRS CATALOGUE (W-O PRICE AND W-O LOGO),TABLE & STAND SERIES.pdf,tables,11,Sl,,₹69,69,text_regex,SL 069
FURN-01403,DIVINE CHAIRS CATALOGUE (W-O PRICE AND W-O LOGO),TABLE & STAND SERIES.pdf,tables,11,Sl,,₹68,68,text_regex,SL 068
FURN-01404,DIVINE CHAIRS CATALOGUE (W-O PRICE AND W-O LOGO),TABLE & STAND SERIES.pdf,tables,11,Sl,,₹36,36,text_regex,SL 036
FURN-01405,DIVINE CHAIRS CATALOGUE (W-O PRICE AND W-O LOGO),TABLE & STAND SERIES.pdf,tables,11,Sl,,₹19,19,text_regex,SL 019
FURN-01406,DIVINE CHAIRS CATALOGUE (W-O PRICE AND W-O LOGO),TABLE & STAND SERIES.pdf,tables,11,Sl,,₹11,11,text_regex,SL 011
FURN-01407,DIVINE CHAIRS CATALOGUE (W-O PRICE AND W-O LOGO),TABLE & STAND SERIES.pdf,tables,11,Ht Adj,,₹700,700,text_regex,HT ADJ 700*400*500-760
FURN-01408,DIVINE CHAIRS CATALOGUE (W-O PRICE AND W-O LOGO),TABLE & STAND SERIES.pdf,tables,12,Cj 1,,₹118,118,text_regex,CJ 1118B
FURN-01409,DIVINE CHAIRS CATALOGUE (W-O PRICE AND W-O LOGO),TABLE & STAND SERIES.pdf,tables,12,450X480X,,₹500,500,text_regex,450x480x500
FURN-01410,DIVINE CHAIRS CATALOGUE (W-O PRICE AND W-O LOGO),TABLE & STAND SERIES.pdf,tables,12,Cj 1,,₹35,35,text_regex,CJ 1035B
FURN-01411,DIVINE CHAIRS CATALOGUE (W-O PRICE AND W-O LOGO),TABLE & STAND SERIES.pdf,tables,12,550X400X,,₹465,465,text_regex,550x400x465
FURN-01412,DIVINE CHAIRS CATALOGUE (W-O PRICE AND W-O LOGO),TABLE & STAND SERIES.pdf,tables,12,Cj,,₹809,809,text_regex,CJ 809B
FURN-01413,DIVINE CHAIRS CATALOGUE (W-O PRICE AND W-O LOGO),TABLE & STAND SERIES.pdf,tables,12,600X500X,,₹500,500,text_regex,600x500x500
FURN-01414,DIVINE CHAIRS CATALOGUE (W-O PRICE AND W-O LOGO),TABLE & STAND SERIES.pdf,tables,12,B1,,₹26,26,text_regex,B1026
FURN-01415,DIVINE CHAIRS CATALOGUE (W-O PRICE AND W-O LOGO),TABLE & STAND SERIES.pdf,tables,12,B1,,₹37,37,text_regex,B1037 GOLD
FURN-01416,DIVINE CHAIRS CATALOGUE (W-O PRICE AND W-O LOGO),TABLE & STAND SERIES.pdf,tables,13,380 X,,₹550,550,text_regex,380 X 550
FURN-01417,DIVINE CHAIRS CATALOGUE (W-O PRICE AND W-O LOGO),TABLE & STAND SERIES.pdf,tables,13,Bj,,₹21,21,text_regex,BJ 021
FURN-01418,DIVINE CHAIRS CATALOGUE (W-O PRICE AND W-O LOGO),TABLE & STAND SERIES.pdf,tables,13,450 X,,₹500,500,text_regex,450 X 500
FURN-01419,DIVINE CHAIRS CATALOGUE (W-O PRICE AND W-O LOGO),TABLE & STAND SERIES.pdf,tables,13,Ct,,₹36,36,text_regex,CT 036
FURN-01420,DIVINE CHAIRS CATALOGUE (W-O PRICE AND W-O LOGO),TABLE & STAND SERIES.pdf,tables,13,500 X,,₹500,500,text_regex,500 X 500h
FURN-01421,DIVINE CHAIRS CATALOGUE (W-O PRICE AND W-O LOGO),TABLE & STAND SERIES.pdf,tables,13,500 X,,₹580,580,text_regex,500 X 580 h
FURN-01422,DIVINE CHAIRS CATALOGUE (W-O PRICE AND W-O LOGO),TABLE & STAND SERIES.pdf,tables,13,Ct,,₹15,15,text_regex,CT 015
FURN-01423,DIVINE CHAIRS CATALOGUE (W-O PRICE AND W-O LOGO),TABLE & STAND SERIES.pdf,tables,13,500 X,,₹500,500,text_regex,500 X 500 h
FURN-01424,DIVINE CHAIRS CATALOGUE (W-O PRICE AND W-O LOGO),TABLE & STAND SERIES.pdf,tables,13,500 X,,₹465,465,text_regex,500 X 465
FURN-01425,DIVINE CHAIRS CATALOGUE (W-O PRICE AND W-O LOGO),TABLE & STAND SERIES.pdf,tables,13,600 X 420 X,,₹510,510,text_regex,600 X 420 X 510
FURN-01426,DIVINE CHAIRS CATALOGUE (W-O PRICE AND W-O LOGO),TABLE & STAND SERIES.pdf,tables,14,Sc,,₹110,110,text_regex,Sc110
FURN-01427,DIVINE CHAIRS CATALOGUE (W-O PRICE AND W-O LOGO),TABLE & STAND SERIES.pdf,tables,14,Sc,,₹114,114,text_regex,Sc114
FURN-01428,DIVINE CHAIRS CATALOGUE (W-O PRICE AND W-O LOGO),TABLE & STAND SERIES.pdf,tables,14,Sc,,₹75,75,text_regex,Sc075
FURN-01429,DIVINE CHAIRS CATALOGUE (W-O PRICE AND W-O LOGO),TABLE & STAND SERIES.pdf,tables,15,460 X 300 X,,₹400,400,text_regex,460 X 300 X 400 h
FURN-01430,DIVINE CHAIRS CATALOGUE (W-O PRICE AND W-O LOGO),TABLE & STAND SERIES.pdf,tables,15,675 X 355 X,,₹400,400,text_regex,675 X 355 X 400 h
FURN-01431,DIVINE CHAIRS CATALOGUE (W-O PRICE AND W-O LOGO),TABLE & STAND SERIES.pdf,tables,16,St,,₹57,57,text_regex,ST 057
FURN-01432,DIVINE CHAIRS CATALOGUE (W-O PRICE AND W-O LOGO),TABLE & STAND SERIES.pdf,tables,16,St,,₹59,59,text_regex,ST 059
FURN-01433,DIVINE CHAIRS CATALOGUE (W-O PRICE AND W-O LOGO),TABLE & STAND SERIES.pdf,tables,16,St,,₹46,46,text_regex,ST 046
FURN-01434,DIVINE CHAIRS CATALOGUE (W-O PRICE AND W-O LOGO),TABLE & STAND SERIES.pdf,tables,16,St,,₹29,29,text_regex,ST 029
FURN-01435,DIVINE CHAIRS CATALOGUE (W-O PRICE AND W-O LOGO),TABLE & STAND SERIES.pdf,tables,17,St,,₹18,18,text_regex,ST 018
FURN-01436,DIVINE CHAIRS CATALOGUE (W-O PRICE AND W-O LOGO),TABLE & STAND SERIES.pdf,tables,17,Sth 4,,₹102,102,text_regex,STH 4102
FURN-01437,DIVINE CHAIRS CATALOGUE (W-O PRICE AND W-O LOGO),TABLE & STAND SERIES.pdf,tables,17,Sth 4,,₹101,101,text_regex,STH 4101
FURN-01438,DIVINE CHAIRS CATALOGUE (W-O PRICE AND W-O LOGO),TABLE & STAND SERIES.pdf,tables,18,Sd,,₹103,103,text_regex,SD 103 | 900Ø X 750 h
FURN-01439,DIVINE CHAIRS CATALOGUE (W-O PRICE AND W-O LOGO),TABLE & STAND SERIES.pdf,tables,18,Sd,,₹152,152,text_regex,SD  152
FURN-01440,DIVINE CHAIRS CATALOGUE (W-O PRICE AND W-O LOGO),TABLE & STAND SERIES.pdf,tables,18,All Season,,₹800,800,text_regex,All Season 800Ø X 750 h
FURN-01441,DIVINE CHAIRS CATALOGUE (W-O PRICE AND W-O LOGO),TABLE & STAND SERIES.pdf,tables,18,800X800X,,₹750,750,text_regex,800X800X750h
FURN-01442,DIVINE CHAIRS CATALOGUE (W-O PRICE AND W-O LOGO),TABLE & STAND SERIES.pdf,tables,18,1200X800X,,₹750,750,text_regex,1200X800X750h
FURN-01443,DIVINE CHAIRS CATALOGUE (W-O PRICE AND W-O LOGO),TABLE & STAND SERIES.pdf,tables,18,Sd,,₹83,83,text_regex,SD  083
FURN-01444,DIVINE CHAIRS CATALOGUE (W-O PRICE AND W-O LOGO),TABLE & STAND SERIES.pdf,tables,19,1200 X 600 X 1,,₹50,50,text_regex,1200 X 600 X 1050 h
FURN-01445,DIVINE CHAIRS CATALOGUE (W-O PRICE AND W-O LOGO),TABLE & STAND SERIES.pdf,tables,19,600 X 600 X 1,,₹20,20,text_regex,600 X 600 X 1020 h
FURN-01446,DIVINE CHAIRS CATALOGUE (W-O PRICE AND W-O LOGO),TABLE & STAND SERIES.pdf,tables,19,600X600X1,,₹50,50,text_regex,600X600X1050 h
FURN-01447,DIVINE CHAIRS CATALOGUE (W-O PRICE AND W-O LOGO),TABLE & STAND SERIES.pdf,tables,19,1500 X 600 X 1,,₹50,50,text_regex,1500 X 600 X 1050 h
FURN-01448,DIVINE CHAIRS CATALOGUE (W-O PRICE AND W-O LOGO),TABLE & STAND SERIES.pdf,tables,19,800 X 800 X,,₹750,750,text_regex,800 X 800 X 750 h
FURN-01449,DIVINE CHAIRS CATALOGUE (W-O PRICE AND W-O LOGO),TABLE & STAND SERIES.pdf,tables,19,Z 207 / Z,,₹208,208,text_regex,Z 207 / Z 208
FURN-01450,DIVINE CHAIRS CATALOGUE (W-O PRICE AND W-O LOGO),TABLE & STAND SERIES.pdf,tables,19,1200 X 800 X,,₹750,750,text_regex,1200 X 800 X 750 | 800 X 800 X 750
FURN-01451,DIVINE CHAIRS CATALOGUE (W-O PRICE AND W-O LOGO),TABLE & STAND SERIES.pdf,tables,20,380 /500 X,,₹725,725,text_regex,380 /500 X 725 h
FURN-01452,DIVINE CHAIRS CATALOGUE (W-O PRICE AND W-O LOGO),TABLE & STAND SERIES.pdf,tables,20,400/ 500/ 580/ 720 X,,₹725,725,text_regex,400/ 500/ 580/ 720 X 725 h
FURN-01453,DIVINE CHAIRS CATALOGUE (W-O PRICE AND W-O LOGO),TABLE & STAND SERIES.pdf,tables,20,X 1,,₹20,20,text_regex,500 Ø X 1020 h
FURN-01454,DIVINE CHAIRS CATALOGUE (W-O PRICE AND W-O LOGO),TABLE & STAND SERIES.pdf,tables,20,T-2,,₹16,16,text_regex,T-2016
FURN-01455,DIVINE CHAIRS CATALOGUE (W-O PRICE AND W-O LOGO),TABLE & STAND SERIES.pdf,tables,20,520 X 520 X,,₹725,725,text_regex,520 X 520 X 725 h
FURN-01456,DIVINE CHAIRS CATALOGUE (W-O PRICE AND W-O LOGO),TABLE & STAND SERIES.pdf,tables,20,450 X,,₹725,725,text_regex,450 X 725
FURN-01457,DIVINE CHAIRS CATALOGUE (W-O PRICE AND W-O LOGO),TABLE & STAND SERIES.pdf,tables,20,700 X 700 X,,₹725,725,text_regex,700 X 700 X 725 h
FURN-01458,DIVINE CHAIRS CATALOGUE (W-O PRICE AND W-O LOGO),TABLE & STAND SERIES.pdf,tables,20,Bl-,,₹56,56,text_regex,BL-056-5
FURN-01459,DIVINE CHAIRS CATALOGUE (W-O PRICE AND W-O LOGO),TABLE & STAND SERIES.pdf,tables,21,680 X 680 X,,₹725,725,text_regex,680 X 680 X 725 h
FURN-01460,DIVINE CHAIRS CATALOGUE (W-O PRICE AND W-O LOGO),TABLE & STAND SERIES.pdf,tables,21,Jd,,₹413,413,text_regex,JD 413 (F)
FURN-01461,DIVINE CHAIRS CATALOGUE (W-O PRICE AND W-O LOGO),TABLE & STAND SERIES.pdf,tables,21,680 X 680 X,,₹725,725,text_regex,680 X 680 X 725 h
FURN-01462,DIVINE CHAIRS CATALOGUE (W-O PRICE AND W-O LOGO),TABLE & STAND SERIES.pdf,tables,21,750 X 750 X,,₹725,725,text_regex,750 X 750 X 725 h
FURN-01463,DIVINE CHAIRS CATALOGUE (W-O PRICE AND W-O LOGO),TABLE & STAND SERIES.pdf,tables,21,450X450X,,₹725,725,text_regex,450X450X725h
FURN-01464,DIVINE CHAIRS CATALOGUE (W-O PRICE AND W-O LOGO),TABLE & STAND SERIES.pdf,tables,21,400 X 700 X,,₹725,725,text_regex,400 X 700 X 725 h
FURN-01465,DIVINE CHAIRS CATALOGUE (W-O PRICE AND W-O LOGO),TABLE & STAND SERIES.pdf,tables,21,Top Size 700 X,,₹400,400,text_regex,Top Size 700 X 400
FURN-01466,DIVINE CHAIRS CATALOGUE (W-O PRICE AND W-O LOGO),TABLE & STAND SERIES.pdf,tables,22,Jd,,₹104,104,text_regex,JD 104  (F)
FURN-01467,DIVINE CHAIRS CATALOGUE (W-O PRICE AND W-O LOGO),TABLE & STAND SERIES.pdf,tables,22,400X700X,,₹725,725,text_regex,400X700X725h | 450X900X725h
FURN-01468,DIVINE CHAIRS CATALOGUE (W-O PRICE AND W-O LOGO),TABLE & STAND SERIES.pdf,tables,22,1200 X 700 X,,₹720,720,text_regex,1200 X 700 X 720 h
FURN-01469,DIVINE CHAIRS CATALOGUE (W-O PRICE AND W-O LOGO),TABLE & STAND SERIES.pdf,tables,23,1150 X 680 X,,₹725,725,text_regex,1150 X 680 X 725H
FURN-01470,DIVINE CHAIRS CATALOGUE (W-O PRICE AND W-O LOGO),TABLE & STAND SERIES.pdf,tables,23,Bl,,₹56,56,text_regex,BL 056 - 3
FURN-01471,DIVINE CHAIRS CATALOGUE (W-O PRICE AND W-O LOGO),TABLE & STAND SERIES.pdf,tables,23,2380 X 1180 X,,₹725,725,text_regex,2380 X 1180 X 725h
FURN-01472,DIVINE CHAIRS CATALOGUE (W-O PRICE AND W-O LOGO),TABLE & STAND SERIES.pdf,tables,24,Bl,,₹1,1,text_regex,BL 001
FURN-01473,DIVINE CHAIRS CATALOGUE (W-O PRICE AND W-O LOGO),TABLE & STAND SERIES.pdf,tables,24,1180X600X,,₹725,725,text_regex,1180X600X725h|1780X780X725h
FURN-01474,DIVINE CHAIRS CATALOGUE (W-O PRICE AND W-O LOGO),TABLE & STAND SERIES.pdf,tables,24,Bl,,₹56,56,text_regex,BL 056 - 1
FURN-01475,DIVINE CHAIRS CATALOGUE (W-O PRICE AND W-O LOGO),TABLE & STAND SERIES.pdf,tables,24,1480 X 580 X,,₹725,725,text_regex,1480 X 580 X 725h
FURN-01476,DIVINE CHAIRS CATALOGUE (W-O PRICE AND W-O LOGO),TABLE & STAND SERIES.pdf,tables,25,My Chair My Pride,All PricesareEx-Warehouse,Price on Request,0,ocr,MY CHAIR MY PRIDE | All PricesareEx-Warehouse | Price on Request
FURN-01477,DIVINE CHAIRS CATALOGUE (W-O PRICE AND W-O LOGO),WORKSTATION SERIES.pdf,workstation,1,Workstation,,Price on Request,0,ocr,WORKSTATION |  | Price on Request
FURN-01478,DIVINE CHAIRS CATALOGUE (W-O PRICE AND W-O LOGO),WORKSTATION SERIES.pdf,workstation,2,Workstation,NORWAY (),₹650,650,ocr,WORKSTATION | NORWAY () | ₹650
FURN-01479,DIVINE CHAIRS CATALOGUE (W-O PRICE AND W-O LOGO),WORKSTATION SERIES.pdf,workstation,3,Workstation,DECA (IMP),₹650,650,ocr,WORKSTATION | DECA (IMP) | ₹650
FURN-01480,DIVINE CHAIRS CATALOGUE (W-O PRICE AND W-O LOGO),WORKSTATION SERIES.pdf,workstation,4,Workstation,PEARL (M),₹650,650,ocr,WORKSTATION | PEARL (M) | ₹650
FURN-01481,DIVINE CHAIRS CATALOGUE (W-O PRICE AND W-O LOGO),WORKSTATION SERIES.pdf,workstation,5,Workstation,OMEGA (GREY & BLACK) (IND),₹650,650,ocr,WORKSTATION | OMEGA (GREY & BLACK) (IND) | ₹650
FURN-01482,DIVINE CHAIRS CATALOGUE (W-O PRICE AND W-O LOGO),WORKSTATION SERIES.pdf,workstation,6,Workstation,B1et,₹650,650,ocr,WORKSTATION | B1et | ₹650
FURN-01483,DIVINE CHAIRS CATALOGUE (W-O PRICE AND W-O LOGO),WORKSTATION SERIES.pdf,workstation,7,Workstation,VISTA BLACK (IND),₹650,650,ocr,WORKSTATION | VISTA BLACK (IND) | ₹650
FURN-01484,DIVINE CHAIRS CATALOGUE (W-O PRICE AND W-O LOGO),WORKSTATION SERIES.pdf,workstation,8,Workstation,ERGON BLK (IND),₹650,650,ocr,WORKSTATION | ERGON BLK (IND) | ₹650
FURN-01485,DIVINE CHAIRS CATALOGUE (W-O PRICE AND W-O LOGO),WORKSTATION SERIES.pdf,workstation,9,Workstation,SKY (IND),₹650,650,ocr,WORKSTATION | SKY (IND) | ₹650
FURN-01486,DIVINE CHAIRS CATALOGUE (W-O PRICE AND W-O LOGO),WORKSTATION SERIES.pdf,workstation,10,Workstation,QUEST DX (IND),₹650,650,ocr,WORKSTATION | QUEST DX (IND) | ₹650
FURN-01487,DIVINE CHAIRS CATALOGUE (W-O PRICE AND W-O LOGO),WORKSTATION SERIES.pdf,workstation,11,Workstation,COLT (IND),₹650,650,ocr,WORKSTATION | COLT (IND) | ₹650
FURN-01488,DIVINE CHAIRS CATALOGUE (W-O PRICE AND W-O LOGO),WORKSTATION SERIES.pdf,workstation,12,Workstation,QUEEN WHITE (IND),₹650,650,ocr,WORKSTATION | QUEEN WHITE (IND) | ₹650
FURN-01489,DIVINE CHAIRS CATALOGUE (W-O PRICE AND W-O LOGO),WORKSTATION SERIES.pdf,workstation,13,Visitor,ASTOR VISITOR (IMP),Price on Request,0,ocr,VISITOR | ASTOR VISITOR (IMP) | Price on Request
FURN-01490,DIVINE CHAIRS CATALOGUE (W-O PRICE AND W-O LOGO),WORKSTATION SERIES.pdf,workstation,14,Visitor,OCTA VISITOR,Price on Request,0,ocr,VISITOR | OCTA VISITOR | Price on Request
FURN-01491,DIVINE CHAIRS CATALOGUE (W-O PRICE AND W-O LOGO),WORKSTATION SERIES.pdf,workstation,15,Educational,KEY W/O TABLET (IND),Price on Request,0,ocr,EDUCATIONAL | KEY W/O TABLET (IND) | Price on Request
FURN-01492,DIVINE CHAIRS CATALOGUE (W-O PRICE AND W-O LOGO),WORKSTATION SERIES.pdf,workstation,16,My Chair My Pride,All PricesareEx-Warehouse,Price on Request,0,ocr,MY CHAIR MY PRIDE | All PricesareEx-Warehouse | Price on Request
