ID,Folder,PDF_File,Category,Page,Product_Title,Price_Formatted,Raw_Price,Image_Path,Line_Text
EXT-0002,A -DIVINE CHAIRS PRICELIST,CAFE PRICELIST- AUG26.pdf,cafe,2,Lisbon Cush Woody,Price on Request,0,/extracted_product_images/EXT-0002.jpg,LISBON CUSH WOODY
EXT-0003,A -DIVINE CHAIRS PRICELIST,CAFE PRICELIST- AUG26.pdf,cafe,2,Lisbon Pp,Price on Request,0,/extracted_product_images/EXT-0003.jpg,LISBON PP
EXT-0004,A -DIVINE CHAIRS PRICELIST,CAFE PRICELIST- AUG26.pdf,cafe,3,Vibe,Price on Request,0,/extracted_product_images/EXT-0004.jpg,VIBE
EXT-0005,A -DIVINE CHAIRS PRICELIST,CAFE PRICELIST- AUG26.pdf,cafe,3,Cane Arms,Price on Request,0,/extracted_product_images/EXT-0005.jpg,CANE ARMS
EXT-0006,A -DIVINE CHAIRS PRICELIST,CAFE PRICELIST- AUG26.pdf,cafe,4,Bonny Gold,Price on Request,0,/extracted_product_images/EXT-0006.jpg,BONNY GOLD
EXT-0007,A -DIVINE CHAIRS PRICELIST,CAFE PRICELIST- AUG26.pdf,cafe,4,Fin,Price on Request,0,/extracted_product_images/EXT-0007.jpg,FIN
EXT-0008,A -DIVINE CHAIRS PRICELIST,DINNING PRICELIST -AUG26 .pdf,dining,1,26,₹0,0,/extracted_product_images/EXT-0008.jpg,26000/-
EXT-0009,A -DIVINE CHAIRS PRICELIST,DINNING PRICELIST -AUG26 .pdf,dining,2,31,₹0,0,/extracted_product_images/EXT-0009.jpg,31000/-
EXT-0010,A -DIVINE CHAIRS PRICELIST,DINNING PRICELIST -AUG26 .pdf,dining,2,28,₹750,750,/extracted_product_images/EXT-0010.jpg,28750/-
EXT-0011,A -DIVINE CHAIRS PRICELIST,DINNING PRICELIST -AUG26 .pdf,dining,2,32,₹0,0,/extracted_product_images/EXT-0011.jpg,32000/-
EXT-0012,A -DIVINE CHAIRS PRICELIST,DINNING PRICELIST -AUG26 .pdf,dining,3,17,₹0,0,/extracted_product_images/EXT-0012.jpg,17000/-
EXT-0013,A -DIVINE CHAIRS PRICELIST,DINNING PRICELIST -AUG26 .pdf,dining,3,21,₹500,500,/extracted_product_images/EXT-0013.jpg,21500/-
EXT-0014,A -DIVINE CHAIRS PRICELIST,DINNING PRICELIST -AUG26 .pdf,dining,3,21,₹0,0,/extracted_product_images/EXT-0014.jpg,21000/-
EXT-0015,A -DIVINE CHAIRS PRICELIST,DINNING PRICELIST -AUG26 .pdf,dining,4,22,₹0,0,/extracted_product_images/EXT-0015.jpg,22000/-
EXT-0016,A -DIVINE CHAIRS PRICELIST,DINNING PRICELIST -AUG26 .pdf,dining,4,26,₹0,0,/extracted_product_images/EXT-0016.jpg,26000/-
EXT-0017,A -DIVINE CHAIRS PRICELIST,DINNING PRICELIST -AUG26 .pdf,dining,4,42,₹0,0,/extracted_product_images/EXT-0017.jpg,42000/-
EXT-0018,A -DIVINE CHAIRS PRICELIST,DINNING PRICELIST -AUG26 .pdf,dining,5,17,₹0,0,/extracted_product_images/EXT-0018.jpg,17000/-
EXT-0019,A -DIVINE CHAIRS PRICELIST,DINNING PRICELIST -AUG26 .pdf,dining,5,26,₹0,0,/extracted_product_images/EXT-0019.jpg,26000/-
EXT-0020,A -DIVINE CHAIRS PRICELIST,DINNING PRICELIST -AUG26 .pdf,dining,5,22,₹0,0,/extracted_product_images/EXT-0020.jpg,22000/-
EXT-0021,A -DIVINE CHAIRS PRICELIST,DINNING PRICELIST -AUG26 .pdf,dining,6,26,₹0,0,/extracted_product_images/EXT-0021.jpg,26000/-
EXT-0022,A -DIVINE CHAIRS PRICELIST,DINNING PRICELIST -AUG26 .pdf,dining,6,28,₹0,0,/extracted_product_images/EXT-0022.jpg,28000/-
EXT-0023,A -DIVINE CHAIRS PRICELIST,DINNING PRICELIST -AUG26 .pdf,dining,6,10,₹750,750,/extracted_product_images/EXT-0023.jpg,10750/-
EXT-0024,A -DIVINE CHAIRS PRICELIST,DINNING PRICELIST -AUG26 .pdf,dining,7,22,₹0,0,/extracted_product_images/EXT-0024.jpg,22000/-
EXT-0025,A -DIVINE CHAIRS PRICELIST,DINNING PRICELIST -AUG26 .pdf,dining,7,23,₹0,0,/extracted_product_images/EXT-0025.jpg,23000/-
EXT-0026,A -DIVINE CHAIRS PRICELIST,DINNING PRICELIST -AUG26 .pdf,dining,7,17,₹500,500,/extracted_product_images/EXT-0026.jpg,17500/-
EXT-0027,A -DIVINE CHAIRS PRICELIST,DINNING PRICELIST -AUG26 .pdf,dining,8,22,₹0,0,/extracted_product_images/EXT-0027.jpg,22000/-
EXT-0028,A -DIVINE CHAIRS PRICELIST,DINNING PRICELIST -AUG26 .pdf,dining,8,23,₹0,0,/extracted_product_images/EXT-0028.jpg,23000/-
EXT-0029,A -DIVINE CHAIRS PRICELIST,DINNING PRICELIST -AUG26 .pdf,dining,8,22,₹0,0,/extracted_product_images/EXT-0029.jpg,22000/-
EXT-0030,A -DIVINE CHAIRS PRICELIST,DINNING PRICELIST -AUG26 .pdf,dining,9,14,₹0,0,/extracted_product_images/EXT-0030.jpg,14000/-
EXT-0031,A -DIVINE CHAIRS PRICELIST,DINNING PRICELIST -AUG26 .pdf,dining,10,11,₹500,500,/extracted_product_images/EXT-0031.jpg,11500/-
EXT-0032,A -DIVINE CHAIRS PRICELIST,DINNING PRICELIST -AUG26 .pdf,dining,10,18,₹500,500,/extracted_product_images/EXT-0032.jpg,18500/-
EXT-0033,A -DIVINE CHAIRS PRICELIST,DINNING PRICELIST -AUG26 .pdf,dining,10,12,₹500,500,/extracted_product_images/EXT-0033.jpg,12500/-
EXT-0034,A -DIVINE CHAIRS PRICELIST,DINNING PRICELIST -AUG26 .pdf,dining,11,34,₹0,0,/extracted_product_images/EXT-0034.jpg,34000/-
EXT-0035,A -DIVINE CHAIRS PRICELIST,DINNING PRICELIST -AUG26 .pdf,dining,11,22,₹0,0,/extracted_product_images/EXT-0035.jpg,22000/-
EXT-0036,A -DIVINE CHAIRS PRICELIST,DINNING PRICELIST -AUG26 .pdf,dining,11,42,₹0,0,/extracted_product_images/EXT-0036.jpg,42000/-
EXT-0037,A -DIVINE CHAIRS PRICELIST,DINNING PRICELIST -AUG26 .pdf,dining,12,23,₹0,0,/extracted_product_images/EXT-0037.jpg,23000/-
EXT-0038,A -DIVINE CHAIRS PRICELIST,DINNING PRICELIST -AUG26 .pdf,dining,12,17,₹200,200,/extracted_product_images/EXT-0038.jpg,17200/-
EXT-0039,A -DIVINE CHAIRS PRICELIST,DINNING PRICELIST -AUG26 .pdf,dining,12,16,₹0,0,/extracted_product_images/EXT-0039.jpg,16000/-
EXT-0040,A -DIVINE CHAIRS PRICELIST,DINNING PRICELIST -AUG26 .pdf,dining,13,18,₹800,800,/extracted_product_images/EXT-0040.jpg,18800/-
EXT-0041,A -DIVINE CHAIRS PRICELIST,DINNING PRICELIST -AUG26 .pdf,dining,13,23,₹500,500,/extracted_product_images/EXT-0041.jpg,23500/-
EXT-0042,A -DIVINE CHAIRS PRICELIST,DINNING PRICELIST -AUG26 .pdf,dining,13,23,₹0,0,/extracted_product_images/EXT-0042.jpg,23000/-
EXT-0043,A -DIVINE CHAIRS PRICELIST,DINNING PRICELIST -AUG26 .pdf,dining,14,21,₹500,500,/extracted_product_images/EXT-0043.jpg,21500/-
EXT-0044,A -DIVINE CHAIRS PRICELIST,DINNING PRICELIST -AUG26 .pdf,dining,14,21,₹0,0,/extracted_product_images/EXT-0044.jpg,21000/-
EXT-0045,A -DIVINE CHAIRS PRICELIST,DINNING PRICELIST -AUG26 .pdf,dining,14,19,₹0,0,/extracted_product_images/EXT-0045.jpg,19000/-
EXT-0046,A -DIVINE CHAIRS PRICELIST,DINNING PRICELIST -AUG26 .pdf,dining,15,10,₹500,500,/extracted_product_images/EXT-0046.jpg,10500/-
EXT-0047,A -DIVINE CHAIRS PRICELIST,DINNING PRICELIST -AUG26 .pdf,dining,15,18,₹500,500,/extracted_product_images/EXT-0047.jpg,18500/-
EXT-0048,A -DIVINE CHAIRS PRICELIST,DINNING PRICELIST -AUG26 .pdf,dining,15,Wood,"₹22,500",22500,/extracted_product_images/EXT-0048.jpg,WOOD : 22500/- | METAL : 20000/-
EXT-0049,A -DIVINE CHAIRS PRICELIST,DINNING PRICELIST -AUG26 .pdf,dining,16,19,₹500,500,/extracted_product_images/EXT-0049.jpg,19500/-
EXT-0050,A -DIVINE CHAIRS PRICELIST,DINNING PRICELIST -AUG26 .pdf,dining,16,14,₹500,500,/extracted_product_images/EXT-0050.jpg,14500/-
EXT-0051,A -DIVINE CHAIRS PRICELIST,DINNING PRICELIST -AUG26 .pdf,dining,16,23,₹0,0,/extracted_product_images/EXT-0051.jpg,23000/-
EXT-0052,A -DIVINE CHAIRS PRICELIST,DINNING PRICELIST -AUG26 .pdf,dining,17,16,₹500,500,/extracted_product_images/EXT-0052.jpg,16500/-
EXT-0053,A -DIVINE CHAIRS PRICELIST,DINNING PRICELIST -AUG26 .pdf,dining,17,14,₹0,0,/extracted_product_images/EXT-0053.jpg,14000/-
EXT-0054,A -DIVINE CHAIRS PRICELIST,DINNING PRICELIST -AUG26 .pdf,dining,17,19,₹500,500,/extracted_product_images/EXT-0054.jpg,19500/-
EXT-0055,A -DIVINE CHAIRS PRICELIST,DINNING PRICELIST -AUG26 .pdf,dining,18,21,₹0,0,/extracted_product_images/EXT-0055.jpg,21000/- | BLACK - 21000/-
EXT-0056,A -DIVINE CHAIRS PRICELIST,DINNING PRICELIST -AUG26 .pdf,dining,18,14,₹500,500,/extracted_product_images/EXT-0056.jpg,14500/-
EXT-0057,A -DIVINE CHAIRS PRICELIST,DINNING PRICELIST -AUG26 .pdf,dining,18,23,₹0,0,/extracted_product_images/EXT-0057.jpg,23000/-
EXT-0058,A -DIVINE CHAIRS PRICELIST,DINNING PRICELIST -AUG26 .pdf,dining,19,13,₹750,750,/extracted_product_images/EXT-0058.jpg,13750/-
EXT-0059,A -DIVINE CHAIRS PRICELIST,DINNING PRICELIST -AUG26 .pdf,dining,19,10,₹750,750,/extracted_product_images/EXT-0059.jpg,10750/-
EXT-0060,A -DIVINE CHAIRS PRICELIST,DINNING PRICELIST -AUG26 .pdf,dining,19,11,₹0,0,/extracted_product_images/EXT-0060.jpg,11000/-
EXT-0061,A -DIVINE CHAIRS PRICELIST,DINNING PRICELIST -AUG26 .pdf,dining,20,15,₹0,0,/extracted_product_images/EXT-0061.jpg,15000/-
EXT-0062,A -DIVINE CHAIRS PRICELIST,DINNING PRICELIST -AUG26 .pdf,dining,20,15,₹0,0,/extracted_product_images/EXT-0062.jpg,15000/-
EXT-0063,A -DIVINE CHAIRS PRICELIST,DINNING PRICELIST -AUG26 .pdf,dining,20,16,₹0,0,/extracted_product_images/EXT-0063.jpg,16000/-
EXT-0064,A -DIVINE CHAIRS PRICELIST,DINNING PRICELIST -AUG26 .pdf,dining,21,21,₹0,0,/extracted_product_images/EXT-0064.jpg,21000/-
EXT-0065,A -DIVINE CHAIRS PRICELIST,DINNING PRICELIST -AUG26 .pdf,dining,21,15,₹0,0,/extracted_product_images/EXT-0065.jpg,15000/-
EXT-0066,A -DIVINE CHAIRS PRICELIST,DINNING PRICELIST -AUG26 .pdf,dining,21,15,₹0,0,/extracted_product_images/EXT-0066.jpg,15000/-
EXT-0067,A -DIVINE CHAIRS PRICELIST,DINNING PRICELIST -AUG26 .pdf,dining,22,Pepper,Price on Request,0,/extracted_product_images/EXT-0067.jpg,PEPPER
EXT-0068,A -DIVINE CHAIRS PRICELIST,DINNING PRICELIST -AUG26 .pdf,dining,23,12,₹250,250,/extracted_product_images/EXT-0068.jpg,12250/-
EXT-0069,A -DIVINE CHAIRS PRICELIST,DINNING PRICELIST -AUG26 .pdf,dining,23,11,₹500,500,/extracted_product_images/EXT-0069.jpg,11500/-
EXT-0070,A -DIVINE CHAIRS PRICELIST,DINNING PRICELIST -AUG26 .pdf,dining,24,Softy,Price on Request,0,/extracted_product_images/EXT-0070.jpg,SOFTY
EXT-0071,A -DIVINE CHAIRS PRICELIST,DINNING PRICELIST -AUG26 .pdf,dining,24,Carange,Price on Request,0,/extracted_product_images/EXT-0071.jpg,CARANGE
EXT-0072,A -DIVINE CHAIRS PRICELIST,DINNING PRICELIST -AUG26 .pdf,dining,25,13,₹500,500,/extracted_product_images/EXT-0072.jpg,13500/-
EXT-0073,A -DIVINE CHAIRS PRICELIST,DINNING PRICELIST -AUG26 .pdf,dining,25,10,₹500,500,/extracted_product_images/EXT-0073.jpg,10500/-
EXT-0074,A -DIVINE CHAIRS PRICELIST,DINNING PRICELIST -AUG26 .pdf,dining,26,13,₹0,0,/extracted_product_images/EXT-0074.jpg,13000/-
EXT-0075,A -DIVINE CHAIRS PRICELIST,DINNING PRICELIST -AUG26 .pdf,dining,26,12,₹0,0,/extracted_product_images/EXT-0075.jpg,12000/-
EXT-0076,A -DIVINE CHAIRS PRICELIST,DINNING PRICELIST -AUG26 .pdf,dining,26,14,₹500,500,/extracted_product_images/EXT-0076.jpg,14500/-
EXT-0077,A -DIVINE CHAIRS PRICELIST,DINNING PRICELIST -AUG26 .pdf,dining,27,11,₹0,0,/extracted_product_images/EXT-0077.jpg,11000/-
EXT-0078,A -DIVINE CHAIRS PRICELIST,DINNING PRICELIST -AUG26 .pdf,dining,28,23,₹0,0,/extracted_product_images/EXT-0078.jpg,23000/-
EXT-0079,A -DIVINE CHAIRS PRICELIST,DINNING PRICELIST -AUG26 .pdf,dining,28,14,₹0,0,/extracted_product_images/EXT-0079.jpg,14000/-
EXT-0080,A -DIVINE CHAIRS PRICELIST,EXECUTIVE PRICELIST-AUG26.pdf,executive,1,Collection,Price on Request,0,/extracted_product_images/EXT-0080.jpg,COLLECTION
EXT-0081,A -DIVINE CHAIRS PRICELIST,EXECUTIVE PRICELIST-AUG26.pdf,executive,2,81,₹0,0,/extracted_product_images/EXT-0081.jpg,: 81000/- | MB : 79000/-
EXT-0082,A -DIVINE CHAIRS PRICELIST,EXECUTIVE PRICELIST-AUG26.pdf,executive,2,76,₹0,0,/extracted_product_images/EXT-0082.jpg,: 76000/- | MB : 74000/-
EXT-0083,A -DIVINE CHAIRS PRICELIST,EXECUTIVE PRICELIST-AUG26.pdf,executive,2,- 130,₹0,0,/extracted_product_images/EXT-0083.jpg,- 130000/-
EXT-0084,A -DIVINE CHAIRS PRICELIST,EXECUTIVE PRICELIST-AUG26.pdf,executive,3,35,₹0,0,/extracted_product_images/EXT-0084.jpg,: 35000/-
EXT-0085,A -DIVINE CHAIRS PRICELIST,EXECUTIVE PRICELIST-AUG26.pdf,executive,3,34,₹0,0,/extracted_product_images/EXT-0085.jpg,: 34000/-
EXT-0086,A -DIVINE CHAIRS PRICELIST,EXECUTIVE PRICELIST-AUG26.pdf,executive,3,35,₹0,0,/extracted_product_images/EXT-0086.jpg,: 35000/-
EXT-0087,A -DIVINE CHAIRS PRICELIST,EXECUTIVE PRICELIST-AUG26.pdf,executive,3,34,₹0,0,/extracted_product_images/EXT-0087.jpg,: 34000/-
EXT-0088,A -DIVINE CHAIRS PRICELIST,EXECUTIVE PRICELIST-AUG26.pdf,executive,4,40,₹0,0,/extracted_product_images/EXT-0088.jpg,: 40000/-
EXT-0089,A -DIVINE CHAIRS PRICELIST,EXECUTIVE PRICELIST-AUG26.pdf,executive,4,38,₹0,0,/extracted_product_images/EXT-0089.jpg,: 38000/-
EXT-0090,A -DIVINE CHAIRS PRICELIST,EXECUTIVE PRICELIST-AUG26.pdf,executive,4,40,₹0,0,/extracted_product_images/EXT-0090.jpg,: 40000/-
EXT-0091,A -DIVINE CHAIRS PRICELIST,EXECUTIVE PRICELIST-AUG26.pdf,executive,4,38,₹0,0,/extracted_product_images/EXT-0091.jpg,: 38000/-
EXT-0092,A -DIVINE CHAIRS PRICELIST,EXECUTIVE PRICELIST-AUG26.pdf,executive,5,31,₹0,0,/extracted_product_images/EXT-0092.jpg,: 31000/-
EXT-0093,A -DIVINE CHAIRS PRICELIST,EXECUTIVE PRICELIST-AUG26.pdf,executive,5,29,₹0,0,/extracted_product_images/EXT-0093.jpg,: 29000/-
EXT-0094,A -DIVINE CHAIRS PRICELIST,EXECUTIVE PRICELIST-AUG26.pdf,executive,5,29,₹0,0,/extracted_product_images/EXT-0094.jpg,: 29000/-
EXT-0095,A -DIVINE CHAIRS PRICELIST,EXECUTIVE PRICELIST-AUG26.pdf,executive,5,28,₹0,0,/extracted_product_images/EXT-0095.jpg,: 28000/-
EXT-0096,A -DIVINE CHAIRS PRICELIST,EXECUTIVE PRICELIST-AUG26.pdf,executive,6,30,₹500,500,/extracted_product_images/EXT-0096.jpg,: 30500/-
EXT-0097,A -DIVINE CHAIRS PRICELIST,EXECUTIVE PRICELIST-AUG26.pdf,executive,6,28,₹500,500,/extracted_product_images/EXT-0097.jpg,: 28500/-
EXT-0098,A -DIVINE CHAIRS PRICELIST,EXECUTIVE PRICELIST-AUG26.pdf,executive,7,24,₹500,500,/extracted_product_images/EXT-0098.jpg,: 24500/- | MB : 23500/-
EXT-0099,A -DIVINE CHAIRS PRICELIST,EXECUTIVE PRICELIST-AUG26.pdf,executive,7,23,₹500,500,/extracted_product_images/EXT-0099.jpg,: 23500/-  | MB : 22500/-
EXT-0100,A -DIVINE CHAIRS PRICELIST,EXECUTIVE PRICELIST-AUG26.pdf,executive,7,32,₹0,0,/extracted_product_images/EXT-0100.jpg,: 32000/-
EXT-0101,A -DIVINE CHAIRS PRICELIST,EXECUTIVE PRICELIST-AUG26.pdf,executive,7,31,₹0,0,/extracted_product_images/EXT-0101.jpg,: 31000/-
EXT-0102,A -DIVINE CHAIRS PRICELIST,EXECUTIVE PRICELIST-AUG26.pdf,executive,8,16,₹200,200,/extracted_product_images/EXT-0102.jpg,: 16200/- |MB : 15300/-
EXT-0103,A -DIVINE CHAIRS PRICELIST,EXECUTIVE PRICELIST-AUG26.pdf,executive,8,(Ind/Eco) 10,₹500,500,/extracted_product_images/EXT-0103.jpg,(IND/ECO) 10500/- |MB : 9
EXT-0104,A -DIVINE CHAIRS PRICELIST,EXECUTIVE PRICELIST-AUG26.pdf,executive,8,11,₹500,500,/extracted_product_images/EXT-0104.jpg,: 11500/- | MB :10500/-
EXT-0105,A -DIVINE CHAIRS PRICELIST,EXECUTIVE PRICELIST-AUG26.pdf,executive,9,21,₹500,500,/extracted_product_images/EXT-0105.jpg,: 21500/-
EXT-0106,A -DIVINE CHAIRS PRICELIST,EXECUTIVE PRICELIST-AUG26.pdf,executive,9,20,₹500,500,/extracted_product_images/EXT-0106.jpg,: 20500/-
EXT-0107,A -DIVINE CHAIRS PRICELIST,EXECUTIVE PRICELIST-AUG26.pdf,executive,9,20,₹0,0,/extracted_product_images/EXT-0107.jpg,: 20000/-
EXT-0108,A -DIVINE CHAIRS PRICELIST,EXECUTIVE PRICELIST-AUG26.pdf,executive,9,18,₹500,500,/extracted_product_images/EXT-0108.jpg,: 18500/-
EXT-0109,A -DIVINE CHAIRS PRICELIST,EXECUTIVE PRICELIST-AUG26.pdf,executive,10,19,₹0,0,/extracted_product_images/EXT-0109.jpg,: 19000/-
EXT-0110,A -DIVINE CHAIRS PRICELIST,EXECUTIVE PRICELIST-AUG26.pdf,executive,10,16,₹500,500,/extracted_product_images/EXT-0110.jpg,: 16500/-
EXT-0111,A -DIVINE CHAIRS PRICELIST,EXECUTIVE PRICELIST-AUG26.pdf,executive,10,15,₹0,0,/extracted_product_images/EXT-0111.jpg,: 15000/-
EXT-0112,A -DIVINE CHAIRS PRICELIST,EXECUTIVE PRICELIST-AUG26.pdf,executive,10,18,₹500,500,/extracted_product_images/EXT-0112.jpg,: 18500/-
EXT-0113,A -DIVINE CHAIRS PRICELIST,EXECUTIVE PRICELIST-AUG26.pdf,executive,10,17,₹500,500,/extracted_product_images/EXT-0113.jpg,: 17500/-
EXT-0114,A -DIVINE CHAIRS PRICELIST,EXECUTIVE PRICELIST-AUG26.pdf,executive,11,16,₹0,0,/extracted_product_images/EXT-0114.jpg,16000/-
EXT-0115,A -DIVINE CHAIRS PRICELIST,EXECUTIVE PRICELIST-AUG26.pdf,executive,11,10,₹700,700,/extracted_product_images/EXT-0115.jpg,: 10700/- |MB
EXT-0116,A -DIVINE CHAIRS PRICELIST,EXECUTIVE PRICELIST-AUG26.pdf,executive,11,10,₹0,0,/extracted_product_images/EXT-0116.jpg,: 10000/-
EXT-0117,A -DIVINE CHAIRS PRICELIST,EXECUTIVE PRICELIST-AUG26.pdf,executive,11,29,₹0,0,/extracted_product_images/EXT-0117.jpg,: 29000/- |MB
EXT-0118,A -DIVINE CHAIRS PRICELIST,EXECUTIVE PRICELIST-AUG26.pdf,executive,11,27,₹0,0,/extracted_product_images/EXT-0118.jpg,: 27000/-
EXT-0119,A -DIVINE CHAIRS PRICELIST,EXECUTIVE PRICELIST-AUG26.pdf,executive,11,18,₹500,500,/extracted_product_images/EXT-0119.jpg,: 18500/-
EXT-0120,A -DIVINE CHAIRS PRICELIST,EXECUTIVE PRICELIST-AUG26.pdf,executive,11,17,₹500,500,/extracted_product_images/EXT-0120.jpg,: 17500/-
EXT-0121,A -DIVINE CHAIRS PRICELIST,EXECUTIVE PRICELIST-AUG26.pdf,executive,11,15,₹700,700,/extracted_product_images/EXT-0121.jpg,15700/-
EXT-0122,A -DIVINE CHAIRS PRICELIST,EXECUTIVE PRICELIST-AUG26.pdf,executive,12,15,₹750,750,/extracted_product_images/EXT-0122.jpg,: 15750/-
EXT-0123,A -DIVINE CHAIRS PRICELIST,EXECUTIVE PRICELIST-AUG26.pdf,executive,12,14,₹750,750,/extracted_product_images/EXT-0123.jpg,: 14750/-
EXT-0124,A -DIVINE CHAIRS PRICELIST,EXECUTIVE PRICELIST-AUG26.pdf,executive,12,14,₹750,750,/extracted_product_images/EXT-0124.jpg,: 14750/-
EXT-0125,A -DIVINE CHAIRS PRICELIST,EXECUTIVE PRICELIST-AUG26.pdf,executive,12,13,₹750,750,/extracted_product_images/EXT-0125.jpg,: 13750/-
EXT-0126,A -DIVINE CHAIRS PRICELIST,EXECUTIVE PRICELIST-AUG26.pdf,executive,13,23,₹0,0,/extracted_product_images/EXT-0126.jpg,: 23000/- | MB : 22500/-
EXT-0127,A -DIVINE CHAIRS PRICELIST,EXECUTIVE PRICELIST-AUG26.pdf,executive,13,22,₹500,500,/extracted_product_images/EXT-0127.jpg,: 22500/-  | MB : 21500/-
EXT-0128,A -DIVINE CHAIRS PRICELIST,EXECUTIVE PRICELIST-AUG26.pdf,executive,13,23,₹0,0,/extracted_product_images/EXT-0128.jpg,: 23000/- | MB : 22500/-
EXT-0129,A -DIVINE CHAIRS PRICELIST,EXECUTIVE PRICELIST-AUG26.pdf,executive,13,22,₹500,500,/extracted_product_images/EXT-0129.jpg,: 22500/- | MB : 21500/-
EXT-0130,A -DIVINE CHAIRS PRICELIST,EXECUTIVE PRICELIST-AUG26.pdf,executive,13,12,₹0,0,/extracted_product_images/EXT-0130.jpg,: 12000/- | MB : 11500/-
EXT-0131,A -DIVINE CHAIRS PRICELIST,EXECUTIVE PRICELIST-AUG26.pdf,executive,13,10,₹0,0,/extracted_product_images/EXT-0131.jpg,: 10000/- | MB : 9500/-
EXT-0132,A -DIVINE CHAIRS PRICELIST,EXECUTIVE PRICELIST-AUG26.pdf,executive,14,10,₹750,750,/extracted_product_images/EXT-0132.jpg,: 10750/-
EXT-0133,A -DIVINE CHAIRS PRICELIST,EXECUTIVE PRICELIST-AUG26.pdf,executive,14,10,₹0,0,/extracted_product_images/EXT-0133.jpg,: 10000/-
EXT-0134,A -DIVINE CHAIRS PRICELIST,EXECUTIVE PRICELIST-AUG26.pdf,executive,15,13,₹0,0,/extracted_product_images/EXT-0134.jpg,: 13000/-
EXT-0135,A -DIVINE CHAIRS PRICELIST,EXECUTIVE PRICELIST-AUG26.pdf,executive,15,12,₹0,0,/extracted_product_images/EXT-0135.jpg,: 12000/-
EXT-0136,A -DIVINE CHAIRS PRICELIST,EXECUTIVE PRICELIST-AUG26.pdf,executive,15,14,₹250,250,/extracted_product_images/EXT-0136.jpg,: 14250/-
EXT-0137,A -DIVINE CHAIRS PRICELIST,EXECUTIVE PRICELIST-AUG26.pdf,executive,15,13,₹500,500,/extracted_product_images/EXT-0137.jpg,: 13500/-
EXT-0138,A -DIVINE CHAIRS PRICELIST,EXECUTIVE PRICELIST-AUG26.pdf,executive,16,14,₹0,0,/extracted_product_images/EXT-0138.jpg,: 14000/-
EXT-0139,A -DIVINE CHAIRS PRICELIST,EXECUTIVE PRICELIST-AUG26.pdf,executive,16,13,₹0,0,/extracted_product_images/EXT-0139.jpg,: 13000/-
EXT-0140,A -DIVINE CHAIRS PRICELIST,EXECUTIVE PRICELIST-AUG26.pdf,executive,16,13,₹500,500,/extracted_product_images/EXT-0140.jpg,: 13500/-
EXT-0141,A -DIVINE CHAIRS PRICELIST,EXECUTIVE PRICELIST-AUG26.pdf,executive,16,12,₹500,500,/extracted_product_images/EXT-0141.jpg,: 12500/-
EXT-0142,A -DIVINE CHAIRS PRICELIST,EXECUTIVE PRICELIST-AUG26.pdf,executive,17,(Ind) 8,₹800,800,/extracted_product_images/EXT-0142.jpg,(IND) 8800/- | MB : 76
EXT-0143,A -DIVINE CHAIRS PRICELIST,EXECUTIVE PRICELIST-AUG26.pdf,executive,17,11,₹500,500,/extracted_product_images/EXT-0143.jpg,: 11500/-
EXT-0144,A -DIVINE CHAIRS PRICELIST,EXECUTIVE PRICELIST-AUG26.pdf,executive,17,10,₹500,500,/extracted_product_images/EXT-0144.jpg,: 10500/-
EXT-0145,A -DIVINE CHAIRS PRICELIST,EXECUTIVE PRICELIST-AUG26.pdf,executive,18,10,₹500,500,/extracted_product_images/EXT-0145.jpg,: 10500/-
EXT-0146,A -DIVINE CHAIRS PRICELIST,EXECUTIVE PRICELIST-AUG26.pdf,executive,18,10,₹0,0,/extracted_product_images/EXT-0146.jpg,: 10000/-
EXT-0147,A -DIVINE CHAIRS PRICELIST,EXECUTIVE PRICELIST-AUG26.pdf,executive,18,10,₹0,0,/extracted_product_images/EXT-0147.jpg,: 10000/-
EXT-0148,A -DIVINE CHAIRS PRICELIST,EXECUTIVE PRICELIST-AUG26.pdf,executive,19,Atom Dlx Hb,Price on Request,0,/extracted_product_images/EXT-0148.jpg,ATOM DLX HB
EXT-0149,A -DIVINE CHAIRS PRICELIST,EXECUTIVE PRICELIST-AUG26.pdf,executive,19,Eon Dlx Hb,Price on Request,0,/extracted_product_images/EXT-0149.jpg,EON DLX HB
EXT-0150,A -DIVINE CHAIRS PRICELIST,EXECUTIVE PRICELIST-AUG26.pdf,executive,20,Marquis,Price on Request,0,/extracted_product_images/EXT-0150.jpg,MARQUIS
EXT-0151,A -DIVINE CHAIRS PRICELIST,EXECUTIVE PRICELIST-AUG26.pdf,executive,21,64,₹0,0,/extracted_product_images/EXT-0151.jpg,: 64000/-
EXT-0152,A -DIVINE CHAIRS PRICELIST,EXECUTIVE PRICELIST-AUG26.pdf,executive,21,60,₹0,0,/extracted_product_images/EXT-0152.jpg,: 60000/-
EXT-0153,A -DIVINE CHAIRS PRICELIST,EXECUTIVE PRICELIST-AUG26.pdf,executive,21,56,₹0,0,/extracted_product_images/EXT-0153.jpg,: 56000/-
EXT-0154,A -DIVINE CHAIRS PRICELIST,EXECUTIVE PRICELIST-AUG26.pdf,executive,21,52,₹0,0,/extracted_product_images/EXT-0154.jpg,: 52000/-
EXT-0155,A -DIVINE CHAIRS PRICELIST,EXECUTIVE PRICELIST-AUG26.pdf,executive,22,63,₹500,500,/extracted_product_images/EXT-0155.jpg,: 63500/- | MB : 58500/-
EXT-0156,A -DIVINE CHAIRS PRICELIST,EXECUTIVE PRICELIST-AUG26.pdf,executive,22,51,₹0,0,/extracted_product_images/EXT-0156.jpg,: 51000/- | MB : 48000/-
EXT-0157,A -DIVINE CHAIRS PRICELIST,EXECUTIVE PRICELIST-AUG26.pdf,executive,22,68,₹0,0,/extracted_product_images/EXT-0157.jpg,: 68000/-
EXT-0158,A -DIVINE CHAIRS PRICELIST,EXECUTIVE PRICELIST-AUG26.pdf,executive,22,40,₹0,0,/extracted_product_images/EXT-0158.jpg,: 40000/-
EXT-0159,A -DIVINE CHAIRS PRICELIST,EXECUTIVE PRICELIST-AUG26.pdf,executive,23,75,₹0,0,/extracted_product_images/EXT-0159.jpg,: 75000/- | MB : 72000/-
EXT-0160,A -DIVINE CHAIRS PRICELIST,EXECUTIVE PRICELIST-AUG26.pdf,executive,23,55,₹0,0,/extracted_product_images/EXT-0160.jpg,: 55000/- | MB : 50000/-
EXT-0161,A -DIVINE CHAIRS PRICELIST,EXECUTIVE PRICELIST-AUG26.pdf,executive,23,41,₹0,0,/extracted_product_images/EXT-0161.jpg,: 41000/- |MB : 39000/-
EXT-0162,A -DIVINE CHAIRS PRICELIST,EXECUTIVE PRICELIST-AUG26.pdf,executive,23,59,₹0,0,/extracted_product_images/EXT-0162.jpg,: 59000/- | MB : 57000/-
EXT-0163,A -DIVINE CHAIRS PRICELIST,EXECUTIVE PRICELIST-AUG26.pdf,executive,24,26,₹0,0,/extracted_product_images/EXT-0163.jpg,: 26000/-
EXT-0164,A -DIVINE CHAIRS PRICELIST,EXECUTIVE PRICELIST-AUG26.pdf,executive,24,24,₹0,0,/extracted_product_images/EXT-0164.jpg,: 24000/-
EXT-0165,A -DIVINE CHAIRS PRICELIST,EXECUTIVE PRICELIST-AUG26.pdf,executive,24,28,₹0,0,/extracted_product_images/EXT-0165.jpg,: 28000/-
EXT-0166,A -DIVINE CHAIRS PRICELIST,EXECUTIVE PRICELIST-AUG26.pdf,executive,24,26,₹0,0,/extracted_product_images/EXT-0166.jpg,: 26000/-
EXT-0167,A -DIVINE CHAIRS PRICELIST,EXECUTIVE PRICELIST-AUG26.pdf,executive,25,95,₹0,0,/extracted_product_images/EXT-0167.jpg,: 95000/-
EXT-0168,A -DIVINE CHAIRS PRICELIST,EXECUTIVE PRICELIST-AUG26.pdf,executive,25,85,₹0,0,/extracted_product_images/EXT-0168.jpg,: 85000/-
EXT-0169,A -DIVINE CHAIRS PRICELIST,EXECUTIVE PRICELIST-AUG26.pdf,executive,25,80,₹0,0,/extracted_product_images/EXT-0169.jpg,: 80000/-
EXT-0170,A -DIVINE CHAIRS PRICELIST,EXECUTIVE PRICELIST-AUG26.pdf,executive,25,76,₹0,0,/extracted_product_images/EXT-0170.jpg,: 76000/-
EXT-0171,A -DIVINE CHAIRS PRICELIST,EXECUTIVE PRICELIST-AUG26.pdf,executive,26,28,₹0,0,/extracted_product_images/EXT-0171.jpg,: 28000/-
EXT-0172,A -DIVINE CHAIRS PRICELIST,EXECUTIVE PRICELIST-AUG26.pdf,executive,27,32,₹500,500,/extracted_product_images/EXT-0172.jpg,: 32500/-
EXT-0173,A -DIVINE CHAIRS PRICELIST,EXECUTIVE PRICELIST-AUG26.pdf,executive,27,30,₹500,500,/extracted_product_images/EXT-0173.jpg,: 30500/-
EXT-0174,A -DIVINE CHAIRS PRICELIST,EXECUTIVE PRICELIST-AUG26.pdf,executive,27,34,₹0,0,/extracted_product_images/EXT-0174.jpg,: 34000/-
EXT-0175,A -DIVINE CHAIRS PRICELIST,EXECUTIVE PRICELIST-AUG26.pdf,executive,27,32,₹0,0,/extracted_product_images/EXT-0175.jpg,: 32000/-
EXT-0176,A -DIVINE CHAIRS PRICELIST,EXECUTIVE PRICELIST-AUG26.pdf,executive,28,28,₹0,0,/extracted_product_images/EXT-0176.jpg,: 28000/-
EXT-0177,A -DIVINE CHAIRS PRICELIST,EXECUTIVE PRICELIST-AUG26.pdf,executive,28,26,₹500,500,/extracted_product_images/EXT-0177.jpg,: 26500/-
EXT-0178,A -DIVINE CHAIRS PRICELIST,EXECUTIVE PRICELIST-AUG26.pdf,executive,28,32,₹0,0,/extracted_product_images/EXT-0178.jpg,: 32000/-
EXT-0179,A -DIVINE CHAIRS PRICELIST,EXECUTIVE PRICELIST-AUG26.pdf,executive,28,30,₹0,0,/extracted_product_images/EXT-0179.jpg,: 30000/-
EXT-0180,A -DIVINE CHAIRS PRICELIST,EXECUTIVE PRICELIST-AUG26.pdf,executive,29,33,₹0,0,/extracted_product_images/EXT-0180.jpg,: 33000/-
EXT-0181,A -DIVINE CHAIRS PRICELIST,EXECUTIVE PRICELIST-AUG26.pdf,executive,29,32,₹0,0,/extracted_product_images/EXT-0181.jpg,: 32000/-
EXT-0182,A -DIVINE CHAIRS PRICELIST,EXECUTIVE PRICELIST-AUG26.pdf,executive,29,34,₹500,500,/extracted_product_images/EXT-0182.jpg,: 34500/-
EXT-0183,A -DIVINE CHAIRS PRICELIST,EXECUTIVE PRICELIST-AUG26.pdf,executive,29,32,₹0,0,/extracted_product_images/EXT-0183.jpg,: 32000/-
EXT-0184,A -DIVINE CHAIRS PRICELIST,EXECUTIVE PRICELIST-AUG26.pdf,executive,30,64,₹0,0,/extracted_product_images/EXT-0184.jpg,: 64000/-
EXT-0185,A -DIVINE CHAIRS PRICELIST,EXECUTIVE PRICELIST-AUG26.pdf,executive,30,61,₹0,0,/extracted_product_images/EXT-0185.jpg,: 61000/-
EXT-0186,A -DIVINE CHAIRS PRICELIST,EXECUTIVE PRICELIST-AUG26.pdf,executive,30,75,₹0,0,/extracted_product_images/EXT-0186.jpg,: 75000/-
EXT-0187,A -DIVINE CHAIRS PRICELIST,EXECUTIVE PRICELIST-AUG26.pdf,executive,30,55,₹0,0,/extracted_product_images/EXT-0187.jpg,: 55000/-
EXT-0188,A -DIVINE CHAIRS PRICELIST,EXECUTIVE PRICELIST-AUG26.pdf,executive,31,128,₹0,0,/extracted_product_images/EXT-0188.jpg,: 128000/-
EXT-0189,A -DIVINE CHAIRS PRICELIST,EXECUTIVE PRICELIST-AUG26.pdf,executive,31,120,₹0,0,/extracted_product_images/EXT-0189.jpg,: 120000/-
EXT-0190,A -DIVINE CHAIRS PRICELIST,EXECUTIVE PRICELIST-AUG26.pdf,executive,31,32,₹0,0,/extracted_product_images/EXT-0190.jpg,: 32000/-
EXT-0191,A -DIVINE CHAIRS PRICELIST,EXECUTIVE PRICELIST-AUG26.pdf,executive,31,31,₹0,0,/extracted_product_images/EXT-0191.jpg,: 31000/-
EXT-0192,A -DIVINE CHAIRS PRICELIST,EXECUTIVE PRICELIST-AUG26.pdf,executive,32,31,₹0,0,/extracted_product_images/EXT-0192.jpg,: 31000/-
EXT-0193,A -DIVINE CHAIRS PRICELIST,EXECUTIVE PRICELIST-AUG26.pdf,executive,32,28,₹500,500,/extracted_product_images/EXT-0193.jpg,: 28500/-
EXT-0194,A -DIVINE CHAIRS PRICELIST,EXECUTIVE PRICELIST-AUG26.pdf,executive,32,26,₹0,0,/extracted_product_images/EXT-0194.jpg,: 26000/-
EXT-0195,A -DIVINE CHAIRS PRICELIST,EXECUTIVE PRICELIST-AUG26.pdf,executive,32,24,₹0,0,/extracted_product_images/EXT-0195.jpg,: 24000/-
EXT-0196,A -DIVINE CHAIRS PRICELIST,EXECUTIVE PRICELIST-AUG26.pdf,executive,33,20,₹0,0,/extracted_product_images/EXT-0196.jpg,: 20000/-
EXT-0197,A -DIVINE CHAIRS PRICELIST,EXECUTIVE PRICELIST-AUG26.pdf,executive,33,19,₹0,0,/extracted_product_images/EXT-0197.jpg,: 19000/-
EXT-0198,A -DIVINE CHAIRS PRICELIST,EXECUTIVE PRICELIST-AUG26.pdf,executive,33,38,₹500,500,/extracted_product_images/EXT-0198.jpg,: 38500/-
EXT-0199,A -DIVINE CHAIRS PRICELIST,EXECUTIVE PRICELIST-AUG26.pdf,executive,33,37,₹500,500,/extracted_product_images/EXT-0199.jpg,: 37500/-
EXT-0200,A -DIVINE CHAIRS PRICELIST,EXECUTIVE PRICELIST-AUG26.pdf,executive,34,17,₹500,500,/extracted_product_images/EXT-0200.jpg,: 17500/-
EXT-0201,A -DIVINE CHAIRS PRICELIST,EXECUTIVE PRICELIST-AUG26.pdf,executive,34,17,₹0,0,/extracted_product_images/EXT-0201.jpg,: 17000/-
EXT-0202,A -DIVINE CHAIRS PRICELIST,EXECUTIVE PRICELIST-AUG26.pdf,executive,34,17,₹500,500,/extracted_product_images/EXT-0202.jpg,: 17500/-
EXT-0203,A -DIVINE CHAIRS PRICELIST,EXECUTIVE PRICELIST-AUG26.pdf,executive,34,17,₹0,0,/extracted_product_images/EXT-0203.jpg,: 17000/-
EXT-0204,A -DIVINE CHAIRS PRICELIST,EXECUTIVE PRICELIST-AUG26.pdf,executive,35,14,₹0,0,/extracted_product_images/EXT-0204.jpg,: 14000/-
EXT-0205,A -DIVINE CHAIRS PRICELIST,EXECUTIVE PRICELIST-AUG26.pdf,executive,35,13,₹0,0,/extracted_product_images/EXT-0205.jpg,: 13000/-
EXT-0206,A -DIVINE CHAIRS PRICELIST,EXECUTIVE PRICELIST-AUG26.pdf,executive,35,25,₹500,500,/extracted_product_images/EXT-0206.jpg,: 25500/-
EXT-0207,A -DIVINE CHAIRS PRICELIST,EXECUTIVE PRICELIST-AUG26.pdf,executive,35,24,₹500,500,/extracted_product_images/EXT-0207.jpg,: 24500/-
EXT-0208,A -DIVINE CHAIRS PRICELIST,HIGHCOUNTER PRICELIST- AUG26.pdf,highcounter,2,19,₹800,800,/extracted_product_images/EXT-0208.jpg,19800/-
EXT-0209,A -DIVINE CHAIRS PRICELIST,HIGHCOUNTER PRICELIST- AUG26.pdf,highcounter,2,16,₹0,0,/extracted_product_images/EXT-0209.jpg,16000/-
EXT-0210,A -DIVINE CHAIRS PRICELIST,HIGHCOUNTER PRICELIST- AUG26.pdf,highcounter,2,12,₹500,500,/extracted_product_images/EXT-0210.jpg,12500/-
EXT-0211,A -DIVINE CHAIRS PRICELIST,HIGHCOUNTER PRICELIST- AUG26.pdf,highcounter,2,23,₹0,0,/extracted_product_images/EXT-0211.jpg,23000/-
EXT-0212,A -DIVINE CHAIRS PRICELIST,HIGHCOUNTER PRICELIST- AUG26.pdf,highcounter,2,12,₹500,500,/extracted_product_images/EXT-0212.jpg,12500/-
EXT-0213,A -DIVINE CHAIRS PRICELIST,HIGHCOUNTER PRICELIST- AUG26.pdf,highcounter,2,16,₹500,500,/extracted_product_images/EXT-0213.jpg,16500/-
EXT-0214,A -DIVINE CHAIRS PRICELIST,HIGHCOUNTER PRICELIST- AUG26.pdf,highcounter,2,23,₹0,0,/extracted_product_images/EXT-0214.jpg,23000/-
EXT-0215,A -DIVINE CHAIRS PRICELIST,HIGHCOUNTER PRICELIST- AUG26.pdf,highcounter,2,25,₹0,0,/extracted_product_images/EXT-0215.jpg,25000/-
EXT-0216,A -DIVINE CHAIRS PRICELIST,HIGHCOUNTER PRICELIST- AUG26.pdf,highcounter,3,14,₹500,500,/extracted_product_images/EXT-0216.jpg,14500/-
EXT-0217,A -DIVINE CHAIRS PRICELIST,HIGHCOUNTER PRICELIST- AUG26.pdf,highcounter,3,10,₹500,500,/extracted_product_images/EXT-0217.jpg,10500/-
EXT-0218,A -DIVINE CHAIRS PRICELIST,HIGHCOUNTER PRICELIST- AUG26.pdf,highcounter,3,18,₹500,500,/extracted_product_images/EXT-0218.jpg,18500/-
EXT-0219,A -DIVINE CHAIRS PRICELIST,HIGHCOUNTER PRICELIST- AUG26.pdf,highcounter,3,12,₹500,500,/extracted_product_images/EXT-0219.jpg,12500/-
EXT-0220,A -DIVINE CHAIRS PRICELIST,HIGHCOUNTER PRICELIST- AUG26.pdf,highcounter,3,11,₹500,500,/extracted_product_images/EXT-0220.jpg,11500/-
EXT-0221,A -DIVINE CHAIRS PRICELIST,HIGHCOUNTER PRICELIST- AUG26.pdf,highcounter,3,12,₹200,200,/extracted_product_images/EXT-0221.jpg,12200/-
EXT-0222,A -DIVINE CHAIRS PRICELIST,HIGHCOUNTER PRICELIST- AUG26.pdf,highcounter,3,12,₹500,500,/extracted_product_images/EXT-0222.jpg,12500/-
EXT-0223,A -DIVINE CHAIRS PRICELIST,HIGHCOUNTER PRICELIST- AUG26.pdf,highcounter,4,12,₹500,500,/extracted_product_images/EXT-0223.jpg,12500/-
EXT-0224,A -DIVINE CHAIRS PRICELIST,HIGHCOUNTER PRICELIST- AUG26.pdf,highcounter,4,12,₹0,0,/extracted_product_images/EXT-0224.jpg,12000/-
EXT-0225,A -DIVINE CHAIRS PRICELIST,HIGHCOUNTER PRICELIST- AUG26.pdf,highcounter,5,15,₹0,0,/extracted_product_images/EXT-0225.jpg,15000/-
EXT-0226,A -DIVINE CHAIRS PRICELIST,HIGHCOUNTER PRICELIST- AUG26.pdf,highcounter,5,12,₹750,750,/extracted_product_images/EXT-0226.jpg,12750/-
EXT-0227,A -DIVINE CHAIRS PRICELIST,HIGHCOUNTER PRICELIST- AUG26.pdf,highcounter,5,11,₹0,0,/extracted_product_images/EXT-0227.jpg,11000/-
EXT-0228,A -DIVINE CHAIRS PRICELIST,HIGHCOUNTER PRICELIST- AUG26.pdf,highcounter,6,10,₹500,500,/extracted_product_images/EXT-0228.jpg,10500/-
EXT-0229,A -DIVINE CHAIRS PRICELIST,HIGHCOUNTER PRICELIST- AUG26.pdf,highcounter,6,14,₹500,500,/extracted_product_images/EXT-0229.jpg,14500/-
EXT-0230,A -DIVINE CHAIRS PRICELIST,LOUNGE  PRICELIST- AUG26.pdf,lounge,1,Collection,Price on Request,0,/extracted_product_images/EXT-0230.jpg,COLLECTION
EXT-0231,A -DIVINE CHAIRS PRICELIST,LOUNGE  PRICELIST- AUG26.pdf,lounge,2,Emmi,"₹44,000",44000,/extracted_product_images/EXT-0231.jpg,EMMI : 44000/-
EXT-0232,A -DIVINE CHAIRS PRICELIST,LOUNGE  PRICELIST- AUG26.pdf,lounge,2,Rambo,"₹38,000",38000,/extracted_product_images/EXT-0232.jpg,RAMBO : 38000/-
EXT-0233,A -DIVINE CHAIRS PRICELIST,LOUNGE  PRICELIST- AUG26.pdf,lounge,2,Spain,"₹52,000",52000,/extracted_product_images/EXT-0233.jpg,SPAIN : 52000/-
EXT-0234,A -DIVINE CHAIRS PRICELIST,LOUNGE  PRICELIST- AUG26.pdf,lounge,2,Armenia,"₹44,000",44000,/extracted_product_images/EXT-0234.jpg,ARMENIA : 44000/-
EXT-0235,A -DIVINE CHAIRS PRICELIST,LOUNGE  PRICELIST- AUG26.pdf,lounge,3,Lucifer,"₹22,000",22000,/extracted_product_images/EXT-0235.jpg,LUCIFER : 22000/-
EXT-0236,A -DIVINE CHAIRS PRICELIST,LOUNGE  PRICELIST- AUG26.pdf,lounge,3,Matrix,"₹48,000",48000,/extracted_product_images/EXT-0236.jpg,MATRIX : 48000/-
EXT-0237,A -DIVINE CHAIRS PRICELIST,LOUNGE  PRICELIST- AUG26.pdf,lounge,3,Denver,"₹44,000",44000,/extracted_product_images/EXT-0237.jpg,DENVER : 44000/-
EXT-0238,A -DIVINE CHAIRS PRICELIST,LOUNGE  PRICELIST- AUG26.pdf,lounge,3,Vortex,"₹48,000",48000,/extracted_product_images/EXT-0238.jpg,VORTEX : 48000/-
EXT-0239,A -DIVINE CHAIRS PRICELIST,LOUNGE  PRICELIST- AUG26.pdf,lounge,4,Volos - 36,₹0,0,/extracted_product_images/EXT-0239.jpg,VOLOS - 36000/-
EXT-0240,A -DIVINE CHAIRS PRICELIST,LOUNGE  PRICELIST- AUG26.pdf,lounge,4,Starc,"₹29,000",29000,/extracted_product_images/EXT-0240.jpg,STARC : 29000/-
EXT-0241,A -DIVINE CHAIRS PRICELIST,LOUNGE  PRICELIST- AUG26.pdf,lounge,4,Rolf Ash Wood (Imp),"₹28,000",28000,/extracted_product_images/EXT-0241.jpg,ROLF ASH WOOD (IMP) : 28000/-
EXT-0242,A -DIVINE CHAIRS PRICELIST,LOUNGE  PRICELIST- AUG26.pdf,lounge,4,Antalia,"₹33,000",33000,/extracted_product_images/EXT-0242.jpg,ANTALIA : 33000/-
EXT-0243,A -DIVINE CHAIRS PRICELIST,LOUNGE  PRICELIST- AUG26.pdf,lounge,5,Belgium,"₹36,000",36000,/extracted_product_images/EXT-0243.jpg,BELGIUM: 36000/-
EXT-0244,A -DIVINE CHAIRS PRICELIST,LOUNGE  PRICELIST- AUG26.pdf,lounge,5,Capitol,"₹29,500",29500,/extracted_product_images/EXT-0244.jpg,CAPITOL : 29500/-
EXT-0245,A -DIVINE CHAIRS PRICELIST,LOUNGE  PRICELIST- AUG26.pdf,lounge,5,Austria,"₹54,000",54000,/extracted_product_images/EXT-0245.jpg,AUSTRIA : 54000/-
EXT-0246,A -DIVINE CHAIRS PRICELIST,LOUNGE  PRICELIST- AUG26.pdf,lounge,5,Domino - 16,₹500,500,/extracted_product_images/EXT-0246.jpg,DOMINO - 16500/- | 17500/-
EXT-0247,A -DIVINE CHAIRS PRICELIST,LOUNGE  PRICELIST- AUG26.pdf,lounge,6,Bulgaria,"₹66,000",66000,/extracted_product_images/EXT-0247.jpg,BULGARIA : 66000/-
EXT-0248,A -DIVINE CHAIRS PRICELIST,LOUNGE  PRICELIST- AUG26.pdf,lounge,6,Vivienne - 62,₹0,0,/extracted_product_images/EXT-0248.jpg,VIVIENNE - 62000/-
EXT-0249,A -DIVINE CHAIRS PRICELIST,LOUNGE  PRICELIST- AUG26.pdf,lounge,6,Maxx,"₹36,000",36000,/extracted_product_images/EXT-0249.jpg,MAXX : 36000/-
EXT-0250,A -DIVINE CHAIRS PRICELIST,LOUNGE  PRICELIST- AUG26.pdf,lounge,6,Roogle,"₹38,000",38000,/extracted_product_images/EXT-0250.jpg,ROOGLE : 38000/-
EXT-0251,A -DIVINE CHAIRS PRICELIST,LOUNGE  PRICELIST- AUG26.pdf,lounge,7,Greece,"₹49,900",49900,/extracted_product_images/EXT-0251.jpg,GREECE : 49900/-
EXT-0252,A -DIVINE CHAIRS PRICELIST,LOUNGE  PRICELIST- AUG26.pdf,lounge,7,Epitome,"₹49,500",49500,/extracted_product_images/EXT-0252.jpg,EPITOME : 49500/-
EXT-0253,A -DIVINE CHAIRS PRICELIST,LOUNGE  PRICELIST- AUG26.pdf,lounge,7,Bern,"₹44,000",44000,/extracted_product_images/EXT-0253.jpg,BERN : 44000/-
EXT-0254,A -DIVINE CHAIRS PRICELIST,LOUNGE  PRICELIST- AUG26.pdf,lounge,7,Sasaski,"₹44,000",44000,/extracted_product_images/EXT-0254.jpg,SASASKI : 44000/-
EXT-0255,A -DIVINE CHAIRS PRICELIST,LOUNGE  PRICELIST- AUG26.pdf,lounge,8,Enigma,"₹49,500",49500,/extracted_product_images/EXT-0255.jpg,ENIGMA : 49500/-
EXT-0256,A -DIVINE CHAIRS PRICELIST,LOUNGE  PRICELIST- AUG26.pdf,lounge,8,Antartica,"₹35,000",35000,/extracted_product_images/EXT-0256.jpg,ANTARTICA : 35000/-
EXT-0257,A -DIVINE CHAIRS PRICELIST,LOUNGE  PRICELIST- AUG26.pdf,lounge,8,Cape,"₹40,000",40000,/extracted_product_images/EXT-0257.jpg,CAPE : 40000/-
EXT-0258,A -DIVINE CHAIRS PRICELIST,LOUNGE  PRICELIST- AUG26.pdf,lounge,8,Albania,"₹34,000",34000,/extracted_product_images/EXT-0258.jpg,ALBANIA : 34000/-
EXT-0259,A -DIVINE CHAIRS PRICELIST,LOUNGE  PRICELIST- AUG26.pdf,lounge,9,Bugatti,"₹42,000",42000,/extracted_product_images/EXT-0259.jpg,BUGATTI : 42000/-
EXT-0260,A -DIVINE CHAIRS PRICELIST,LOUNGE  PRICELIST- AUG26.pdf,lounge,9,Sierra - 50,₹0,0,/extracted_product_images/EXT-0260.jpg,SIERRA - 50000/-
EXT-0261,A -DIVINE CHAIRS PRICELIST,LOUNGE  PRICELIST- AUG26.pdf,lounge,9,Lucerne,"₹38,000",38000,/extracted_product_images/EXT-0261.jpg,LUCERNE : 38000/-
EXT-0262,A -DIVINE CHAIRS PRICELIST,LOUNGE  PRICELIST- AUG26.pdf,lounge,9,Santosa - 19,₹950,950,/extracted_product_images/EXT-0262.jpg,SANTOSA - 19950/-
EXT-0263,A -DIVINE CHAIRS PRICELIST,LOUNGE  PRICELIST- AUG26.pdf,lounge,10,Romania,"₹29,500",29500,/extracted_product_images/EXT-0263.jpg,ROMANIA : 29500/-
EXT-0264,A -DIVINE CHAIRS PRICELIST,LOUNGE  PRICELIST- AUG26.pdf,lounge,10,Milos (Ar),"₹33,000",33000,/extracted_product_images/EXT-0264.jpg,MILOS (AR) : 33000/-
EXT-0265,A -DIVINE CHAIRS PRICELIST,LOUNGE  PRICELIST- AUG26.pdf,lounge,10,Ferrara,"₹44,000",44000,/extracted_product_images/EXT-0265.jpg,FERRARA : 44000/-
EXT-0266,A -DIVINE CHAIRS PRICELIST,LOUNGE  PRICELIST- AUG26.pdf,lounge,10,Sorrento,"₹34,000",34000,/extracted_product_images/EXT-0266.jpg,SORRENTO : 34000/-
EXT-0267,A -DIVINE CHAIRS PRICELIST,LOUNGE  PRICELIST- AUG26.pdf,lounge,11,Burano,"₹28,000",28000,/extracted_product_images/EXT-0267.jpg,BURANO : 28000/-
EXT-0268,A -DIVINE CHAIRS PRICELIST,LOUNGE  PRICELIST- AUG26.pdf,lounge,11,Carnival,"₹36,000",36000,/extracted_product_images/EXT-0268.jpg,CARNIVAL : 36000/-
EXT-0269,A -DIVINE CHAIRS PRICELIST,LOUNGE  PRICELIST- AUG26.pdf,lounge,11,London,"₹21,000",21000,/extracted_product_images/EXT-0269.jpg,LONDON : 21000/-
EXT-0270,A -DIVINE CHAIRS PRICELIST,LOUNGE  PRICELIST- AUG26.pdf,lounge,11,Jamaica,"₹24,500",24500,/extracted_product_images/EXT-0270.jpg,JAMAICA : 24500/-
EXT-0271,A -DIVINE CHAIRS PRICELIST,LOUNGE  PRICELIST- AUG26.pdf,lounge,12,Athens (R),"₹38,000",38000,/extracted_product_images/EXT-0271.jpg,ATHENS (R) : 38000/-
EXT-0272,A -DIVINE CHAIRS PRICELIST,LOUNGE  PRICELIST- AUG26.pdf,lounge,12,Edinburg,"₹36,000",36000,/extracted_product_images/EXT-0272.jpg,EDINBURG : 36000/-
EXT-0273,A -DIVINE CHAIRS PRICELIST,LOUNGE  PRICELIST- AUG26.pdf,lounge,12,Sumo  - 21,₹0,0,/extracted_product_images/EXT-0273.jpg,SUMO  - 21000/-
EXT-0274,A -DIVINE CHAIRS PRICELIST,LOUNGE  PRICELIST- AUG26.pdf,lounge,12,Knoll (Fix),"₹13,400",13400,/extracted_product_images/EXT-0274.jpg,KNOLL (FIX) : 13400/-
EXT-0275,A -DIVINE CHAIRS PRICELIST,LOUNGE  PRICELIST- AUG26.pdf,lounge,13,Amalfi - 56,₹0,0,/extracted_product_images/EXT-0275.jpg,AMALFI - 56000/-
EXT-0276,A -DIVINE CHAIRS PRICELIST,LOUNGE  PRICELIST- AUG26.pdf,lounge,13,Lexus - 64,₹0,0,/extracted_product_images/EXT-0276.jpg,LEXUS - 64000/-
EXT-0277,A -DIVINE CHAIRS PRICELIST,LOUNGE  PRICELIST- AUG26.pdf,lounge,13,Milano - 46,₹0,0,/extracted_product_images/EXT-0277.jpg,MILANO - 46000/-
EXT-0278,A -DIVINE CHAIRS PRICELIST,LOUNGE  PRICELIST- AUG26.pdf,lounge,13,Swing,"₹46,000",46000,/extracted_product_images/EXT-0278.jpg,SWING : 46000/-
EXT-0279,A -DIVINE CHAIRS PRICELIST,LOUNGE  PRICELIST- AUG26.pdf,lounge,14,Gemini,"₹26,000",26000,/extracted_product_images/EXT-0279.jpg,GEMINI : 26000/-
EXT-0280,A -DIVINE CHAIRS PRICELIST,LOUNGE  PRICELIST- AUG26.pdf,lounge,14,Capri,"₹15,500",15500,/extracted_product_images/EXT-0280.jpg,CAPRI : 15500/-
EXT-0281,A -DIVINE CHAIRS PRICELIST,LOUNGE  PRICELIST- AUG26.pdf,lounge,14,Rome,"₹33,000",33000,/extracted_product_images/EXT-0281.jpg,ROME : 33000/-
EXT-0282,A -DIVINE CHAIRS PRICELIST,LOUNGE  PRICELIST- AUG26.pdf,lounge,14,Caviana,"₹36,000",36000,/extracted_product_images/EXT-0282.jpg,CAVIANA : 36000/-
EXT-0283,A -DIVINE CHAIRS PRICELIST,LOUNGE  PRICELIST- AUG26.pdf,lounge,15,Lawson Hb Black,"₹21,500",21500,/extracted_product_images/EXT-0283.jpg,LAWSON HB BLACK : 21500/-
EXT-0284,A -DIVINE CHAIRS PRICELIST,LOUNGE  PRICELIST- AUG26.pdf,lounge,15,Samson,"₹13,000",13000,/extracted_product_images/EXT-0284.jpg,SAMSON : 13000/-
EXT-0285,A -DIVINE CHAIRS PRICELIST,LOUNGE  PRICELIST- AUG26.pdf,lounge,15,Lawson Mb Black,"₹19,000",19000,/extracted_product_images/EXT-0285.jpg,LAWSON MB BLACK : 19000/-
EXT-0286,A -DIVINE CHAIRS PRICELIST,LOUNGE  PRICELIST- AUG26.pdf,lounge,15,Tucson,"₹12,000",12000,/extracted_product_images/EXT-0286.jpg,TUCSON : 12000/-
EXT-0287,A -DIVINE CHAIRS PRICELIST,LOUNGE  PRICELIST- AUG26.pdf,lounge,16,Siam Wood,"₹15,300",15300,/extracted_product_images/EXT-0287.jpg,SIAM WOOD : 15300/-
EXT-0288,A -DIVINE CHAIRS PRICELIST,LOUNGE  PRICELIST- AUG26.pdf,lounge,16,Siam Apex,"₹21,000",21000,/extracted_product_images/EXT-0288.jpg,SIAM APEX : 21000/-
EXT-0289,A -DIVINE CHAIRS PRICELIST,LOUNGE  PRICELIST- AUG26.pdf,lounge,16,Siam Aluminium,"₹14,800",14800,/extracted_product_images/EXT-0289.jpg,SIAM ALUMINIUM : 14800/-
EXT-0290,A -DIVINE CHAIRS PRICELIST,LOUNGE  PRICELIST- AUG26.pdf,lounge,16,Siam Crest,"₹16,500",16500,/extracted_product_images/EXT-0290.jpg,SIAM CREST : 16500/-
EXT-0291,A -DIVINE CHAIRS PRICELIST,LOUNGE  PRICELIST- AUG26.pdf,lounge,17,Barbados,"₹14,000",14000,/extracted_product_images/EXT-0291.jpg,BARBADOS : 14000/-
EXT-0292,A -DIVINE CHAIRS PRICELIST,LOUNGE  PRICELIST- AUG26.pdf,lounge,17,Kiwis,"₹12,000",12000,/extracted_product_images/EXT-0292.jpg,KIWIS : 12000/-
EXT-0293,A -DIVINE CHAIRS PRICELIST,LOUNGE  PRICELIST- AUG26.pdf,lounge,17,Prince,"₹24,000",24000,/extracted_product_images/EXT-0293.jpg,PRINCE : 24000/-
EXT-0294,A -DIVINE CHAIRS PRICELIST,LOUNGE  PRICELIST- AUG26.pdf,lounge,17,Paris - 23,₹0,0,/extracted_product_images/EXT-0294.jpg,PARIS - 23000/-
EXT-0295,A -DIVINE CHAIRS PRICELIST,LOUNGE  PRICELIST- AUG26.pdf,lounge,18,Siam 4 Star,"₹11,600",11600,/extracted_product_images/EXT-0295.jpg,SIAM 4 STAR : 11600/-
EXT-0296,A -DIVINE CHAIRS PRICELIST,LOUNGE  PRICELIST- AUG26.pdf,lounge,18,Star Blk 4 Star,"₹11,500",11500,/extracted_product_images/EXT-0296.jpg,STAR BLK 4 STAR : 11500/-
EXT-0297,A -DIVINE CHAIRS PRICELIST,LOUNGE  PRICELIST- AUG26.pdf,lounge,18,Terano,"₹14,500",14500,/extracted_product_images/EXT-0297.jpg,TERANO : 14500/-
EXT-0298,A -DIVINE CHAIRS PRICELIST,LOUNGE  PRICELIST- AUG26.pdf,lounge,18,Espana,"₹10,500",10500,/extracted_product_images/EXT-0298.jpg,ESPANA : 10500/-
EXT-0299,A -DIVINE CHAIRS PRICELIST,LOUNGE  PRICELIST- AUG26.pdf,lounge,18,Espana (Ind),"₹10,500",10500,/extracted_product_images/EXT-0299.jpg,ESPANA (IND) : 10500/-
EXT-0300,A -DIVINE CHAIRS PRICELIST,LOUNGE  PRICELIST- AUG26.pdf,lounge,19,Abira (F),"₹9,400",9400,/extracted_product_images/EXT-0300.jpg,ABIRA (F) : 9400/-
EXT-0301,A -DIVINE CHAIRS PRICELIST,LOUNGE  PRICELIST- AUG26.pdf,lounge,19,Alex (F),"₹9,800",9800,/extracted_product_images/EXT-0301.jpg,ALEX (F) : 9800/-
EXT-0302,A -DIVINE CHAIRS PRICELIST,LOUNGE  PRICELIST- AUG26.pdf,lounge,19,Star (F),"₹9,900",9900,/extracted_product_images/EXT-0302.jpg,STAR (F) : 9900/-
EXT-0303,A -DIVINE CHAIRS PRICELIST,LOUNGE  PRICELIST- AUG26.pdf,lounge,19,Andros,"₹19,000",19000,/extracted_product_images/EXT-0303.jpg,ANDROS : 19000/-
EXT-0304,A -DIVINE CHAIRS PRICELIST,LOUNGE  PRICELIST- AUG26.pdf,lounge,20,Knoll (Rev.),"₹13,200",13200,/extracted_product_images/EXT-0304.jpg,KNOLL (REV.) : 13200/-
EXT-0305,A -DIVINE CHAIRS PRICELIST,LOUNGE  PRICELIST- AUG26.pdf,lounge,20,Boston,"₹12,250",12250,/extracted_product_images/EXT-0305.jpg,BOSTON : 12250/-
EXT-0306,A -DIVINE CHAIRS PRICELIST,LOUNGE  PRICELIST- AUG26.pdf,lounge,20,Alex Rev.,"₹11,000",11000,/extracted_product_images/EXT-0306.jpg,ALEX REV. : 11000/-
EXT-0307,A -DIVINE CHAIRS PRICELIST,LOUNGE  PRICELIST- AUG26.pdf,lounge,20,Kiwis Rev. - 11,₹0,0,/extracted_product_images/EXT-0307.jpg,KIWIS REV. - 11000/-
EXT-0308,A -DIVINE CHAIRS PRICELIST,LOUNGE  PRICELIST- AUG26.pdf,lounge,21,Sofia,"₹13,000",13000,/extracted_product_images/EXT-0308.jpg,SOFIA : 13000/-
EXT-0309,A -DIVINE CHAIRS PRICELIST,LOUNGE  PRICELIST- AUG26.pdf,lounge,21,Abira Rev.,"₹10,850",10850,/extracted_product_images/EXT-0309.jpg,ABIRA REV. : 10850/-
EXT-0310,A -DIVINE CHAIRS PRICELIST,LOUNGE  PRICELIST- AUG26.pdf,lounge,21,Stefano,"₹15,500",15500,/extracted_product_images/EXT-0310.jpg,STEFANO : 15500/-
EXT-0311,A -DIVINE CHAIRS PRICELIST,LOUNGE  PRICELIST- AUG26.pdf,lounge,21,Royal Espana,"₹12,500",12500,/extracted_product_images/EXT-0311.jpg,ROYAL ESPANA : 12500/-
EXT-0312,A -DIVINE CHAIRS PRICELIST,LOUNGE  PRICELIST- AUG26.pdf,lounge,22,Luv,"₹13,000",13000,/extracted_product_images/EXT-0312.jpg,LUV : 13000/-
EXT-0313,A -DIVINE CHAIRS PRICELIST,LOUNGE  PRICELIST- AUG26.pdf,lounge,22,Dayton,"₹15,500",15500,/extracted_product_images/EXT-0313.jpg,DAYTON : 15500/-
EXT-0314,A -DIVINE CHAIRS PRICELIST,LOUNGE  PRICELIST- AUG26.pdf,lounge,22,Toledo,"₹13,800",13800,/extracted_product_images/EXT-0314.jpg,TOLEDO : 13800/-
EXT-0315,A -DIVINE CHAIRS PRICELIST,LOUNGE  PRICELIST- AUG26.pdf,lounge,22,Swan,"₹10,400",10400,/extracted_product_images/EXT-0315.jpg,SWAN : 10400/-
EXT-0316,A -DIVINE CHAIRS PRICELIST,LOUNGE  PRICELIST- AUG26.pdf,lounge,23,Sorrento With Footrest,"₹54,000",54000,/extracted_product_images/EXT-0316.jpg,SORRENTO WITH FOOTREST : 54000/-
EXT-0317,A -DIVINE CHAIRS PRICELIST,LOUNGE  PRICELIST- AUG26.pdf,lounge,23,L - 92,₹0,0,/extracted_product_images/EXT-0317.jpg,LAZY BOY SET : L - 92000/- | PU - 64000/-
EXT-0318,A -DIVINE CHAIRS PRICELIST,LOUNGE  PRICELIST- AUG26.pdf,lounge,24,Carnival With Footrest,"₹54,000",54000,/extracted_product_images/EXT-0318.jpg,CARNIVAL WITH FOOTREST : 54000/-
EXT-0319,A -DIVINE CHAIRS PRICELIST,LOUNGE  PRICELIST- AUG26.pdf,lounge,24,Italiano With Footrest,"₹60,000",60000,/extracted_product_images/EXT-0319.jpg,ITALIANO WITH FOOTREST : 60000/-
EXT-0320,A -DIVINE CHAIRS PRICELIST,LOUNGE  PRICELIST- AUG26.pdf,lounge,25,Enigma With Footrest,"₹72,000",72000,/extracted_product_images/EXT-0320.jpg,ENIGMA WITH FOOTREST : 72000/-
EXT-0321,A -DIVINE CHAIRS PRICELIST,LOUNGE  PRICELIST- AUG26.pdf,lounge,25,Prince With Footrest,"₹38,000",38000,/extracted_product_images/EXT-0321.jpg,PRINCE WITH FOOTREST : 38000/-
EXT-0322,A -DIVINE CHAIRS PRICELIST,LOUNGE  PRICELIST- AUG26.pdf,lounge,26,Sasaski With Footrest,"₹60,000",60000,/extracted_product_images/EXT-0322.jpg,SASASKI WITH FOOTREST : 60000/-
EXT-0323,A -DIVINE CHAIRS PRICELIST,LOUNGE  PRICELIST- AUG26.pdf,lounge,26,Bern With Footrest,"₹59,000",59000,/extracted_product_images/EXT-0323.jpg,BERN WITH FOOTREST : 59000/-
EXT-0324,A -DIVINE CHAIRS PRICELIST,LOUNGE  PRICELIST- AUG26.pdf,lounge,27,London With Footrest,"₹32,000",32000,/extracted_product_images/EXT-0324.jpg,LONDON WITH FOOTREST : 32000/-
EXT-0325,A -DIVINE CHAIRS PRICELIST,LOUNGE  PRICELIST- AUG26.pdf,lounge,27,Crystal With Footrest,"₹56,000",56000,/extracted_product_images/EXT-0325.jpg,CRYSTAL WITH FOOTREST : 56000/-
EXT-0326,A -DIVINE CHAIRS PRICELIST,LOUNGE  PRICELIST- AUG26.pdf,lounge,28,49,₹500,500,/extracted_product_images/EXT-0326.jpg,49500/-
EXT-0327,A -DIVINE CHAIRS PRICELIST,LOUNGE  PRICELIST- AUG26.pdf,lounge,29,41,₹0,0,/extracted_product_images/EXT-0327.jpg,41000/-
EXT-0328,A -DIVINE CHAIRS PRICELIST,RECLINER  PRICELIST- AUG26.pdf,recliner,2,M.R.P.,"₹82,000",82000,/extracted_product_images/EXT-0328.jpg,"M.R.P. : 82,000/-"
EXT-0329,A -DIVINE CHAIRS PRICELIST,RECLINER  PRICELIST- AUG26.pdf,recliner,3,M.R.P.,"₹92,000",92000,/extracted_product_images/EXT-0329.jpg,"M.R.P. : 92,000/-"
EXT-0330,A -DIVINE CHAIRS PRICELIST,RECLINER  PRICELIST- AUG26.pdf,recliner,4,M.R.P.,"₹92,000",92000,/extracted_product_images/EXT-0330.jpg,"M.R.P. : 92,000/-"
EXT-0331,A -DIVINE CHAIRS PRICELIST,RECLINER  PRICELIST- AUG26.pdf,recliner,5,M.R.P.,"₹63,000",63000,/extracted_product_images/EXT-0331.jpg,"M.R.P. : 63,000/-"
EXT-0332,A -DIVINE CHAIRS PRICELIST,RECLINER  PRICELIST- AUG26.pdf,recliner,6,"1,20,",₹0,0,/extracted_product_images/EXT-0332.jpg,"M.R.P. : 1,20,000/-"
EXT-0333,A -DIVINE CHAIRS PRICELIST,RECLINER  PRICELIST- AUG26.pdf,recliner,7,M.R.P.,"₹38,500",38500,/extracted_product_images/EXT-0333.jpg,"M.R.P. : 38,500/-"
EXT-0334,A -DIVINE CHAIRS PRICELIST,RECLINER  PRICELIST- AUG26.pdf,recliner,8,M.R.P.,"₹86,000",86000,/extracted_product_images/EXT-0334.jpg,"M.R.P. : 86,000/-"
EXT-0335,A -DIVINE CHAIRS PRICELIST,RECLINER  PRICELIST- AUG26.pdf,recliner,9,M.R.P.,"₹96,000",96000,/extracted_product_images/EXT-0335.jpg,"M.R.P. : 96,000/-"
EXT-0336,A -DIVINE CHAIRS PRICELIST,RECLINER  PRICELIST- AUG26.pdf,recliner,10,M.R.P.,"₹86,000",86000,/extracted_product_images/EXT-0336.jpg,"M.R.P. : 86,000/-"
EXT-0337,A -DIVINE CHAIRS PRICELIST,RECLINER  PRICELIST- AUG26.pdf,recliner,11,M.R.P.,"₹49,000",49000,/extracted_product_images/EXT-0337.jpg,"M.R.P. : 49,000/-"
EXT-0338,A -DIVINE CHAIRS PRICELIST,RECLINER  PRICELIST- AUG26.pdf,recliner,12,M.R.P.,"₹68,000",68000,/extracted_product_images/EXT-0338.jpg,"M.R.P. : 68,000/-"
EXT-0339,A -DIVINE CHAIRS PRICELIST,TABLE & STAND PRICELIST-AUG26.pdf,tables,2,120,₹0,0,/extracted_product_images/EXT-0339.jpg,120000/-
EXT-0340,A -DIVINE CHAIRS PRICELIST,TABLE & STAND PRICELIST-AUG26.pdf,tables,2,50,₹0,0,/extracted_product_images/EXT-0340.jpg,50000/-
EXT-0341,A -DIVINE CHAIRS PRICELIST,TABLE & STAND PRICELIST-AUG26.pdf,tables,2,75,₹0,0,/extracted_product_images/EXT-0341.jpg,75000/-
EXT-0342,A -DIVINE CHAIRS PRICELIST,TABLE & STAND PRICELIST-AUG26.pdf,tables,3,104,₹0,0,/extracted_product_images/EXT-0342.jpg,104000/-
EXT-0343,A -DIVINE CHAIRS PRICELIST,TABLE & STAND PRICELIST-AUG26.pdf,tables,3,70,₹0,0,/extracted_product_images/EXT-0343.jpg,70000/-
EXT-0344,A -DIVINE CHAIRS PRICELIST,TABLE & STAND PRICELIST-AUG26.pdf,tables,3,70,₹0,0,/extracted_product_images/EXT-0344.jpg,70000/-
EXT-0345,A -DIVINE CHAIRS PRICELIST,TABLE & STAND PRICELIST-AUG26.pdf,tables,3,54,₹0,0,/extracted_product_images/EXT-0345.jpg,54000/-
EXT-0346,A -DIVINE CHAIRS PRICELIST,TABLE & STAND PRICELIST-AUG26.pdf,tables,4,68,₹0,0,/extracted_product_images/EXT-0346.jpg,68000/-
EXT-0347,A -DIVINE CHAIRS PRICELIST,TABLE & STAND PRICELIST-AUG26.pdf,tables,4,75,₹0,0,/extracted_product_images/EXT-0347.jpg,75000/-
EXT-0348,A -DIVINE CHAIRS PRICELIST,TABLE & STAND PRICELIST-AUG26.pdf,tables,4,68,₹0,0,/extracted_product_images/EXT-0348.jpg,68000/-
EXT-0349,A -DIVINE CHAIRS PRICELIST,TABLE & STAND PRICELIST-AUG26.pdf,tables,4,68,₹0,0,/extracted_product_images/EXT-0349.jpg,68000/-
EXT-0350,A -DIVINE CHAIRS PRICELIST,TABLE & STAND PRICELIST-AUG26.pdf,tables,4,42,₹0,0,/extracted_product_images/EXT-0350.jpg,42000/-
EXT-0351,A -DIVINE CHAIRS PRICELIST,TABLE & STAND PRICELIST-AUG26.pdf,tables,4,84,₹0,0,/extracted_product_images/EXT-0351.jpg,84000/-
EXT-0352,A -DIVINE CHAIRS PRICELIST,TABLE & STAND PRICELIST-AUG26.pdf,tables,5,44,₹500,500,/extracted_product_images/EXT-0352.jpg,44500/-
EXT-0353,A -DIVINE CHAIRS PRICELIST,TABLE & STAND PRICELIST-AUG26.pdf,tables,5,105,₹0,0,/extracted_product_images/EXT-0353.jpg,105000/-
EXT-0354,A -DIVINE CHAIRS PRICELIST,TABLE & STAND PRICELIST-AUG26.pdf,tables,5,38,₹0,0,/extracted_product_images/EXT-0354.jpg,38000/-
EXT-0355,A -DIVINE CHAIRS PRICELIST,TABLE & STAND PRICELIST-AUG26.pdf,tables,5,62,₹0,0,/extracted_product_images/EXT-0355.jpg,62000/-
EXT-0356,A -DIVINE CHAIRS PRICELIST,TABLE & STAND PRICELIST-AUG26.pdf,tables,5,36,₹0,0,/extracted_product_images/EXT-0356.jpg,36000/-
EXT-0357,A -DIVINE CHAIRS PRICELIST,TABLE & STAND PRICELIST-AUG26.pdf,tables,5,48,₹0,0,/extracted_product_images/EXT-0357.jpg,48000/-
EXT-0358,A -DIVINE CHAIRS PRICELIST,TABLE & STAND PRICELIST-AUG26.pdf,tables,6,135,₹0,0,/extracted_product_images/EXT-0358.jpg,135000/-
EXT-0359,A -DIVINE CHAIRS PRICELIST,TABLE & STAND PRICELIST-AUG26.pdf,tables,6,78,₹0,0,/extracted_product_images/EXT-0359.jpg,78000/-
EXT-0360,A -DIVINE CHAIRS PRICELIST,TABLE & STAND PRICELIST-AUG26.pdf,tables,6,31,₹0,0,/extracted_product_images/EXT-0360.jpg,31000/-
EXT-0361,A -DIVINE CHAIRS PRICELIST,TABLE & STAND PRICELIST-AUG26.pdf,tables,6,105,₹0,0,/extracted_product_images/EXT-0361.jpg,105000/-
EXT-0362,A -DIVINE CHAIRS PRICELIST,TABLE & STAND PRICELIST-AUG26.pdf,tables,6,68,₹0,0,/extracted_product_images/EXT-0362.jpg,68000/-
EXT-0363,A -DIVINE CHAIRS PRICELIST,TABLE & STAND PRICELIST-AUG26.pdf,tables,6,64,₹0,0,/extracted_product_images/EXT-0363.jpg,64000/-
EXT-0364,A -DIVINE CHAIRS PRICELIST,TABLE & STAND PRICELIST-AUG26.pdf,tables,7,40,₹0,0,/extracted_product_images/EXT-0364.jpg,40000/-
EXT-0365,A -DIVINE CHAIRS PRICELIST,TABLE & STAND PRICELIST-AUG26.pdf,tables,7,42,₹0,0,/extracted_product_images/EXT-0365.jpg,42000/-
EXT-0366,A -DIVINE CHAIRS PRICELIST,TABLE & STAND PRICELIST-AUG26.pdf,tables,7,56,₹0,0,/extracted_product_images/EXT-0366.jpg,56000/-
EXT-0367,A -DIVINE CHAIRS PRICELIST,TABLE & STAND PRICELIST-AUG26.pdf,tables,7,65,₹0,0,/extracted_product_images/EXT-0367.jpg,65000/-
EXT-0368,A -DIVINE CHAIRS PRICELIST,TABLE & STAND PRICELIST-AUG26.pdf,tables,7,52,₹0,0,/extracted_product_images/EXT-0368.jpg,52000/-
EXT-0369,A -DIVINE CHAIRS PRICELIST,TABLE & STAND PRICELIST-AUG26.pdf,tables,7,60,₹0,0,/extracted_product_images/EXT-0369.jpg,60000/-
EXT-0370,A -DIVINE CHAIRS PRICELIST,TABLE & STAND PRICELIST-AUG26.pdf,tables,8,75,₹0,0,/extracted_product_images/EXT-0370.jpg,75000/-
EXT-0371,A -DIVINE CHAIRS PRICELIST,TABLE & STAND PRICELIST-AUG26.pdf,tables,8,44,₹0,0,/extracted_product_images/EXT-0371.jpg,44000/-
EXT-0372,A -DIVINE CHAIRS PRICELIST,TABLE & STAND PRICELIST-AUG26.pdf,tables,8,68,₹0,0,/extracted_product_images/EXT-0372.jpg,68000/-
EXT-0373,A -DIVINE CHAIRS PRICELIST,TABLE & STAND PRICELIST-AUG26.pdf,tables,8,62,₹0,0,/extracted_product_images/EXT-0373.jpg,62000/-
EXT-0374,A -DIVINE CHAIRS PRICELIST,TABLE & STAND PRICELIST-AUG26.pdf,tables,8,58,₹0,0,/extracted_product_images/EXT-0374.jpg,58000/-
EXT-0375,A -DIVINE CHAIRS PRICELIST,TABLE & STAND PRICELIST-AUG26.pdf,tables,8,70,₹0,0,/extracted_product_images/EXT-0375.jpg,70000/-
EXT-0376,A -DIVINE CHAIRS PRICELIST,TABLE & STAND PRICELIST-AUG26.pdf,tables,9,32,₹0,0,/extracted_product_images/EXT-0376.jpg,32000/-
EXT-0377,A -DIVINE CHAIRS PRICELIST,TABLE & STAND PRICELIST-AUG26.pdf,tables,9,55,₹0,0,/extracted_product_images/EXT-0377.jpg,55000/-
EXT-0378,A -DIVINE CHAIRS PRICELIST,TABLE & STAND PRICELIST-AUG26.pdf,tables,9,37,₹0,0,/extracted_product_images/EXT-0378.jpg,37000/-
EXT-0379,A -DIVINE CHAIRS PRICELIST,TABLE & STAND PRICELIST-AUG26.pdf,tables,9,29,₹0,0,/extracted_product_images/EXT-0379.jpg,29000/-
EXT-0380,A -DIVINE CHAIRS PRICELIST,TABLE & STAND PRICELIST-AUG26.pdf,tables,9,38,₹0,0,/extracted_product_images/EXT-0380.jpg,38000/-
EXT-0381,A -DIVINE CHAIRS PRICELIST,TABLE & STAND PRICELIST-AUG26.pdf,tables,9,42,₹0,0,/extracted_product_images/EXT-0381.jpg,42000/-
EXT-0382,A -DIVINE CHAIRS PRICELIST,TABLE & STAND PRICELIST-AUG26.pdf,tables,9,75,₹0,0,/extracted_product_images/EXT-0382.jpg,75000/-
EXT-0383,A -DIVINE CHAIRS PRICELIST,TABLE & STAND PRICELIST-AUG26.pdf,tables,9,44,₹0,0,/extracted_product_images/EXT-0383.jpg,44000/-
EXT-0384,A -DIVINE CHAIRS PRICELIST,TABLE & STAND PRICELIST-AUG26.pdf,tables,9,44,₹0,0,/extracted_product_images/EXT-0384.jpg,44000/-
EXT-0385,A -DIVINE CHAIRS PRICELIST,TABLE & STAND PRICELIST-AUG26.pdf,tables,10,40,₹0,0,/extracted_product_images/EXT-0385.jpg,40000/-
EXT-0386,A -DIVINE CHAIRS PRICELIST,TABLE & STAND PRICELIST-AUG26.pdf,tables,10,46,₹0,0,/extracted_product_images/EXT-0386.jpg,46000/-
EXT-0387,A -DIVINE CHAIRS PRICELIST,TABLE & STAND PRICELIST-AUG26.pdf,tables,10,17,₹500,500,/extracted_product_images/EXT-0387.jpg,17500/-
EXT-0388,A -DIVINE CHAIRS PRICELIST,TABLE & STAND PRICELIST-AUG26.pdf,tables,10,75,₹0,0,/extracted_product_images/EXT-0388.jpg,75000/-
EXT-0389,A -DIVINE CHAIRS PRICELIST,TABLE & STAND PRICELIST-AUG26.pdf,tables,10,21,₹0,0,/extracted_product_images/EXT-0389.jpg,21000/-
EXT-0390,A -DIVINE CHAIRS PRICELIST,TABLE & STAND PRICELIST-AUG26.pdf,tables,10,45,₹0,0,/extracted_product_images/EXT-0390.jpg,45000/-
EXT-0391,A -DIVINE CHAIRS PRICELIST,TABLE & STAND PRICELIST-AUG26.pdf,tables,10,44,₹0,0,/extracted_product_images/EXT-0391.jpg,44000/-
EXT-0392,A -DIVINE CHAIRS PRICELIST,TABLE & STAND PRICELIST-AUG26.pdf,tables,10,40,₹0,0,/extracted_product_images/EXT-0392.jpg,40000/-
EXT-0393,A -DIVINE CHAIRS PRICELIST,TABLE & STAND PRICELIST-AUG26.pdf,tables,10,39,₹0,0,/extracted_product_images/EXT-0393.jpg,39000/-
EXT-0394,A -DIVINE CHAIRS PRICELIST,TABLE & STAND PRICELIST-AUG26.pdf,tables,11,40,₹0,0,/extracted_product_images/EXT-0394.jpg,40000/-
EXT-0395,A -DIVINE CHAIRS PRICELIST,TABLE & STAND PRICELIST-AUG26.pdf,tables,11,32,₹0,0,/extracted_product_images/EXT-0395.jpg,32000/-
EXT-0396,A -DIVINE CHAIRS PRICELIST,TABLE & STAND PRICELIST-AUG26.pdf,tables,11,38,₹0,0,/extracted_product_images/EXT-0396.jpg,38000/-
EXT-0397,A -DIVINE CHAIRS PRICELIST,TABLE & STAND PRICELIST-AUG26.pdf,tables,11,42,₹0,0,/extracted_product_images/EXT-0397.jpg,42000/-
EXT-0398,A -DIVINE CHAIRS PRICELIST,TABLE & STAND PRICELIST-AUG26.pdf,tables,11,88,₹0,0,/extracted_product_images/EXT-0398.jpg,88000/-
EXT-0399,A -DIVINE CHAIRS PRICELIST,TABLE & STAND PRICELIST-AUG26.pdf,tables,12,13,₹0,0,/extracted_product_images/EXT-0399.jpg,13000/- | 9500/-
EXT-0400,A -DIVINE CHAIRS PRICELIST,TABLE & STAND PRICELIST-AUG26.pdf,tables,12,16,₹0,0,/extracted_product_images/EXT-0400.jpg,16000/-
EXT-0401,A -DIVINE CHAIRS PRICELIST,TABLE & STAND PRICELIST-AUG26.pdf,tables,12,22,₹0,0,/extracted_product_images/EXT-0401.jpg,22000/-
EXT-0402,A -DIVINE CHAIRS PRICELIST,TABLE & STAND PRICELIST-AUG26.pdf,tables,12,33,₹0,0,/extracted_product_images/EXT-0402.jpg,33000/-
EXT-0403,A -DIVINE CHAIRS PRICELIST,TABLE & STAND PRICELIST-AUG26.pdf,tables,12,Shs Set - 38,₹0,0,/extracted_product_images/EXT-0403.jpg,SHS SET - 38000/-
EXT-0404,A -DIVINE CHAIRS PRICELIST,TABLE & STAND PRICELIST-AUG26.pdf,tables,12,18,₹500,500,/extracted_product_images/EXT-0404.jpg,18500/-
EXT-0405,A -DIVINE CHAIRS PRICELIST,TABLE & STAND PRICELIST-AUG26.pdf,tables,12,29,₹0,0,/extracted_product_images/EXT-0405.jpg,29000/-
EXT-0406,A -DIVINE CHAIRS PRICELIST,TABLE & STAND PRICELIST-AUG26.pdf,tables,13,26,₹0,0,/extracted_product_images/EXT-0406.jpg,26000/-
EXT-0407,A -DIVINE CHAIRS PRICELIST,TABLE & STAND PRICELIST-AUG26.pdf,tables,13,13,₹0,0,/extracted_product_images/EXT-0407.jpg,13000/-
EXT-0408,A -DIVINE CHAIRS PRICELIST,TABLE & STAND PRICELIST-AUG26.pdf,tables,13,14,₹0,0,/extracted_product_images/EXT-0408.jpg,14000/-
EXT-0409,A -DIVINE CHAIRS PRICELIST,TABLE & STAND PRICELIST-AUG26.pdf,tables,13,13,₹0,0,/extracted_product_images/EXT-0409.jpg,13000/-
EXT-0410,A -DIVINE CHAIRS PRICELIST,TABLE & STAND PRICELIST-AUG26.pdf,tables,13,14,₹0,0,/extracted_product_images/EXT-0410.jpg,14000/-
EXT-0411,A -DIVINE CHAIRS PRICELIST,TABLE & STAND PRICELIST-AUG26.pdf,tables,13,17,₹0,0,/extracted_product_images/EXT-0411.jpg,17000/-
EXT-0412,A -DIVINE CHAIRS PRICELIST,TABLE & STAND PRICELIST-AUG26.pdf,tables,13,14,₹0,0,/extracted_product_images/EXT-0412.jpg,14000/-
EXT-0413,A -DIVINE CHAIRS PRICELIST,TABLE & STAND PRICELIST-AUG26.pdf,tables,13,13,₹0,0,/extracted_product_images/EXT-0413.jpg,13000/-
EXT-0414,A -DIVINE CHAIRS PRICELIST,TABLE & STAND PRICELIST-AUG26.pdf,tables,13,12,₹0,0,/extracted_product_images/EXT-0414.jpg,12000/-
EXT-0415,A -DIVINE CHAIRS PRICELIST,TABLE & STAND PRICELIST-AUG26.pdf,tables,14,23,₹0,0,/extracted_product_images/EXT-0415.jpg,23000/-
EXT-0416,A -DIVINE CHAIRS PRICELIST,TABLE & STAND PRICELIST-AUG26.pdf,tables,14,16,₹0,0,/extracted_product_images/EXT-0416.jpg,16000/-
EXT-0417,A -DIVINE CHAIRS PRICELIST,TABLE & STAND PRICELIST-AUG26.pdf,tables,14,14,₹500,500,/extracted_product_images/EXT-0417.jpg,14500/-
EXT-0418,A -DIVINE CHAIRS PRICELIST,TABLE & STAND PRICELIST-AUG26.pdf,tables,14,23,₹0,0,/extracted_product_images/EXT-0418.jpg,23000/-
EXT-0419,A -DIVINE CHAIRS PRICELIST,TABLE & STAND PRICELIST-AUG26.pdf,tables,14,15,₹500,500,/extracted_product_images/EXT-0419.jpg,15500/-
EXT-0420,A -DIVINE CHAIRS PRICELIST,TABLE & STAND PRICELIST-AUG26.pdf,tables,14,14,₹500,500,/extracted_product_images/EXT-0420.jpg,14500/-
EXT-0421,A -DIVINE CHAIRS PRICELIST,TABLE & STAND PRICELIST-AUG26.pdf,tables,14,18,₹500,500,/extracted_product_images/EXT-0421.jpg,18500/-
EXT-0422,A -DIVINE CHAIRS PRICELIST,TABLE & STAND PRICELIST-AUG26.pdf,tables,14,14,₹500,500,/extracted_product_images/EXT-0422.jpg,14500/-
EXT-0423,A -DIVINE CHAIRS PRICELIST,TABLE & STAND PRICELIST-AUG26.pdf,tables,14,14,₹0,0,/extracted_product_images/EXT-0423.jpg,14000/-
EXT-0424,A -DIVINE CHAIRS PRICELIST,TABLE & STAND PRICELIST-AUG26.pdf,tables,15,18,₹500,500,/extracted_product_images/EXT-0424.jpg,18500/-
EXT-0425,A -DIVINE CHAIRS PRICELIST,TABLE & STAND PRICELIST-AUG26.pdf,tables,15,18,₹500,500,/extracted_product_images/EXT-0425.jpg,18500/-
EXT-0426,A -DIVINE CHAIRS PRICELIST,TABLE & STAND PRICELIST-AUG26.pdf,tables,15,18,₹500,500,/extracted_product_images/EXT-0426.jpg,18500/-
EXT-0427,A -DIVINE CHAIRS PRICELIST,TABLE & STAND PRICELIST-AUG26.pdf,tables,15,14,₹0,0,/extracted_product_images/EXT-0427.jpg,14000/-
EXT-0428,A -DIVINE CHAIRS PRICELIST,TABLE & STAND PRICELIST-AUG26.pdf,tables,15,14,₹0,0,/extracted_product_images/EXT-0428.jpg,14000/-
EXT-0429,A -DIVINE CHAIRS PRICELIST,TABLE & STAND PRICELIST-AUG26.pdf,tables,15,18,₹0,0,/extracted_product_images/EXT-0429.jpg,18000/-
EXT-0430,A -DIVINE CHAIRS PRICELIST,TABLE & STAND PRICELIST-AUG26.pdf,tables,15,16,₹500,500,/extracted_product_images/EXT-0430.jpg,16500/-
EXT-0431,A -DIVINE CHAIRS PRICELIST,TABLE & STAND PRICELIST-AUG26.pdf,tables,15,16,₹0,0,/extracted_product_images/EXT-0431.jpg,16000/-
EXT-0432,A -DIVINE CHAIRS PRICELIST,TABLE & STAND PRICELIST-AUG26.pdf,tables,15,15,₹0,0,/extracted_product_images/EXT-0432.jpg,15000/-
EXT-0433,A -DIVINE CHAIRS PRICELIST,TABLE & STAND PRICELIST-AUG26.pdf,tables,16,16,₹0,0,/extracted_product_images/EXT-0433.jpg,16000/-
EXT-0434,A -DIVINE CHAIRS PRICELIST,TABLE & STAND PRICELIST-AUG26.pdf,tables,16,12,₹0,0,/extracted_product_images/EXT-0434.jpg,12000/-
EXT-0435,A -DIVINE CHAIRS PRICELIST,TABLE & STAND PRICELIST-AUG26.pdf,tables,16,11,₹500,500,/extracted_product_images/EXT-0435.jpg,11500/-
EXT-0436,A -DIVINE CHAIRS PRICELIST,TABLE & STAND PRICELIST-AUG26.pdf,tables,16,11,₹500,500,/extracted_product_images/EXT-0436.jpg,11500/-
EXT-0437,A -DIVINE CHAIRS PRICELIST,TABLE & STAND PRICELIST-AUG26.pdf,tables,16,18,₹0,0,/extracted_product_images/EXT-0437.jpg,18000/-
EXT-0438,A -DIVINE CHAIRS PRICELIST,TABLE & STAND PRICELIST-AUG26.pdf,tables,16,19,₹0,0,/extracted_product_images/EXT-0438.jpg,19000/-
EXT-0439,A -DIVINE CHAIRS PRICELIST,TABLE & STAND PRICELIST-AUG26.pdf,tables,17,12,₹0,0,/extracted_product_images/EXT-0439.jpg,12000/-
EXT-0440,A -DIVINE CHAIRS PRICELIST,TABLE & STAND PRICELIST-AUG26.pdf,tables,17,15,₹0,0,/extracted_product_images/EXT-0440.jpg,15000/-
EXT-0441,A -DIVINE CHAIRS PRICELIST,TABLE & STAND PRICELIST-AUG26.pdf,tables,17,16,₹500,500,/extracted_product_images/EXT-0441.jpg,16500/-
EXT-0442,A -DIVINE CHAIRS PRICELIST,TABLE & STAND PRICELIST-AUG26.pdf,tables,17,14,₹0,0,/extracted_product_images/EXT-0442.jpg,14000/-
EXT-0443,A -DIVINE CHAIRS PRICELIST,TABLE & STAND PRICELIST-AUG26.pdf,tables,17,11,₹0,0,/extracted_product_images/EXT-0443.jpg,11000/-
EXT-0444,A -DIVINE CHAIRS PRICELIST,TABLE & STAND PRICELIST-AUG26.pdf,tables,17,15,₹0,0,/extracted_product_images/EXT-0444.jpg,15000/-
EXT-0445,A -DIVINE CHAIRS PRICELIST,TABLE & STAND PRICELIST-AUG26.pdf,tables,17,22,₹0,0,/extracted_product_images/EXT-0445.jpg,22000/- | 18000/-
EXT-0446,A -DIVINE CHAIRS PRICELIST,TABLE & STAND PRICELIST-AUG26.pdf,tables,18,16,₹0,0,/extracted_product_images/EXT-0446.jpg,16000/-
EXT-0447,A -DIVINE CHAIRS PRICELIST,TABLE & STAND PRICELIST-AUG26.pdf,tables,18,14,₹0,0,/extracted_product_images/EXT-0447.jpg,14000/- | 12000/-
EXT-0448,A -DIVINE CHAIRS PRICELIST,TABLE & STAND PRICELIST-AUG26.pdf,tables,18,18,₹0,0,/extracted_product_images/EXT-0448.jpg,18000/- | 15000/-
EXT-0449,A -DIVINE CHAIRS PRICELIST,TABLE & STAND PRICELIST-AUG26.pdf,tables,18,12,₹0,0,/extracted_product_images/EXT-0449.jpg,12000/-
EXT-0450,A -DIVINE CHAIRS PRICELIST,TABLE & STAND PRICELIST-AUG26.pdf,tables,18,12,₹0,0,/extracted_product_images/EXT-0450.jpg,12000/-
EXT-0451,A -DIVINE CHAIRS PRICELIST,TABLE & STAND PRICELIST-AUG26.pdf,tables,19,47,₹0,0,/extracted_product_images/EXT-0451.jpg,47000/-
EXT-0452,A -DIVINE CHAIRS PRICELIST,TABLE & STAND PRICELIST-AUG26.pdf,tables,19,52,₹0,0,/extracted_product_images/EXT-0452.jpg,52000/-
EXT-0453,A -DIVINE CHAIRS PRICELIST,TABLE & STAND PRICELIST-AUG26.pdf,tables,19,49,₹0,0,/extracted_product_images/EXT-0453.jpg,49000/-
EXT-0454,A -DIVINE CHAIRS PRICELIST,TABLE & STAND PRICELIST-AUG26.pdf,tables,19,45,₹0,0,/extracted_product_images/EXT-0454.jpg,45000/-
EXT-0455,A -DIVINE CHAIRS PRICELIST,TABLE & STAND PRICELIST-AUG26.pdf,tables,20,52,₹0,0,/extracted_product_images/EXT-0455.jpg,52000/-
EXT-0456,A -DIVINE CHAIRS PRICELIST,TABLE & STAND PRICELIST-AUG26.pdf,tables,20,49,₹0,0,/extracted_product_images/EXT-0456.jpg,49000/-
EXT-0457,A -DIVINE CHAIRS PRICELIST,TABLE & STAND PRICELIST-AUG26.pdf,tables,20,51,₹0,0,/extracted_product_images/EXT-0457.jpg,51000/-
EXT-0458,A -DIVINE CHAIRS PRICELIST,TABLE & STAND PRICELIST-AUG26.pdf,tables,20,52,₹0,0,/extracted_product_images/EXT-0458.jpg,52000/-
EXT-0459,A -DIVINE CHAIRS PRICELIST,TABLE & STAND PRICELIST-AUG26.pdf,tables,21,24,₹0,0,/extracted_product_images/EXT-0459.jpg,24000/- | 24000/-
EXT-0460,A -DIVINE CHAIRS PRICELIST,TABLE & STAND PRICELIST-AUG26.pdf,tables,21,16,₹0,0,/extracted_product_images/EXT-0460.jpg,16000/-
EXT-0461,A -DIVINE CHAIRS PRICELIST,TABLE & STAND PRICELIST-AUG26.pdf,tables,21,24,₹0,0,/extracted_product_images/EXT-0461.jpg,24000/-
EXT-0462,A -DIVINE CHAIRS PRICELIST,TABLE & STAND PRICELIST-AUG26.pdf,tables,21,15,₹0,0,/extracted_product_images/EXT-0462.jpg,15000/-
EXT-0463,A -DIVINE CHAIRS PRICELIST,TABLE & STAND PRICELIST-AUG26.pdf,tables,21,14,₹0,0,/extracted_product_images/EXT-0463.jpg,14000/-
EXT-0464,A -DIVINE CHAIRS PRICELIST,TABLE & STAND PRICELIST-AUG26.pdf,tables,21,11,₹0,0,/extracted_product_images/EXT-0464.jpg,11000/-
EXT-0465,A -DIVINE CHAIRS PRICELIST,TABLE & STAND PRICELIST-AUG26.pdf,tables,21,14,₹0,0,/extracted_product_images/EXT-0465.jpg,14000/-
EXT-0466,A -DIVINE CHAIRS PRICELIST,TABLE & STAND PRICELIST-AUG26.pdf,tables,21,55,₹0,0,/extracted_product_images/EXT-0466.jpg,55000/-
EXT-0467,A -DIVINE CHAIRS PRICELIST,TABLE & STAND PRICELIST-AUG26.pdf,tables,22,14,₹500,500,/extracted_product_images/EXT-0467.jpg,14500/-
EXT-0468,A -DIVINE CHAIRS PRICELIST,TABLE & STAND PRICELIST-AUG26.pdf,tables,22,17,₹0,0,/extracted_product_images/EXT-0468.jpg,17000/-
EXT-0469,A -DIVINE CHAIRS PRICELIST,TABLE & STAND PRICELIST-AUG26.pdf,tables,22,12,₹0,0,/extracted_product_images/EXT-0469.jpg,12000/-
EXT-0470,A -DIVINE CHAIRS PRICELIST,TABLE & STAND PRICELIST-AUG26.pdf,tables,22,26,₹0,0,/extracted_product_images/EXT-0470.jpg,26000/-
EXT-0471,A -DIVINE CHAIRS PRICELIST,TABLE & STAND PRICELIST-AUG26.pdf,tables,22,12,₹0,0,/extracted_product_images/EXT-0471.jpg,12000/- | 13500/-
EXT-0472,A -DIVINE CHAIRS PRICELIST,TABLE & STAND PRICELIST-AUG26.pdf,tables,22,12,₹500,500,/extracted_product_images/EXT-0472.jpg,12500/-
EXT-0473,A -DIVINE CHAIRS PRICELIST,TABLE & STAND PRICELIST-AUG26.pdf,tables,22,13,₹0,0,/extracted_product_images/EXT-0473.jpg,13000/-
EXT-0474,A -DIVINE CHAIRS PRICELIST,TABLE & STAND PRICELIST-AUG26.pdf,tables,22,15,₹0,0,/extracted_product_images/EXT-0474.jpg,15000/- | 12500/-
EXT-0475,A -DIVINE CHAIRS PRICELIST,TABLE & STAND PRICELIST-AUG26.pdf,tables,23,10,₹500,500,/extracted_product_images/EXT-0475.jpg,10500/-
EXT-0476,A -DIVINE CHAIRS PRICELIST,TABLE & STAND PRICELIST-AUG26.pdf,tables,24,11,₹0,0,/extracted_product_images/EXT-0476.jpg,11000/-
EXT-0477,A -DIVINE CHAIRS PRICELIST,TABLE & STAND PRICELIST-AUG26.pdf,tables,24,15,₹0,0,/extracted_product_images/EXT-0477.jpg,15000/-
EXT-0478,A -DIVINE CHAIRS PRICELIST,TABLE & STAND PRICELIST-AUG26.pdf,tables,25,14,₹0,0,/extracted_product_images/EXT-0478.jpg,14000/-
EXT-0479,A -DIVINE CHAIRS PRICELIST,TABLE & STAND PRICELIST-AUG26.pdf,tables,25,12,₹0,0,/extracted_product_images/EXT-0479.jpg,8400/- | 12000/-
EXT-0480,A -DIVINE CHAIRS PRICELIST,TABLE & STAND PRICELIST-AUG26.pdf,tables,25,13,₹0,0,/extracted_product_images/EXT-0480.jpg,13000/-
EXT-0481,A -DIVINE CHAIRS PRICELIST,TABLE & STAND PRICELIST-AUG26.pdf,tables,25,18,₹0,0,/extracted_product_images/EXT-0481.jpg,18000/-
EXT-0482,A -DIVINE CHAIRS PRICELIST,TABLE & STAND PRICELIST-AUG26.pdf,tables,26,17,₹0,0,/extracted_product_images/EXT-0482.jpg,17000/- | 17500/-
EXT-0483,A -DIVINE CHAIRS PRICELIST,TABLE & STAND PRICELIST-AUG26.pdf,tables,26,13,₹500,500,/extracted_product_images/EXT-0483.jpg,13500/- | 15500/-
EXT-0484,A -DIVINE CHAIRS PRICELIST,TABLE & STAND PRICELIST-AUG26.pdf,tables,26,17,₹0,0,/extracted_product_images/EXT-0484.jpg,17000/-
EXT-0485,A -DIVINE CHAIRS PRICELIST,TABLE & STAND PRICELIST-AUG26.pdf,tables,27,12,₹0,0,/extracted_product_images/EXT-0485.jpg,12000/- | 14000/-
EXT-0486,A -DIVINE CHAIRS PRICELIST,TABLE & STAND PRICELIST-AUG26.pdf,tables,27,11,₹500,500,/extracted_product_images/EXT-0486.jpg,11500/-
EXT-0487,A -DIVINE CHAIRS PRICELIST,TABLE & STAND PRICELIST-AUG26.pdf,tables,27,23,₹0,0,/extracted_product_images/EXT-0487.jpg,23000/-
EXT-0542,A- DIVINE CHAIRS PRICELIST W-O LOGO,DINNING PRICELIST WL - AUG 26.pdf,dining,1,26,₹0,0,/extracted_product_images/EXT-0542.jpg,26000/-
EXT-0543,A- DIVINE CHAIRS PRICELIST W-O LOGO,DINNING PRICELIST WL - AUG 26.pdf,dining,2,31,₹0,0,/extracted_product_images/EXT-0543.jpg,31000/-
EXT-0544,A- DIVINE CHAIRS PRICELIST W-O LOGO,DINNING PRICELIST WL - AUG 26.pdf,dining,2,28,₹750,750,/extracted_product_images/EXT-0544.jpg,28750/-
EXT-0545,A- DIVINE CHAIRS PRICELIST W-O LOGO,DINNING PRICELIST WL - AUG 26.pdf,dining,2,32,₹0,0,/extracted_product_images/EXT-0545.jpg,32000/-
EXT-0546,A- DIVINE CHAIRS PRICELIST W-O LOGO,DINNING PRICELIST WL - AUG 26.pdf,dining,3,17,₹0,0,/extracted_product_images/EXT-0546.jpg,17000/-
EXT-0547,A- DIVINE CHAIRS PRICELIST W-O LOGO,DINNING PRICELIST WL - AUG 26.pdf,dining,3,21,₹500,500,/extracted_product_images/EXT-0547.jpg,21500/-
EXT-0548,A- DIVINE CHAIRS PRICELIST W-O LOGO,DINNING PRICELIST WL - AUG 26.pdf,dining,3,21,₹0,0,/extracted_product_images/EXT-0548.jpg,21000/-
EXT-0549,A- DIVINE CHAIRS PRICELIST W-O LOGO,DINNING PRICELIST WL - AUG 26.pdf,dining,4,22,₹0,0,/extracted_product_images/EXT-0549.jpg,22000/-
EXT-0550,A- DIVINE CHAIRS PRICELIST W-O LOGO,DINNING PRICELIST WL - AUG 26.pdf,dining,4,26,₹0,0,/extracted_product_images/EXT-0550.jpg,26000/-
EXT-0551,A- DIVINE CHAIRS PRICELIST W-O LOGO,DINNING PRICELIST WL - AUG 26.pdf,dining,4,42,₹0,0,/extracted_product_images/EXT-0551.jpg,42000/-
EXT-0552,A- DIVINE CHAIRS PRICELIST W-O LOGO,DINNING PRICELIST WL - AUG 26.pdf,dining,5,17,₹0,0,/extracted_product_images/EXT-0552.jpg,17000/-
EXT-0553,A- DIVINE CHAIRS PRICELIST W-O LOGO,DINNING PRICELIST WL - AUG 26.pdf,dining,5,26,₹0,0,/extracted_product_images/EXT-0553.jpg,26000/-
EXT-0554,A- DIVINE CHAIRS PRICELIST W-O LOGO,DINNING PRICELIST WL - AUG 26.pdf,dining,5,22,₹0,0,/extracted_product_images/EXT-0554.jpg,22000/-
EXT-0555,A- DIVINE CHAIRS PRICELIST W-O LOGO,DINNING PRICELIST WL - AUG 26.pdf,dining,6,26,₹0,0,/extracted_product_images/EXT-0555.jpg,26000/-
EXT-0556,A- DIVINE CHAIRS PRICELIST W-O LOGO,DINNING PRICELIST WL - AUG 26.pdf,dining,6,28,₹0,0,/extracted_product_images/EXT-0556.jpg,28000/-
EXT-0557,A- DIVINE CHAIRS PRICELIST W-O LOGO,DINNING PRICELIST WL - AUG 26.pdf,dining,6,10,₹750,750,/extracted_product_images/EXT-0557.jpg,10750/-
EXT-0558,A- DIVINE CHAIRS PRICELIST W-O LOGO,DINNING PRICELIST WL - AUG 26.pdf,dining,7,22,₹0,0,/extracted_product_images/EXT-0558.jpg,22000/-
EXT-0559,A- DIVINE CHAIRS PRICELIST W-O LOGO,DINNING PRICELIST WL - AUG 26.pdf,dining,7,23,₹0,0,/extracted_product_images/EXT-0559.jpg,23000/-
EXT-0560,A- DIVINE CHAIRS PRICELIST W-O LOGO,DINNING PRICELIST WL - AUG 26.pdf,dining,7,17,₹500,500,/extracted_product_images/EXT-0560.jpg,17500/-
EXT-0561,A- DIVINE CHAIRS PRICELIST W-O LOGO,DINNING PRICELIST WL - AUG 26.pdf,dining,8,22,₹0,0,/extracted_product_images/EXT-0561.jpg,22000/-
EXT-0562,A- DIVINE CHAIRS PRICELIST W-O LOGO,DINNING PRICELIST WL - AUG 26.pdf,dining,8,23,₹0,0,/extracted_product_images/EXT-0562.jpg,23000/-
EXT-0563,A- DIVINE CHAIRS PRICELIST W-O LOGO,DINNING PRICELIST WL - AUG 26.pdf,dining,8,22,₹0,0,/extracted_product_images/EXT-0563.jpg,22000/-
EXT-0564,A- DIVINE CHAIRS PRICELIST W-O LOGO,DINNING PRICELIST WL - AUG 26.pdf,dining,9,14,₹0,0,/extracted_product_images/EXT-0564.jpg,14000/-
EXT-0565,A- DIVINE CHAIRS PRICELIST W-O LOGO,DINNING PRICELIST WL - AUG 26.pdf,dining,10,11,₹500,500,/extracted_product_images/EXT-0565.jpg,11500/-
EXT-0566,A- DIVINE CHAIRS PRICELIST W-O LOGO,DINNING PRICELIST WL - AUG 26.pdf,dining,10,18,₹500,500,/extracted_product_images/EXT-0566.jpg,18500/-
EXT-0567,A- DIVINE CHAIRS PRICELIST W-O LOGO,DINNING PRICELIST WL - AUG 26.pdf,dining,10,12,₹500,500,/extracted_product_images/EXT-0567.jpg,12500/-
EXT-0568,A- DIVINE CHAIRS PRICELIST W-O LOGO,DINNING PRICELIST WL - AUG 26.pdf,dining,11,34,₹0,0,/extracted_product_images/EXT-0568.jpg,34000/-
EXT-0569,A- DIVINE CHAIRS PRICELIST W-O LOGO,DINNING PRICELIST WL - AUG 26.pdf,dining,11,22,₹0,0,/extracted_product_images/EXT-0569.jpg,22000/-
EXT-0570,A- DIVINE CHAIRS PRICELIST W-O LOGO,DINNING PRICELIST WL - AUG 26.pdf,dining,11,42,₹0,0,/extracted_product_images/EXT-0570.jpg,42000/-
EXT-0571,A- DIVINE CHAIRS PRICELIST W-O LOGO,DINNING PRICELIST WL - AUG 26.pdf,dining,12,23,₹0,0,/extracted_product_images/EXT-0571.jpg,23000/-
EXT-0572,A- DIVINE CHAIRS PRICELIST W-O LOGO,DINNING PRICELIST WL - AUG 26.pdf,dining,12,17,₹200,200,/extracted_product_images/EXT-0572.jpg,17200/-
EXT-0573,A- DIVINE CHAIRS PRICELIST W-O LOGO,DINNING PRICELIST WL - AUG 26.pdf,dining,12,16,₹0,0,/extracted_product_images/EXT-0573.jpg,16000/-
EXT-0574,A- DIVINE CHAIRS PRICELIST W-O LOGO,DINNING PRICELIST WL - AUG 26.pdf,dining,13,18,₹800,800,/extracted_product_images/EXT-0574.jpg,18800/-
EXT-0575,A- DIVINE CHAIRS PRICELIST W-O LOGO,DINNING PRICELIST WL - AUG 26.pdf,dining,13,23,₹500,500,/extracted_product_images/EXT-0575.jpg,23500/-
EXT-0576,A- DIVINE CHAIRS PRICELIST W-O LOGO,DINNING PRICELIST WL - AUG 26.pdf,dining,13,23,₹0,0,/extracted_product_images/EXT-0576.jpg,23000/-
EXT-0577,A- DIVINE CHAIRS PRICELIST W-O LOGO,DINNING PRICELIST WL - AUG 26.pdf,dining,14,21,₹500,500,/extracted_product_images/EXT-0577.jpg,21500/-
EXT-0578,A- DIVINE CHAIRS PRICELIST W-O LOGO,DINNING PRICELIST WL - AUG 26.pdf,dining,14,21,₹0,0,/extracted_product_images/EXT-0578.jpg,21000/-
EXT-0579,A- DIVINE CHAIRS PRICELIST W-O LOGO,DINNING PRICELIST WL - AUG 26.pdf,dining,14,19,₹0,0,/extracted_product_images/EXT-0579.jpg,19000/-
EXT-0580,A- DIVINE CHAIRS PRICELIST W-O LOGO,DINNING PRICELIST WL - AUG 26.pdf,dining,15,10,₹500,500,/extracted_product_images/EXT-0580.jpg,10500/-
EXT-0581,A- DIVINE CHAIRS PRICELIST W-O LOGO,DINNING PRICELIST WL - AUG 26.pdf,dining,15,18,₹500,500,/extracted_product_images/EXT-0581.jpg,18500/-
EXT-0582,A- DIVINE CHAIRS PRICELIST W-O LOGO,DINNING PRICELIST WL - AUG 26.pdf,dining,15,Wood,"₹22,500",22500,/extracted_product_images/EXT-0582.jpg,WOOD : 22500/- | METAL : 20000/-
EXT-0583,A- DIVINE CHAIRS PRICELIST W-O LOGO,DINNING PRICELIST WL - AUG 26.pdf,dining,16,19,₹500,500,/extracted_product_images/EXT-0583.jpg,19500/-
EXT-0584,A- DIVINE CHAIRS PRICELIST W-O LOGO,DINNING PRICELIST WL - AUG 26.pdf,dining,16,14,₹500,500,/extracted_product_images/EXT-0584.jpg,14500/-
EXT-0585,A- DIVINE CHAIRS PRICELIST W-O LOGO,DINNING PRICELIST WL - AUG 26.pdf,dining,16,23,₹0,0,/extracted_product_images/EXT-0585.jpg,23000/-
EXT-0586,A- DIVINE CHAIRS PRICELIST W-O LOGO,DINNING PRICELIST WL - AUG 26.pdf,dining,17,16,₹500,500,/extracted_product_images/EXT-0586.jpg,16500/-
EXT-0587,A- DIVINE CHAIRS PRICELIST W-O LOGO,DINNING PRICELIST WL - AUG 26.pdf,dining,17,14,₹0,0,/extracted_product_images/EXT-0587.jpg,14000/-
EXT-0588,A- DIVINE CHAIRS PRICELIST W-O LOGO,DINNING PRICELIST WL - AUG 26.pdf,dining,17,19,₹500,500,/extracted_product_images/EXT-0588.jpg,19500/-
EXT-0589,A- DIVINE CHAIRS PRICELIST W-O LOGO,DINNING PRICELIST WL - AUG 26.pdf,dining,18,21,₹0,0,/extracted_product_images/EXT-0589.jpg,21000/- | BLACK - 21000/-
EXT-0590,A- DIVINE CHAIRS PRICELIST W-O LOGO,DINNING PRICELIST WL - AUG 26.pdf,dining,18,14,₹500,500,/extracted_product_images/EXT-0590.jpg,14500/-
EXT-0591,A- DIVINE CHAIRS PRICELIST W-O LOGO,DINNING PRICELIST WL - AUG 26.pdf,dining,18,23,₹0,0,/extracted_product_images/EXT-0591.jpg,23000/-
EXT-0592,A- DIVINE CHAIRS PRICELIST W-O LOGO,DINNING PRICELIST WL - AUG 26.pdf,dining,19,13,₹750,750,/extracted_product_images/EXT-0592.jpg,13750/-
EXT-0593,A- DIVINE CHAIRS PRICELIST W-O LOGO,DINNING PRICELIST WL - AUG 26.pdf,dining,19,10,₹750,750,/extracted_product_images/EXT-0593.jpg,10750/-
EXT-0594,A- DIVINE CHAIRS PRICELIST W-O LOGO,DINNING PRICELIST WL - AUG 26.pdf,dining,19,11,₹0,0,/extracted_product_images/EXT-0594.jpg,11000/-
EXT-0595,A- DIVINE CHAIRS PRICELIST W-O LOGO,DINNING PRICELIST WL - AUG 26.pdf,dining,20,15,₹0,0,/extracted_product_images/EXT-0595.jpg,15000/-
EXT-0596,A- DIVINE CHAIRS PRICELIST W-O LOGO,DINNING PRICELIST WL - AUG 26.pdf,dining,20,15,₹0,0,/extracted_product_images/EXT-0596.jpg,15000/-
EXT-0597,A- DIVINE CHAIRS PRICELIST W-O LOGO,DINNING PRICELIST WL - AUG 26.pdf,dining,20,16,₹0,0,/extracted_product_images/EXT-0597.jpg,16000/-
EXT-0598,A- DIVINE CHAIRS PRICELIST W-O LOGO,DINNING PRICELIST WL - AUG 26.pdf,dining,21,21,₹0,0,/extracted_product_images/EXT-0598.jpg,21000/-
EXT-0599,A- DIVINE CHAIRS PRICELIST W-O LOGO,DINNING PRICELIST WL - AUG 26.pdf,dining,21,15,₹0,0,/extracted_product_images/EXT-0599.jpg,15000/-
EXT-0600,A- DIVINE CHAIRS PRICELIST W-O LOGO,DINNING PRICELIST WL - AUG 26.pdf,dining,21,15,₹0,0,/extracted_product_images/EXT-0600.jpg,15000/-
EXT-0601,A- DIVINE CHAIRS PRICELIST W-O LOGO,DINNING PRICELIST WL - AUG 26.pdf,dining,22,Pepper,Price on Request,0,/extracted_product_images/EXT-0601.jpg,PEPPER
EXT-0602,A- DIVINE CHAIRS PRICELIST W-O LOGO,DINNING PRICELIST WL - AUG 26.pdf,dining,23,12,₹250,250,/extracted_product_images/EXT-0602.jpg,12250/-
EXT-0603,A- DIVINE CHAIRS PRICELIST W-O LOGO,DINNING PRICELIST WL - AUG 26.pdf,dining,23,11,₹500,500,/extracted_product_images/EXT-0603.jpg,11500/-
EXT-0604,A- DIVINE CHAIRS PRICELIST W-O LOGO,DINNING PRICELIST WL - AUG 26.pdf,dining,24,Softy,Price on Request,0,/extracted_product_images/EXT-0604.jpg,SOFTY
EXT-0605,A- DIVINE CHAIRS PRICELIST W-O LOGO,DINNING PRICELIST WL - AUG 26.pdf,dining,24,Carange,Price on Request,0,/extracted_product_images/EXT-0605.jpg,CARANGE
EXT-0606,A- DIVINE CHAIRS PRICELIST W-O LOGO,DINNING PRICELIST WL - AUG 26.pdf,dining,25,13,₹500,500,/extracted_product_images/EXT-0606.jpg,13500/-
EXT-0607,A- DIVINE CHAIRS PRICELIST W-O LOGO,DINNING PRICELIST WL - AUG 26.pdf,dining,25,10,₹500,500,/extracted_product_images/EXT-0607.jpg,10500/-
EXT-0608,A- DIVINE CHAIRS PRICELIST W-O LOGO,DINNING PRICELIST WL - AUG 26.pdf,dining,26,13,₹0,0,/extracted_product_images/EXT-0608.jpg,13000/-
EXT-0609,A- DIVINE CHAIRS PRICELIST W-O LOGO,DINNING PRICELIST WL - AUG 26.pdf,dining,26,12,₹0,0,/extracted_product_images/EXT-0609.jpg,12000/-
EXT-0610,A- DIVINE CHAIRS PRICELIST W-O LOGO,DINNING PRICELIST WL - AUG 26.pdf,dining,26,14,₹500,500,/extracted_product_images/EXT-0610.jpg,14500/-
EXT-0611,A- DIVINE CHAIRS PRICELIST W-O LOGO,DINNING PRICELIST WL - AUG 26.pdf,dining,27,11,₹0,0,/extracted_product_images/EXT-0611.jpg,11000/-
EXT-0612,A- DIVINE CHAIRS PRICELIST W-O LOGO,DINNING PRICELIST WL - AUG 26.pdf,dining,28,23,₹0,0,/extracted_product_images/EXT-0612.jpg,23000/-
EXT-0613,A- DIVINE CHAIRS PRICELIST W-O LOGO,DINNING PRICELIST WL - AUG 26.pdf,dining,28,14,₹0,0,/extracted_product_images/EXT-0613.jpg,14000/-
EXT-0614,A- DIVINE CHAIRS PRICELIST W-O LOGO,EXECUTIVE PRICELIST.pdf,executive,1,Collection,Price on Request,0,/extracted_product_images/EXT-0614.jpg,COLLECTION
EXT-0615,A- DIVINE CHAIRS PRICELIST W-O LOGO,EXECUTIVE PRICELIST.pdf,executive,2,81,₹0,0,/extracted_product_images/EXT-0615.jpg,: 81000/- | MB : 79000/-
EXT-0616,A- DIVINE CHAIRS PRICELIST W-O LOGO,EXECUTIVE PRICELIST.pdf,executive,2,76,₹0,0,/extracted_product_images/EXT-0616.jpg,: 76000/- | MB : 74000/-
EXT-0617,A- DIVINE CHAIRS PRICELIST W-O LOGO,EXECUTIVE PRICELIST.pdf,executive,2,- 130,₹0,0,/extracted_product_images/EXT-0617.jpg,- 130000/-
EXT-0618,A- DIVINE CHAIRS PRICELIST W-O LOGO,EXECUTIVE PRICELIST.pdf,executive,3,35,₹0,0,/extracted_product_images/EXT-0618.jpg,: 35000/-
EXT-0619,A- DIVINE CHAIRS PRICELIST W-O LOGO,EXECUTIVE PRICELIST.pdf,executive,3,34,₹0,0,/extracted_product_images/EXT-0619.jpg,: 34000/-
EXT-0620,A- DIVINE CHAIRS PRICELIST W-O LOGO,EXECUTIVE PRICELIST.pdf,executive,3,35,₹0,0,/extracted_product_images/EXT-0620.jpg,: 35000/-
EXT-0621,A- DIVINE CHAIRS PRICELIST W-O LOGO,EXECUTIVE PRICELIST.pdf,executive,3,34,₹0,0,/extracted_product_images/EXT-0621.jpg,: 34000/-
EXT-0622,A- DIVINE CHAIRS PRICELIST W-O LOGO,EXECUTIVE PRICELIST.pdf,executive,4,40,₹0,0,/extracted_product_images/EXT-0622.jpg,: 40000/-
EXT-0623,A- DIVINE CHAIRS PRICELIST W-O LOGO,EXECUTIVE PRICELIST.pdf,executive,4,38,₹0,0,/extracted_product_images/EXT-0623.jpg,: 38000/-
EXT-0624,A- DIVINE CHAIRS PRICELIST W-O LOGO,EXECUTIVE PRICELIST.pdf,executive,4,40,₹0,0,/extracted_product_images/EXT-0624.jpg,: 40000/-
EXT-0625,A- DIVINE CHAIRS PRICELIST W-O LOGO,EXECUTIVE PRICELIST.pdf,executive,4,38,₹0,0,/extracted_product_images/EXT-0625.jpg,: 38000/-
EXT-0626,A- DIVINE CHAIRS PRICELIST W-O LOGO,EXECUTIVE PRICELIST.pdf,executive,5,31,₹0,0,/extracted_product_images/EXT-0626.jpg,: 31000/-
EXT-0627,A- DIVINE CHAIRS PRICELIST W-O LOGO,EXECUTIVE PRICELIST.pdf,executive,5,29,₹0,0,/extracted_product_images/EXT-0627.jpg,: 29000/-
EXT-0628,A- DIVINE CHAIRS PRICELIST W-O LOGO,EXECUTIVE PRICELIST.pdf,executive,5,29,₹0,0,/extracted_product_images/EXT-0628.jpg,: 29000/-
EXT-0629,A- DIVINE CHAIRS PRICELIST W-O LOGO,EXECUTIVE PRICELIST.pdf,executive,5,28,₹0,0,/extracted_product_images/EXT-0629.jpg,: 28000/-
EXT-0630,A- DIVINE CHAIRS PRICELIST W-O LOGO,EXECUTIVE PRICELIST.pdf,executive,6,30,₹500,500,/extracted_product_images/EXT-0630.jpg,: 30500/-
EXT-0631,A- DIVINE CHAIRS PRICELIST W-O LOGO,EXECUTIVE PRICELIST.pdf,executive,6,28,₹500,500,/extracted_product_images/EXT-0631.jpg,: 28500/-
EXT-0632,A- DIVINE CHAIRS PRICELIST W-O LOGO,EXECUTIVE PRICELIST.pdf,executive,7,24,₹500,500,/extracted_product_images/EXT-0632.jpg,: 24500/- | MB : 23500/-
EXT-0633,A- DIVINE CHAIRS PRICELIST W-O LOGO,EXECUTIVE PRICELIST.pdf,executive,7,23,₹500,500,/extracted_product_images/EXT-0633.jpg,: 23500/-  | MB : 22500/-
EXT-0634,A- DIVINE CHAIRS PRICELIST W-O LOGO,EXECUTIVE PRICELIST.pdf,executive,7,32,₹0,0,/extracted_product_images/EXT-0634.jpg,: 32000/-
EXT-0635,A- DIVINE CHAIRS PRICELIST W-O LOGO,EXECUTIVE PRICELIST.pdf,executive,7,31,₹0,0,/extracted_product_images/EXT-0635.jpg,: 31000/-
EXT-0636,A- DIVINE CHAIRS PRICELIST W-O LOGO,EXECUTIVE PRICELIST.pdf,executive,8,16,₹200,200,/extracted_product_images/EXT-0636.jpg,: 16200/- |MB : 15300/-
EXT-0637,A- DIVINE CHAIRS PRICELIST W-O LOGO,EXECUTIVE PRICELIST.pdf,executive,8,(Ind/Eco) 10,₹500,500,/extracted_product_images/EXT-0637.jpg,(IND/ECO) 10500/- |MB : 9
EXT-0638,A- DIVINE CHAIRS PRICELIST W-O LOGO,EXECUTIVE PRICELIST.pdf,executive,8,11,₹500,500,/extracted_product_images/EXT-0638.jpg,: 11500/- | MB :10500/-
EXT-0639,A- DIVINE CHAIRS PRICELIST W-O LOGO,EXECUTIVE PRICELIST.pdf,executive,9,21,₹500,500,/extracted_product_images/EXT-0639.jpg,: 21500/-
EXT-0640,A- DIVINE CHAIRS PRICELIST W-O LOGO,EXECUTIVE PRICELIST.pdf,executive,9,20,₹500,500,/extracted_product_images/EXT-0640.jpg,: 20500/-
EXT-0641,A- DIVINE CHAIRS PRICELIST W-O LOGO,EXECUTIVE PRICELIST.pdf,executive,9,20,₹0,0,/extracted_product_images/EXT-0641.jpg,: 20000/-
EXT-0642,A- DIVINE CHAIRS PRICELIST W-O LOGO,EXECUTIVE PRICELIST.pdf,executive,9,18,₹500,500,/extracted_product_images/EXT-0642.jpg,: 18500/-
EXT-0643,A- DIVINE CHAIRS PRICELIST W-O LOGO,EXECUTIVE PRICELIST.pdf,executive,10,19,₹0,0,/extracted_product_images/EXT-0643.jpg,: 19000/-
EXT-0644,A- DIVINE CHAIRS PRICELIST W-O LOGO,EXECUTIVE PRICELIST.pdf,executive,10,16,₹500,500,/extracted_product_images/EXT-0644.jpg,: 16500/-
EXT-0645,A- DIVINE CHAIRS PRICELIST W-O LOGO,EXECUTIVE PRICELIST.pdf,executive,10,15,₹0,0,/extracted_product_images/EXT-0645.jpg,: 15000/-
EXT-0646,A- DIVINE CHAIRS PRICELIST W-O LOGO,EXECUTIVE PRICELIST.pdf,executive,10,18,₹500,500,/extracted_product_images/EXT-0646.jpg,: 18500/-
EXT-0647,A- DIVINE CHAIRS PRICELIST W-O LOGO,EXECUTIVE PRICELIST.pdf,executive,10,17,₹500,500,/extracted_product_images/EXT-0647.jpg,: 17500/-
EXT-0648,A- DIVINE CHAIRS PRICELIST W-O LOGO,EXECUTIVE PRICELIST.pdf,executive,11,16,₹0,0,/extracted_product_images/EXT-0648.jpg,16000/-
EXT-0649,A- DIVINE CHAIRS PRICELIST W-O LOGO,EXECUTIVE PRICELIST.pdf,executive,11,10,₹700,700,/extracted_product_images/EXT-0649.jpg,: 10700/- |MB
EXT-0650,A- DIVINE CHAIRS PRICELIST W-O LOGO,EXECUTIVE PRICELIST.pdf,executive,11,10,₹0,0,/extracted_product_images/EXT-0650.jpg,: 10000/-
EXT-0651,A- DIVINE CHAIRS PRICELIST W-O LOGO,EXECUTIVE PRICELIST.pdf,executive,11,29,₹0,0,/extracted_product_images/EXT-0651.jpg,: 29000/- |MB
EXT-0652,A- DIVINE CHAIRS PRICELIST W-O LOGO,EXECUTIVE PRICELIST.pdf,executive,11,27,₹0,0,/extracted_product_images/EXT-0652.jpg,: 27000/-
EXT-0653,A- DIVINE CHAIRS PRICELIST W-O LOGO,EXECUTIVE PRICELIST.pdf,executive,11,18,₹500,500,/extracted_product_images/EXT-0653.jpg,: 18500/-
EXT-0654,A- DIVINE CHAIRS PRICELIST W-O LOGO,EXECUTIVE PRICELIST.pdf,executive,11,17,₹500,500,/extracted_product_images/EXT-0654.jpg,: 17500/-
EXT-0655,A- DIVINE CHAIRS PRICELIST W-O LOGO,EXECUTIVE PRICELIST.pdf,executive,11,15,₹700,700,/extracted_product_images/EXT-0655.jpg,15700/-
EXT-0656,A- DIVINE CHAIRS PRICELIST W-O LOGO,EXECUTIVE PRICELIST.pdf,executive,12,15,₹750,750,/extracted_product_images/EXT-0656.jpg,: 15750/-
EXT-0657,A- DIVINE CHAIRS PRICELIST W-O LOGO,EXECUTIVE PRICELIST.pdf,executive,12,14,₹750,750,/extracted_product_images/EXT-0657.jpg,: 14750/-
EXT-0658,A- DIVINE CHAIRS PRICELIST W-O LOGO,EXECUTIVE PRICELIST.pdf,executive,12,14,₹750,750,/extracted_product_images/EXT-0658.jpg,: 14750/-
EXT-0659,A- DIVINE CHAIRS PRICELIST W-O LOGO,EXECUTIVE PRICELIST.pdf,executive,12,13,₹750,750,/extracted_product_images/EXT-0659.jpg,: 13750/-
EXT-0660,A- DIVINE CHAIRS PRICELIST W-O LOGO,EXECUTIVE PRICELIST.pdf,executive,13,23,₹0,0,/extracted_product_images/EXT-0660.jpg,: 23000/- | MB : 22500/-
EXT-0661,A- DIVINE CHAIRS PRICELIST W-O LOGO,EXECUTIVE PRICELIST.pdf,executive,13,22,₹500,500,/extracted_product_images/EXT-0661.jpg,: 22500/-  | MB : 21500/-
EXT-0662,A- DIVINE CHAIRS PRICELIST W-O LOGO,EXECUTIVE PRICELIST.pdf,executive,13,23,₹0,0,/extracted_product_images/EXT-0662.jpg,: 23000/- | MB : 22500/-
EXT-0663,A- DIVINE CHAIRS PRICELIST W-O LOGO,EXECUTIVE PRICELIST.pdf,executive,13,22,₹500,500,/extracted_product_images/EXT-0663.jpg,: 22500/- | MB : 21500/-
EXT-0664,A- DIVINE CHAIRS PRICELIST W-O LOGO,EXECUTIVE PRICELIST.pdf,executive,13,12,₹0,0,/extracted_product_images/EXT-0664.jpg,: 12000/- | MB : 11500/-
EXT-0665,A- DIVINE CHAIRS PRICELIST W-O LOGO,EXECUTIVE PRICELIST.pdf,executive,13,10,₹0,0,/extracted_product_images/EXT-0665.jpg,: 10000/- | MB : 9500/-
EXT-0666,A- DIVINE CHAIRS PRICELIST W-O LOGO,EXECUTIVE PRICELIST.pdf,executive,14,10,₹750,750,/extracted_product_images/EXT-0666.jpg,: 10750/-
EXT-0667,A- DIVINE CHAIRS PRICELIST W-O LOGO,EXECUTIVE PRICELIST.pdf,executive,14,10,₹0,0,/extracted_product_images/EXT-0667.jpg,: 10000/-
EXT-0668,A- DIVINE CHAIRS PRICELIST W-O LOGO,EXECUTIVE PRICELIST.pdf,executive,15,13,₹0,0,/extracted_product_images/EXT-0668.jpg,: 13000/-
EXT-0669,A- DIVINE CHAIRS PRICELIST W-O LOGO,EXECUTIVE PRICELIST.pdf,executive,15,12,₹0,0,/extracted_product_images/EXT-0669.jpg,: 12000/-
EXT-0670,A- DIVINE CHAIRS PRICELIST W-O LOGO,EXECUTIVE PRICELIST.pdf,executive,15,14,₹250,250,/extracted_product_images/EXT-0670.jpg,: 14250/-
EXT-0671,A- DIVINE CHAIRS PRICELIST W-O LOGO,EXECUTIVE PRICELIST.pdf,executive,15,13,₹500,500,/extracted_product_images/EXT-0671.jpg,: 13500/-
EXT-0672,A- DIVINE CHAIRS PRICELIST W-O LOGO,EXECUTIVE PRICELIST.pdf,executive,16,14,₹0,0,/extracted_product_images/EXT-0672.jpg,: 14000/-
EXT-0673,A- DIVINE CHAIRS PRICELIST W-O LOGO,EXECUTIVE PRICELIST.pdf,executive,16,13,₹0,0,/extracted_product_images/EXT-0673.jpg,: 13000/-
EXT-0674,A- DIVINE CHAIRS PRICELIST W-O LOGO,EXECUTIVE PRICELIST.pdf,executive,16,13,₹500,500,/extracted_product_images/EXT-0674.jpg,: 13500/-
EXT-0675,A- DIVINE CHAIRS PRICELIST W-O LOGO,EXECUTIVE PRICELIST.pdf,executive,16,12,₹500,500,/extracted_product_images/EXT-0675.jpg,: 12500/-
EXT-0676,A- DIVINE CHAIRS PRICELIST W-O LOGO,EXECUTIVE PRICELIST.pdf,executive,17,(Ind) 8,₹800,800,/extracted_product_images/EXT-0676.jpg,(IND) 8800/- | MB : 76
EXT-0677,A- DIVINE CHAIRS PRICELIST W-O LOGO,EXECUTIVE PRICELIST.pdf,executive,17,11,₹500,500,/extracted_product_images/EXT-0677.jpg,: 11500/-
EXT-0678,A- DIVINE CHAIRS PRICELIST W-O LOGO,EXECUTIVE PRICELIST.pdf,executive,17,10,₹500,500,/extracted_product_images/EXT-0678.jpg,: 10500/-
EXT-0679,A- DIVINE CHAIRS PRICELIST W-O LOGO,EXECUTIVE PRICELIST.pdf,executive,18,10,₹500,500,/extracted_product_images/EXT-0679.jpg,: 10500/-
EXT-0680,A- DIVINE CHAIRS PRICELIST W-O LOGO,EXECUTIVE PRICELIST.pdf,executive,18,10,₹0,0,/extracted_product_images/EXT-0680.jpg,: 10000/-
EXT-0681,A- DIVINE CHAIRS PRICELIST W-O LOGO,EXECUTIVE PRICELIST.pdf,executive,18,10,₹0,0,/extracted_product_images/EXT-0681.jpg,: 10000/-
EXT-0682,A- DIVINE CHAIRS PRICELIST W-O LOGO,EXECUTIVE PRICELIST.pdf,executive,19,Atom Dlx Hb,Price on Request,0,/extracted_product_images/EXT-0682.jpg,ATOM DLX HB
EXT-0683,A- DIVINE CHAIRS PRICELIST W-O LOGO,EXECUTIVE PRICELIST.pdf,executive,19,Eon Dlx Hb,Price on Request,0,/extracted_product_images/EXT-0683.jpg,EON DLX HB
EXT-0684,A- DIVINE CHAIRS PRICELIST W-O LOGO,EXECUTIVE PRICELIST.pdf,executive,20,Marquis,Price on Request,0,/extracted_product_images/EXT-0684.jpg,MARQUIS
EXT-0685,A- DIVINE CHAIRS PRICELIST W-O LOGO,EXECUTIVE PRICELIST.pdf,executive,21,64,₹0,0,/extracted_product_images/EXT-0685.jpg,: 64000/-
EXT-0686,A- DIVINE CHAIRS PRICELIST W-O LOGO,EXECUTIVE PRICELIST.pdf,executive,21,60,₹0,0,/extracted_product_images/EXT-0686.jpg,: 60000/-
EXT-0687,A- DIVINE CHAIRS PRICELIST W-O LOGO,EXECUTIVE PRICELIST.pdf,executive,21,56,₹0,0,/extracted_product_images/EXT-0687.jpg,: 56000/-
EXT-0688,A- DIVINE CHAIRS PRICELIST W-O LOGO,EXECUTIVE PRICELIST.pdf,executive,21,52,₹0,0,/extracted_product_images/EXT-0688.jpg,: 52000/-
EXT-0689,A- DIVINE CHAIRS PRICELIST W-O LOGO,EXECUTIVE PRICELIST.pdf,executive,22,63,₹500,500,/extracted_product_images/EXT-0689.jpg,: 63500/- | MB : 58500/-
EXT-0690,A- DIVINE CHAIRS PRICELIST W-O LOGO,EXECUTIVE PRICELIST.pdf,executive,22,51,₹0,0,/extracted_product_images/EXT-0690.jpg,: 51000/- | MB : 48000/-
EXT-0691,A- DIVINE CHAIRS PRICELIST W-O LOGO,EXECUTIVE PRICELIST.pdf,executive,22,68,₹0,0,/extracted_product_images/EXT-0691.jpg,: 68000/-
EXT-0692,A- DIVINE CHAIRS PRICELIST W-O LOGO,EXECUTIVE PRICELIST.pdf,executive,22,40,₹0,0,/extracted_product_images/EXT-0692.jpg,: 40000/-
EXT-0693,A- DIVINE CHAIRS PRICELIST W-O LOGO,EXECUTIVE PRICELIST.pdf,executive,23,75,₹0,0,/extracted_product_images/EXT-0693.jpg,: 75000/- | MB : 72000/-
EXT-0694,A- DIVINE CHAIRS PRICELIST W-O LOGO,EXECUTIVE PRICELIST.pdf,executive,23,55,₹0,0,/extracted_product_images/EXT-0694.jpg,: 55000/- | MB : 50000/-
EXT-0695,A- DIVINE CHAIRS PRICELIST W-O LOGO,EXECUTIVE PRICELIST.pdf,executive,23,41,₹0,0,/extracted_product_images/EXT-0695.jpg,: 41000/- |MB : 39000/-
EXT-0696,A- DIVINE CHAIRS PRICELIST W-O LOGO,EXECUTIVE PRICELIST.pdf,executive,23,59,₹0,0,/extracted_product_images/EXT-0696.jpg,: 59000/- | MB : 57000/-
EXT-0697,A- DIVINE CHAIRS PRICELIST W-O LOGO,EXECUTIVE PRICELIST.pdf,executive,24,26,₹0,0,/extracted_product_images/EXT-0697.jpg,: 26000/-
EXT-0698,A- DIVINE CHAIRS PRICELIST W-O LOGO,EXECUTIVE PRICELIST.pdf,executive,24,24,₹0,0,/extracted_product_images/EXT-0698.jpg,: 24000/-
EXT-0699,A- DIVINE CHAIRS PRICELIST W-O LOGO,EXECUTIVE PRICELIST.pdf,executive,24,28,₹0,0,/extracted_product_images/EXT-0699.jpg,: 28000/-
EXT-0700,A- DIVINE CHAIRS PRICELIST W-O LOGO,EXECUTIVE PRICELIST.pdf,executive,24,26,₹0,0,/extracted_product_images/EXT-0700.jpg,: 26000/-
EXT-0701,A- DIVINE CHAIRS PRICELIST W-O LOGO,EXECUTIVE PRICELIST.pdf,executive,25,95,₹0,0,/extracted_product_images/EXT-0701.jpg,: 95000/-
EXT-0702,A- DIVINE CHAIRS PRICELIST W-O LOGO,EXECUTIVE PRICELIST.pdf,executive,25,85,₹0,0,/extracted_product_images/EXT-0702.jpg,: 85000/-
EXT-0703,A- DIVINE CHAIRS PRICELIST W-O LOGO,EXECUTIVE PRICELIST.pdf,executive,25,80,₹0,0,/extracted_product_images/EXT-0703.jpg,: 80000/-
EXT-0704,A- DIVINE CHAIRS PRICELIST W-O LOGO,EXECUTIVE PRICELIST.pdf,executive,25,76,₹0,0,/extracted_product_images/EXT-0704.jpg,: 76000/-
EXT-0705,A- DIVINE CHAIRS PRICELIST W-O LOGO,EXECUTIVE PRICELIST.pdf,executive,26,28,₹0,0,/extracted_product_images/EXT-0705.jpg,: 28000/-
EXT-0706,A- DIVINE CHAIRS PRICELIST W-O LOGO,EXECUTIVE PRICELIST.pdf,executive,27,32,₹500,500,/extracted_product_images/EXT-0706.jpg,: 32500/-
EXT-0707,A- DIVINE CHAIRS PRICELIST W-O LOGO,EXECUTIVE PRICELIST.pdf,executive,27,30,₹500,500,/extracted_product_images/EXT-0707.jpg,: 30500/-
EXT-0708,A- DIVINE CHAIRS PRICELIST W-O LOGO,EXECUTIVE PRICELIST.pdf,executive,27,34,₹0,0,/extracted_product_images/EXT-0708.jpg,: 34000/-
EXT-0709,A- DIVINE CHAIRS PRICELIST W-O LOGO,EXECUTIVE PRICELIST.pdf,executive,27,32,₹0,0,/extracted_product_images/EXT-0709.jpg,: 32000/-
EXT-0710,A- DIVINE CHAIRS PRICELIST W-O LOGO,EXECUTIVE PRICELIST.pdf,executive,28,28,₹0,0,/extracted_product_images/EXT-0710.jpg,: 28000/-
EXT-0711,A- DIVINE CHAIRS PRICELIST W-O LOGO,EXECUTIVE PRICELIST.pdf,executive,28,26,₹500,500,/extracted_product_images/EXT-0711.jpg,: 26500/-
EXT-0712,A- DIVINE CHAIRS PRICELIST W-O LOGO,EXECUTIVE PRICELIST.pdf,executive,28,32,₹0,0,/extracted_product_images/EXT-0712.jpg,: 32000/-
EXT-0713,A- DIVINE CHAIRS PRICELIST W-O LOGO,EXECUTIVE PRICELIST.pdf,executive,28,30,₹0,0,/extracted_product_images/EXT-0713.jpg,: 30000/-
EXT-0714,A- DIVINE CHAIRS PRICELIST W-O LOGO,EXECUTIVE PRICELIST.pdf,executive,29,33,₹0,0,/extracted_product_images/EXT-0714.jpg,: 33000/-
EXT-0715,A- DIVINE CHAIRS PRICELIST W-O LOGO,EXECUTIVE PRICELIST.pdf,executive,29,32,₹0,0,/extracted_product_images/EXT-0715.jpg,: 32000/-
EXT-0716,A- DIVINE CHAIRS PRICELIST W-O LOGO,EXECUTIVE PRICELIST.pdf,executive,29,34,₹500,500,/extracted_product_images/EXT-0716.jpg,: 34500/-
EXT-0717,A- DIVINE CHAIRS PRICELIST W-O LOGO,EXECUTIVE PRICELIST.pdf,executive,29,32,₹0,0,/extracted_product_images/EXT-0717.jpg,: 32000/-
EXT-0718,A- DIVINE CHAIRS PRICELIST W-O LOGO,EXECUTIVE PRICELIST.pdf,executive,30,64,₹0,0,/extracted_product_images/EXT-0718.jpg,: 64000/-
EXT-0719,A- DIVINE CHAIRS PRICELIST W-O LOGO,EXECUTIVE PRICELIST.pdf,executive,30,61,₹0,0,/extracted_product_images/EXT-0719.jpg,: 61000/-
EXT-0720,A- DIVINE CHAIRS PRICELIST W-O LOGO,EXECUTIVE PRICELIST.pdf,executive,30,75,₹0,0,/extracted_product_images/EXT-0720.jpg,: 75000/-
EXT-0721,A- DIVINE CHAIRS PRICELIST W-O LOGO,EXECUTIVE PRICELIST.pdf,executive,30,55,₹0,0,/extracted_product_images/EXT-0721.jpg,: 55000/-
EXT-0722,A- DIVINE CHAIRS PRICELIST W-O LOGO,EXECUTIVE PRICELIST.pdf,executive,31,128,₹0,0,/extracted_product_images/EXT-0722.jpg,: 128000/-
EXT-0723,A- DIVINE CHAIRS PRICELIST W-O LOGO,EXECUTIVE PRICELIST.pdf,executive,31,120,₹0,0,/extracted_product_images/EXT-0723.jpg,: 120000/-
EXT-0724,A- DIVINE CHAIRS PRICELIST W-O LOGO,EXECUTIVE PRICELIST.pdf,executive,31,32,₹0,0,/extracted_product_images/EXT-0724.jpg,: 32000/-
EXT-0725,A- DIVINE CHAIRS PRICELIST W-O LOGO,EXECUTIVE PRICELIST.pdf,executive,31,31,₹0,0,/extracted_product_images/EXT-0725.jpg,: 31000/-
EXT-0726,A- DIVINE CHAIRS PRICELIST W-O LOGO,EXECUTIVE PRICELIST.pdf,executive,32,31,₹0,0,/extracted_product_images/EXT-0726.jpg,: 31000/-
EXT-0727,A- DIVINE CHAIRS PRICELIST W-O LOGO,EXECUTIVE PRICELIST.pdf,executive,32,28,₹500,500,/extracted_product_images/EXT-0727.jpg,: 28500/-
EXT-0728,A- DIVINE CHAIRS PRICELIST W-O LOGO,EXECUTIVE PRICELIST.pdf,executive,32,26,₹0,0,/extracted_product_images/EXT-0728.jpg,: 26000/-
EXT-0729,A- DIVINE CHAIRS PRICELIST W-O LOGO,EXECUTIVE PRICELIST.pdf,executive,32,24,₹0,0,/extracted_product_images/EXT-0729.jpg,: 24000/-
EXT-0730,A- DIVINE CHAIRS PRICELIST W-O LOGO,EXECUTIVE PRICELIST.pdf,executive,33,20,₹0,0,/extracted_product_images/EXT-0730.jpg,: 20000/-
EXT-0731,A- DIVINE CHAIRS PRICELIST W-O LOGO,EXECUTIVE PRICELIST.pdf,executive,33,19,₹0,0,/extracted_product_images/EXT-0731.jpg,: 19000/-
EXT-0732,A- DIVINE CHAIRS PRICELIST W-O LOGO,EXECUTIVE PRICELIST.pdf,executive,33,38,₹500,500,/extracted_product_images/EXT-0732.jpg,: 38500/-
EXT-0733,A- DIVINE CHAIRS PRICELIST W-O LOGO,EXECUTIVE PRICELIST.pdf,executive,33,37,₹500,500,/extracted_product_images/EXT-0733.jpg,: 37500/-
EXT-0734,A- DIVINE CHAIRS PRICELIST W-O LOGO,EXECUTIVE PRICELIST.pdf,executive,34,17,₹500,500,/extracted_product_images/EXT-0734.jpg,: 17500/-
EXT-0735,A- DIVINE CHAIRS PRICELIST W-O LOGO,EXECUTIVE PRICELIST.pdf,executive,34,17,₹0,0,/extracted_product_images/EXT-0735.jpg,: 17000/-
EXT-0736,A- DIVINE CHAIRS PRICELIST W-O LOGO,EXECUTIVE PRICELIST.pdf,executive,34,17,₹500,500,/extracted_product_images/EXT-0736.jpg,: 17500/-
EXT-0737,A- DIVINE CHAIRS PRICELIST W-O LOGO,EXECUTIVE PRICELIST.pdf,executive,34,17,₹0,0,/extracted_product_images/EXT-0737.jpg,: 17000/-
EXT-0738,A- DIVINE CHAIRS PRICELIST W-O LOGO,EXECUTIVE PRICELIST.pdf,executive,35,14,₹0,0,/extracted_product_images/EXT-0738.jpg,: 14000/-
EXT-0739,A- DIVINE CHAIRS PRICELIST W-O LOGO,EXECUTIVE PRICELIST.pdf,executive,35,13,₹0,0,/extracted_product_images/EXT-0739.jpg,: 13000/-
EXT-0740,A- DIVINE CHAIRS PRICELIST W-O LOGO,EXECUTIVE PRICELIST.pdf,executive,35,25,₹500,500,/extracted_product_images/EXT-0740.jpg,: 25500/-
EXT-0741,A- DIVINE CHAIRS PRICELIST W-O LOGO,EXECUTIVE PRICELIST.pdf,executive,35,24,₹500,500,/extracted_product_images/EXT-0741.jpg,: 24500/-
EXT-0853,DIVINE CHAIRS CATALOGUE (W-O PRICE AND W-O LOGO),CAFE SERIES.pdf,cafe,2,Lisbon Cush Woody,Price on Request,0,/extracted_product_images/EXT-0853.jpg,LISBON CUSH WOODY
EXT-0854,DIVINE CHAIRS CATALOGUE (W-O PRICE AND W-O LOGO),CAFE SERIES.pdf,cafe,2,Lisbon Pp,Price on Request,0,/extracted_product_images/EXT-0854.jpg,LISBON PP
EXT-0855,DIVINE CHAIRS CATALOGUE (W-O PRICE AND W-O LOGO),CAFE SERIES.pdf,cafe,3,Vibe,Price on Request,0,/extracted_product_images/EXT-0855.jpg,VIBE
EXT-0856,DIVINE CHAIRS CATALOGUE (W-O PRICE AND W-O LOGO),CAFE SERIES.pdf,cafe,3,Cane Arms,Price on Request,0,/extracted_product_images/EXT-0856.jpg,CANE ARMS
EXT-0857,DIVINE CHAIRS CATALOGUE (W-O PRICE AND W-O LOGO),CAFE SERIES.pdf,cafe,4,Bonny Gold,Price on Request,0,/extracted_product_images/EXT-0857.jpg,BONNY GOLD
EXT-0858,DIVINE CHAIRS CATALOGUE (W-O PRICE AND W-O LOGO),CAFE SERIES.pdf,cafe,4,Fin,Price on Request,0,/extracted_product_images/EXT-0858.jpg,FIN
EXT-0859,DIVINE CHAIRS CATALOGUE (W-O PRICE AND W-O LOGO),DINNING SERIES.pdf,dining,1,Collection,Price on Request,0,/extracted_product_images/EXT-0859.jpg,COLLECTION
EXT-0860,DIVINE CHAIRS CATALOGUE (W-O PRICE AND W-O LOGO),DINNING SERIES.pdf,dining,1,Cherry,Price on Request,0,/extracted_product_images/EXT-0860.jpg,CHERRY
EXT-0861,DIVINE CHAIRS CATALOGUE (W-O PRICE AND W-O LOGO),DINNING SERIES.pdf,dining,2,Snow,Price on Request,0,/extracted_product_images/EXT-0861.jpg,SNOW
EXT-0862,DIVINE CHAIRS CATALOGUE (W-O PRICE AND W-O LOGO),DINNING SERIES.pdf,dining,3,Lara,Price on Request,0,/extracted_product_images/EXT-0862.jpg,LARA
EXT-0863,DIVINE CHAIRS CATALOGUE (W-O PRICE AND W-O LOGO),DINNING SERIES.pdf,dining,3,Grace,Price on Request,0,/extracted_product_images/EXT-0863.jpg,GRACE
EXT-0864,DIVINE CHAIRS CATALOGUE (W-O PRICE AND W-O LOGO),DINNING SERIES.pdf,dining,4,Skyros,Price on Request,0,/extracted_product_images/EXT-0864.jpg,SKYROS
EXT-0865,DIVINE CHAIRS CATALOGUE (W-O PRICE AND W-O LOGO),DINNING SERIES.pdf,dining,4,Geneva,Price on Request,0,/extracted_product_images/EXT-0865.jpg,GENEVA
EXT-0866,DIVINE CHAIRS CATALOGUE (W-O PRICE AND W-O LOGO),DINNING SERIES.pdf,dining,5,Aries,Price on Request,0,/extracted_product_images/EXT-0866.jpg,ARIES
EXT-0867,DIVINE CHAIRS CATALOGUE (W-O PRICE AND W-O LOGO),DINNING SERIES.pdf,dining,5,Dune,Price on Request,0,/extracted_product_images/EXT-0867.jpg,DUNE
EXT-0868,DIVINE CHAIRS CATALOGUE (W-O PRICE AND W-O LOGO),DINNING SERIES.pdf,dining,6,Luna Metal,Price on Request,0,/extracted_product_images/EXT-0868.jpg,LUNA METAL
EXT-0869,DIVINE CHAIRS CATALOGUE (W-O PRICE AND W-O LOGO),DINNING SERIES.pdf,dining,7,Sierra,Price on Request,0,/extracted_product_images/EXT-0869.jpg,SIERRA
EXT-0870,DIVINE CHAIRS CATALOGUE (W-O PRICE AND W-O LOGO),DINNING SERIES.pdf,dining,7,Amigo,Price on Request,0,/extracted_product_images/EXT-0870.jpg,AMIGO
EXT-0871,DIVINE CHAIRS CATALOGUE (W-O PRICE AND W-O LOGO),DINNING SERIES.pdf,dining,8,Tisca,Price on Request,0,/extracted_product_images/EXT-0871.jpg,TISCA
EXT-0872,DIVINE CHAIRS CATALOGUE (W-O PRICE AND W-O LOGO),DINNING SERIES.pdf,dining,8,Alto,Price on Request,0,/extracted_product_images/EXT-0872.jpg,ALTO
EXT-0873,DIVINE CHAIRS CATALOGUE (W-O PRICE AND W-O LOGO),DINNING SERIES.pdf,dining,9,Berry,Price on Request,0,/extracted_product_images/EXT-0873.jpg,BERRY
EXT-0874,DIVINE CHAIRS CATALOGUE (W-O PRICE AND W-O LOGO),DINNING SERIES.pdf,dining,9,Dior,Price on Request,0,/extracted_product_images/EXT-0874.jpg,DIOR
EXT-0875,DIVINE CHAIRS CATALOGUE (W-O PRICE AND W-O LOGO),DINNING SERIES.pdf,dining,10,Giona,Price on Request,0,/extracted_product_images/EXT-0875.jpg,GIONA
EXT-0876,DIVINE CHAIRS CATALOGUE (W-O PRICE AND W-O LOGO),DINNING SERIES.pdf,dining,10,Bliss,Price on Request,0,/extracted_product_images/EXT-0876.jpg,BLISS
EXT-0877,DIVINE CHAIRS CATALOGUE (W-O PRICE AND W-O LOGO),DINNING SERIES.pdf,dining,11,Slavia,Price on Request,0,/extracted_product_images/EXT-0877.jpg,SLAVIA
EXT-0878,DIVINE CHAIRS CATALOGUE (W-O PRICE AND W-O LOGO),DINNING SERIES.pdf,dining,11,Pablo,Price on Request,0,/extracted_product_images/EXT-0878.jpg,PABLO
EXT-0879,DIVINE CHAIRS CATALOGUE (W-O PRICE AND W-O LOGO),DINNING SERIES.pdf,dining,12,Arco,Price on Request,0,/extracted_product_images/EXT-0879.jpg,ARCO
EXT-0880,DIVINE CHAIRS CATALOGUE (W-O PRICE AND W-O LOGO),DINNING SERIES.pdf,dining,12,Phoenix,Price on Request,0,/extracted_product_images/EXT-0880.jpg,PHOENIX
EXT-0881,DIVINE CHAIRS CATALOGUE (W-O PRICE AND W-O LOGO),DINNING SERIES.pdf,dining,13,Virtus,Price on Request,0,/extracted_product_images/EXT-0881.jpg,VIRTUS
EXT-0882,DIVINE CHAIRS CATALOGUE (W-O PRICE AND W-O LOGO),DINNING SERIES.pdf,dining,13,Ash,Price on Request,0,/extracted_product_images/EXT-0882.jpg,ASH
EXT-0883,DIVINE CHAIRS CATALOGUE (W-O PRICE AND W-O LOGO),DINNING SERIES.pdf,dining,14,Linus,Price on Request,0,/extracted_product_images/EXT-0883.jpg,LINUS
EXT-0884,DIVINE CHAIRS CATALOGUE (W-O PRICE AND W-O LOGO),DINNING SERIES.pdf,dining,14,Alina,Price on Request,0,/extracted_product_images/EXT-0884.jpg,ALINA
EXT-0885,DIVINE CHAIRS CATALOGUE (W-O PRICE AND W-O LOGO),DINNING SERIES.pdf,dining,15,Picasso,Price on Request,0,/extracted_product_images/EXT-0885.jpg,PICASSO
EXT-0886,DIVINE CHAIRS CATALOGUE (W-O PRICE AND W-O LOGO),DINNING SERIES.pdf,dining,15,Yoko,Price on Request,0,/extracted_product_images/EXT-0886.jpg,YOKO
EXT-0887,DIVINE CHAIRS CATALOGUE (W-O PRICE AND W-O LOGO),DINNING SERIES.pdf,dining,16,Oracle,Price on Request,0,/extracted_product_images/EXT-0887.jpg,ORACLE
EXT-0888,DIVINE CHAIRS CATALOGUE (W-O PRICE AND W-O LOGO),DINNING SERIES.pdf,dining,16,Zeta,Price on Request,0,/extracted_product_images/EXT-0888.jpg,ZETA
EXT-0889,DIVINE CHAIRS CATALOGUE (W-O PRICE AND W-O LOGO),DINNING SERIES.pdf,dining,17,Aura,Price on Request,0,/extracted_product_images/EXT-0889.jpg,AURA
EXT-0890,DIVINE CHAIRS CATALOGUE (W-O PRICE AND W-O LOGO),DINNING SERIES.pdf,dining,17,Olive Rev,Price on Request,0,/extracted_product_images/EXT-0890.jpg,OLIVE REV
EXT-0891,DIVINE CHAIRS CATALOGUE (W-O PRICE AND W-O LOGO),DINNING SERIES.pdf,dining,18,Jimmy,Price on Request,0,/extracted_product_images/EXT-0891.jpg,JIMMY
EXT-0892,DIVINE CHAIRS CATALOGUE (W-O PRICE AND W-O LOGO),DINNING SERIES.pdf,dining,18,Corby,Price on Request,0,/extracted_product_images/EXT-0892.jpg,CORBY
EXT-0893,DIVINE CHAIRS CATALOGUE (W-O PRICE AND W-O LOGO),DINNING SERIES.pdf,dining,19,Softy,Price on Request,0,/extracted_product_images/EXT-0893.jpg,SOFTY
EXT-0894,DIVINE CHAIRS CATALOGUE (W-O PRICE AND W-O LOGO),DINNING SERIES.pdf,dining,19,Carange,Price on Request,0,/extracted_product_images/EXT-0894.jpg,CARANGE
EXT-0895,DIVINE CHAIRS CATALOGUE (W-O PRICE AND W-O LOGO),DINNING SERIES.pdf,dining,20,Zenith,Price on Request,0,/extracted_product_images/EXT-0895.jpg,ZENITH
EXT-0896,DIVINE CHAIRS CATALOGUE (W-O PRICE AND W-O LOGO),DINNING SERIES.pdf,dining,20,Rini,Price on Request,0,/extracted_product_images/EXT-0896.jpg,RINI
EXT-0897,DIVINE CHAIRS CATALOGUE (W-O PRICE AND W-O LOGO),DINNING SERIES.pdf,dining,21,Melisa,Price on Request,0,/extracted_product_images/EXT-0897.jpg,MELISA
EXT-0898,DIVINE CHAIRS CATALOGUE (W-O PRICE AND W-O LOGO),DINNING SERIES.pdf,dining,21,Meraki,Price on Request,0,/extracted_product_images/EXT-0898.jpg,MERAKI
EXT-0899,DIVINE CHAIRS CATALOGUE (W-O PRICE AND W-O LOGO),DINNING SERIES.pdf,dining,22,Root,Price on Request,0,/extracted_product_images/EXT-0899.jpg,ROOT
EXT-0900,DIVINE CHAIRS CATALOGUE (W-O PRICE AND W-O LOGO),DINNING SERIES.pdf,dining,22,Chris,Price on Request,0,/extracted_product_images/EXT-0900.jpg,CHRIS
EXT-0901,DIVINE CHAIRS CATALOGUE (W-O PRICE AND W-O LOGO),DINNING SERIES.pdf,dining,23,Tango,Price on Request,0,/extracted_product_images/EXT-0901.jpg,TANGO
EXT-0902,DIVINE CHAIRS CATALOGUE (W-O PRICE AND W-O LOGO),DINNING SERIES.pdf,dining,23,Charlie,Price on Request,0,/extracted_product_images/EXT-0902.jpg,CHARLIE
EXT-0903,DIVINE CHAIRS CATALOGUE (W-O PRICE AND W-O LOGO),EXECUTIVE SERIES.pdf,executive,1,Collection,Price on Request,0,/extracted_product_images/EXT-0903.jpg,COLLECTION
EXT-0904,DIVINE CHAIRS CATALOGUE (W-O PRICE AND W-O LOGO),EXECUTIVE SERIES.pdf,executive,2,Falcon Elite Grey,Price on Request,0,/extracted_product_images/EXT-0904.jpg,FALCON ELITE GREY
EXT-0905,DIVINE CHAIRS CATALOGUE (W-O PRICE AND W-O LOGO),EXECUTIVE SERIES.pdf,executive,7,Zoy Black Hb Mb,Price on Request,0,/extracted_product_images/EXT-0905.jpg,ZOY BLACK HB MB
EXT-0906,DIVINE CHAIRS CATALOGUE (W-O PRICE AND W-O LOGO),EXECUTIVE SERIES.pdf,executive,7,Zoy Black Hb Mb,Price on Request,0,/extracted_product_images/EXT-0906.jpg,ZOY BLACK HB MB
EXT-0907,DIVINE CHAIRS CATALOGUE (W-O PRICE AND W-O LOGO),EXECUTIVE SERIES.pdf,executive,8,Tan,Price on Request,0,/extracted_product_images/EXT-0907.jpg,TAN
EXT-0908,DIVINE CHAIRS CATALOGUE (W-O PRICE AND W-O LOGO),EXECUTIVE SERIES.pdf,executive,8,Grey,Price on Request,0,/extracted_product_images/EXT-0908.jpg,GREY
EXT-0909,DIVINE CHAIRS CATALOGUE (W-O PRICE AND W-O LOGO),EXECUTIVE SERIES.pdf,executive,9,Perth Hb,Price on Request,0,/extracted_product_images/EXT-0909.jpg,PERTH HB
EXT-0910,DIVINE CHAIRS CATALOGUE (W-O PRICE AND W-O LOGO),EXECUTIVE SERIES.pdf,executive,12,Ergon Mesh  Black Hb,Price on Request,0,/extracted_product_images/EXT-0910.jpg,ERGON MESH  BLACK HB
EXT-0911,DIVINE CHAIRS CATALOGUE (W-O PRICE AND W-O LOGO),EXECUTIVE SERIES.pdf,executive,12,Imp,Price on Request,0,/extracted_product_images/EXT-0911.jpg,IMP
EXT-0912,DIVINE CHAIRS CATALOGUE (W-O PRICE AND W-O LOGO),EXECUTIVE SERIES.pdf,executive,14,Hexa Hb,Price on Request,0,/extracted_product_images/EXT-0912.jpg,HEXA HB
EXT-0913,DIVINE CHAIRS CATALOGUE (W-O PRICE AND W-O LOGO),EXECUTIVE SERIES.pdf,executive,14,Light Brown,Price on Request,0,/extracted_product_images/EXT-0913.jpg,LIGHT BROWN
EXT-0914,DIVINE CHAIRS CATALOGUE (W-O PRICE AND W-O LOGO),EXECUTIVE SERIES.pdf,executive,15,Light Brown,Price on Request,0,/extracted_product_images/EXT-0914.jpg,LIGHT BROWN
EXT-0915,DIVINE CHAIRS CATALOGUE (W-O PRICE AND W-O LOGO),EXECUTIVE SERIES.pdf,executive,15,Black,Price on Request,0,/extracted_product_images/EXT-0915.jpg,BLACK
EXT-0916,DIVINE CHAIRS CATALOGUE (W-O PRICE AND W-O LOGO),EXECUTIVE SERIES.pdf,executive,18,Eon Dlx Hb,Price on Request,0,/extracted_product_images/EXT-0916.jpg,EON DLX HB
EXT-0917,DIVINE CHAIRS CATALOGUE (W-O PRICE AND W-O LOGO),EXECUTIVE SERIES.pdf,executive,18,Eon Eco Hb,Price on Request,0,/extracted_product_images/EXT-0917.jpg,EON ECO HB
EXT-0918,DIVINE CHAIRS CATALOGUE (W-O PRICE AND W-O LOGO),EXECUTIVE SERIES.pdf,executive,19,Marquis,Price on Request,0,/extracted_product_images/EXT-0918.jpg,MARQUIS
EXT-0919,DIVINE CHAIRS CATALOGUE (W-O PRICE AND W-O LOGO),EXECUTIVE SERIES.pdf,executive,21,Black,Price on Request,0,/extracted_product_images/EXT-0919.jpg,BLACK
EXT-0920,DIVINE CHAIRS CATALOGUE (W-O PRICE AND W-O LOGO),EXECUTIVE SERIES.pdf,executive,28,Stanley Hb,Price on Request,0,/extracted_product_images/EXT-0920.jpg,STANLEY HB
EXT-0921,DIVINE CHAIRS CATALOGUE (W-O PRICE AND W-O LOGO),EXECUTIVE SERIES.pdf,executive,28,Maverick Hb,Price on Request,0,/extracted_product_images/EXT-0921.jpg,MAVERICK HB
EXT-0922,DIVINE CHAIRS CATALOGUE (W-O PRICE AND W-O LOGO),EXECUTIVE SERIES.pdf,executive,29,Austin Hb,Price on Request,0,/extracted_product_images/EXT-0922.jpg,AUSTIN HB
EXT-0923,DIVINE CHAIRS CATALOGUE (W-O PRICE AND W-O LOGO),EXECUTIVE SERIES.pdf,executive,30,Dacota Hb,Price on Request,0,/extracted_product_images/EXT-0923.jpg,DACOTA HB
EXT-0924,DIVINE CHAIRS CATALOGUE (W-O PRICE AND W-O LOGO),EXECUTIVE SERIES.pdf,executive,30,Oxford Hb,Price on Request,0,/extracted_product_images/EXT-0924.jpg,OXFORD HB
EXT-0925,DIVINE CHAIRS CATALOGUE (W-O PRICE AND W-O LOGO),HIGHCOUNTER SERIES_.pdf,highcounter,2,Astoria,Price on Request,0,/extracted_product_images/EXT-0925.jpg,ASTORIA
EXT-0926,DIVINE CHAIRS CATALOGUE (W-O PRICE AND W-O LOGO),HIGHCOUNTER SERIES_.pdf,highcounter,2,Vice,Price on Request,0,/extracted_product_images/EXT-0926.jpg,VICE
EXT-0927,DIVINE CHAIRS CATALOGUE (W-O PRICE AND W-O LOGO),HIGHCOUNTER SERIES_.pdf,highcounter,3,Bolzano,Price on Request,0,/extracted_product_images/EXT-0927.jpg,BOLZANO
EXT-0928,DIVINE CHAIRS CATALOGUE (W-O PRICE AND W-O LOGO),HIGHCOUNTER SERIES_.pdf,highcounter,3,Woody,Price on Request,0,/extracted_product_images/EXT-0928.jpg,WOODY
EXT-0929,DIVINE CHAIRS CATALOGUE (W-O PRICE AND W-O LOGO),HIGHCOUNTER SERIES_.pdf,highcounter,4,Tobago,Price on Request,0,/extracted_product_images/EXT-0929.jpg,TOBAGO
EXT-0930,DIVINE CHAIRS CATALOGUE (W-O PRICE AND W-O LOGO),HIGHCOUNTER SERIES_.pdf,highcounter,4,Melody Hc,Price on Request,0,/extracted_product_images/EXT-0930.jpg,MELODY HC
EXT-0931,DIVINE CHAIRS CATALOGUE (W-O PRICE AND W-O LOGO),HIGHCOUNTER SERIES_.pdf,highcounter,5,Derby,Price on Request,0,/extracted_product_images/EXT-0931.jpg,DERBY
EXT-0932,DIVINE CHAIRS CATALOGUE (W-O PRICE AND W-O LOGO),HIGHCOUNTER SERIES_.pdf,highcounter,5,Dove,Price on Request,0,/extracted_product_images/EXT-0932.jpg,DOVE
EXT-0933,DIVINE CHAIRS CATALOGUE (W-O PRICE AND W-O LOGO),LOUNGE SERIES.pdf,lounge,1,Collection,Price on Request,0,/extracted_product_images/EXT-0933.jpg,COLLECTION
EXT-0934,DIVINE CHAIRS CATALOGUE (W-O PRICE AND W-O LOGO),LOUNGE SERIES.pdf,lounge,2,Lounge,Price on Request,0,/extracted_product_images/EXT-0934.jpg,LOUNGE
EXT-0935,DIVINE CHAIRS CATALOGUE (W-O PRICE AND W-O LOGO),LOUNGE SERIES.pdf,lounge,2,Seat Height,Price on Request,0,/extracted_product_images/EXT-0935.jpg,SEAT HEIGHT
EXT-0936,DIVINE CHAIRS CATALOGUE (W-O PRICE AND W-O LOGO),LOUNGE SERIES.pdf,lounge,3,Lounge,Price on Request,0,/extracted_product_images/EXT-0936.jpg,LOUNGE
EXT-0937,DIVINE CHAIRS CATALOGUE (W-O PRICE AND W-O LOGO),LOUNGE SERIES.pdf,lounge,3,Seat Height,Price on Request,0,/extracted_product_images/EXT-0937.jpg,SEAT HEIGHT
EXT-0938,DIVINE CHAIRS CATALOGUE (W-O PRICE AND W-O LOGO),LOUNGE SERIES.pdf,lounge,4,Seat Height,Price on Request,0,/extracted_product_images/EXT-0938.jpg,SEAT HEIGHT
EXT-0939,DIVINE CHAIRS CATALOGUE (W-O PRICE AND W-O LOGO),LOUNGE SERIES.pdf,lounge,4,Width,Price on Request,0,/extracted_product_images/EXT-0939.jpg,WIDTH
EXT-0940,DIVINE CHAIRS CATALOGUE (W-O PRICE AND W-O LOGO),LOUNGE SERIES.pdf,lounge,5,Seat Height,Price on Request,0,/extracted_product_images/EXT-0940.jpg,SEAT HEIGHT
EXT-0941,DIVINE CHAIRS CATALOGUE (W-O PRICE AND W-O LOGO),LOUNGE SERIES.pdf,lounge,5,Width,Price on Request,0,/extracted_product_images/EXT-0941.jpg,WIDTH
EXT-0942,DIVINE CHAIRS CATALOGUE (W-O PRICE AND W-O LOGO),LOUNGE SERIES.pdf,lounge,6,Seat Height,Price on Request,0,/extracted_product_images/EXT-0942.jpg,SEAT HEIGHT
EXT-0943,DIVINE CHAIRS CATALOGUE (W-O PRICE AND W-O LOGO),LOUNGE SERIES.pdf,lounge,6,Width,Price on Request,0,/extracted_product_images/EXT-0943.jpg,WIDTH
EXT-0944,DIVINE CHAIRS CATALOGUE (W-O PRICE AND W-O LOGO),LOUNGE SERIES.pdf,lounge,7,Seat Height,Price on Request,0,/extracted_product_images/EXT-0944.jpg,SEAT HEIGHT
EXT-0945,DIVINE CHAIRS CATALOGUE (W-O PRICE AND W-O LOGO),LOUNGE SERIES.pdf,lounge,7,Width,Price on Request,0,/extracted_product_images/EXT-0945.jpg,WIDTH
EXT-0946,DIVINE CHAIRS CATALOGUE (W-O PRICE AND W-O LOGO),LOUNGE SERIES.pdf,lounge,8,Lounge,Price on Request,0,/extracted_product_images/EXT-0946.jpg,LOUNGE
EXT-0947,DIVINE CHAIRS CATALOGUE (W-O PRICE AND W-O LOGO),LOUNGE SERIES.pdf,lounge,8,Seat Height,Price on Request,0,/extracted_product_images/EXT-0947.jpg,SEAT HEIGHT
EXT-0948,DIVINE CHAIRS CATALOGUE (W-O PRICE AND W-O LOGO),LOUNGE SERIES.pdf,lounge,9,Seat Height,Price on Request,0,/extracted_product_images/EXT-0948.jpg,SEAT HEIGHT
EXT-0949,DIVINE CHAIRS CATALOGUE (W-O PRICE AND W-O LOGO),LOUNGE SERIES.pdf,lounge,9,Width,Price on Request,0,/extracted_product_images/EXT-0949.jpg,WIDTH
EXT-0950,DIVINE CHAIRS CATALOGUE (W-O PRICE AND W-O LOGO),LOUNGE SERIES.pdf,lounge,10,Lounge,Price on Request,0,/extracted_product_images/EXT-0950.jpg,LOUNGE
EXT-0951,DIVINE CHAIRS CATALOGUE (W-O PRICE AND W-O LOGO),LOUNGE SERIES.pdf,lounge,10,Amalfi,Price on Request,0,/extracted_product_images/EXT-0951.jpg,AMALFI
EXT-0952,DIVINE CHAIRS CATALOGUE (W-O PRICE AND W-O LOGO),LOUNGE SERIES.pdf,lounge,11,Lounge,Price on Request,0,/extracted_product_images/EXT-0952.jpg,LOUNGE
EXT-0953,DIVINE CHAIRS CATALOGUE (W-O PRICE AND W-O LOGO),LOUNGE SERIES.pdf,lounge,11,Seat Height,Price on Request,0,/extracted_product_images/EXT-0953.jpg,SEAT HEIGHT
EXT-0954,DIVINE CHAIRS CATALOGUE (W-O PRICE AND W-O LOGO),LOUNGE SERIES.pdf,lounge,12,Seat Height,Price on Request,0,/extracted_product_images/EXT-0954.jpg,SEAT HEIGHT
EXT-0955,DIVINE CHAIRS CATALOGUE (W-O PRICE AND W-O LOGO),LOUNGE SERIES.pdf,lounge,12,Width,Price on Request,0,/extracted_product_images/EXT-0955.jpg,WIDTH
EXT-0956,DIVINE CHAIRS CATALOGUE (W-O PRICE AND W-O LOGO),LOUNGE SERIES.pdf,lounge,13,Seat Height,Price on Request,0,/extracted_product_images/EXT-0956.jpg,SEAT HEIGHT
EXT-0957,DIVINE CHAIRS CATALOGUE (W-O PRICE AND W-O LOGO),LOUNGE SERIES.pdf,lounge,13,Width,Price on Request,0,/extracted_product_images/EXT-0957.jpg,WIDTH
EXT-0958,DIVINE CHAIRS CATALOGUE (W-O PRICE AND W-O LOGO),LOUNGE SERIES.pdf,lounge,14,Lounge,Price on Request,0,/extracted_product_images/EXT-0958.jpg,LOUNGE
EXT-0959,DIVINE CHAIRS CATALOGUE (W-O PRICE AND W-O LOGO),LOUNGE SERIES.pdf,lounge,14,Barbados,Price on Request,0,/extracted_product_images/EXT-0959.jpg,BARBADOS
EXT-0960,DIVINE CHAIRS CATALOGUE (W-O PRICE AND W-O LOGO),LOUNGE SERIES.pdf,lounge,15,Lounge,Price on Request,0,/extracted_product_images/EXT-0960.jpg,LOUNGE
EXT-0961,DIVINE CHAIRS CATALOGUE (W-O PRICE AND W-O LOGO),LOUNGE SERIES.pdf,lounge,15,Santosa,Price on Request,0,/extracted_product_images/EXT-0961.jpg,SANTOSA
EXT-0962,DIVINE CHAIRS CATALOGUE (W-O PRICE AND W-O LOGO),LOUNGE SERIES.pdf,lounge,16,Seat Height,Price on Request,0,/extracted_product_images/EXT-0962.jpg,SEAT HEIGHT
EXT-0963,DIVINE CHAIRS CATALOGUE (W-O PRICE AND W-O LOGO),LOUNGE SERIES.pdf,lounge,16,Width,Price on Request,0,/extracted_product_images/EXT-0963.jpg,WIDTH
EXT-0964,DIVINE CHAIRS CATALOGUE (W-O PRICE AND W-O LOGO),LOUNGE SERIES.pdf,lounge,17,Seat Height,Price on Request,0,/extracted_product_images/EXT-0964.jpg,SEAT HEIGHT
EXT-0965,DIVINE CHAIRS CATALOGUE (W-O PRICE AND W-O LOGO),LOUNGE SERIES.pdf,lounge,17,Width,Price on Request,0,/extracted_product_images/EXT-0965.jpg,WIDTH
EXT-0966,DIVINE CHAIRS CATALOGUE (W-O PRICE AND W-O LOGO),LOUNGE SERIES.pdf,lounge,18,Seat Height,Price on Request,0,/extracted_product_images/EXT-0966.jpg,SEAT HEIGHT
EXT-0967,DIVINE CHAIRS CATALOGUE (W-O PRICE AND W-O LOGO),LOUNGE SERIES.pdf,lounge,18,Width,Price on Request,0,/extracted_product_images/EXT-0967.jpg,WIDTH
EXT-0968,DIVINE CHAIRS CATALOGUE (W-O PRICE AND W-O LOGO),LOUNGE SERIES.pdf,lounge,19,Seat Height,Price on Request,0,/extracted_product_images/EXT-0968.jpg,SEAT HEIGHT
EXT-0969,DIVINE CHAIRS CATALOGUE (W-O PRICE AND W-O LOGO),LOUNGE SERIES.pdf,lounge,19,Width,Price on Request,0,/extracted_product_images/EXT-0969.jpg,WIDTH
EXT-0970,DIVINE CHAIRS CATALOGUE (W-O PRICE AND W-O LOGO),LOUNGE SERIES.pdf,lounge,20,Seat Height,Price on Request,0,/extracted_product_images/EXT-0970.jpg,SEAT HEIGHT
EXT-0971,DIVINE CHAIRS CATALOGUE (W-O PRICE AND W-O LOGO),LOUNGE SERIES.pdf,lounge,20,Width,Price on Request,0,/extracted_product_images/EXT-0971.jpg,WIDTH
EXT-0972,DIVINE CHAIRS CATALOGUE (W-O PRICE AND W-O LOGO),LOUNGE SERIES.pdf,lounge,21,Seat Height,Price on Request,0,/extracted_product_images/EXT-0972.jpg,SEAT HEIGHT
EXT-0973,DIVINE CHAIRS CATALOGUE (W-O PRICE AND W-O LOGO),LOUNGE SERIES.pdf,lounge,21,Width,Price on Request,0,/extracted_product_images/EXT-0973.jpg,WIDTH
EXT-0974,DIVINE CHAIRS CATALOGUE (W-O PRICE AND W-O LOGO),LOUNGE SERIES.pdf,lounge,22,Seat Height,Price on Request,0,/extracted_product_images/EXT-0974.jpg,SEAT HEIGHT
EXT-0975,DIVINE CHAIRS CATALOGUE (W-O PRICE AND W-O LOGO),LOUNGE SERIES.pdf,lounge,22,Width,Price on Request,0,/extracted_product_images/EXT-0975.jpg,WIDTH
EXT-0976,DIVINE CHAIRS CATALOGUE (W-O PRICE AND W-O LOGO),LOUNGE SERIES.pdf,lounge,23,Lounge,Price on Request,0,/extracted_product_images/EXT-0976.jpg,LOUNGE
EXT-0977,DIVINE CHAIRS CATALOGUE (W-O PRICE AND W-O LOGO),LOUNGE SERIES.pdf,lounge,23,Seat Height,Price on Request,0,/extracted_product_images/EXT-0977.jpg,SEAT HEIGHT
EXT-0978,DIVINE CHAIRS CATALOGUE (W-O PRICE AND W-O LOGO),LOUNGE SERIES.pdf,lounge,24,Seat Height,Price on Request,0,/extracted_product_images/EXT-0978.jpg,SEAT HEIGHT
EXT-0979,DIVINE CHAIRS CATALOGUE (W-O PRICE AND W-O LOGO),LOUNGE SERIES.pdf,lounge,24,Width,Price on Request,0,/extracted_product_images/EXT-0979.jpg,WIDTH
EXT-0980,DIVINE CHAIRS CATALOGUE (W-O PRICE AND W-O LOGO),LOUNGE SERIES.pdf,lounge,25,Seat Height,Price on Request,0,/extracted_product_images/EXT-0980.jpg,SEAT HEIGHT
EXT-0981,DIVINE CHAIRS CATALOGUE (W-O PRICE AND W-O LOGO),LOUNGE SERIES.pdf,lounge,25,Width,Price on Request,0,/extracted_product_images/EXT-0981.jpg,WIDTH
EXT-0994,DIVINE CHAIRS CATALOGUE (W-O PRICE AND W-O LOGO),RECLINER SERIES.pdf,recliner,2,Recliner,Price on Request,0,/extracted_product_images/EXT-0994.jpg,RECLINER
EXT-0995,DIVINE CHAIRS CATALOGUE (W-O PRICE AND W-O LOGO),RECLINER SERIES.pdf,recliner,2,River,Price on Request,0,/extracted_product_images/EXT-0995.jpg,RIVER
EXT-0996,DIVINE CHAIRS CATALOGUE (W-O PRICE AND W-O LOGO),RECLINER SERIES.pdf,recliner,3,Recliner,Price on Request,0,/extracted_product_images/EXT-0996.jpg,RECLINER
EXT-0997,DIVINE CHAIRS CATALOGUE (W-O PRICE AND W-O LOGO),RECLINER SERIES.pdf,recliner,3,Stone,Price on Request,0,/extracted_product_images/EXT-0997.jpg,STONE
EXT-0998,DIVINE CHAIRS CATALOGUE (W-O PRICE AND W-O LOGO),RECLINER SERIES.pdf,recliner,4,Recliner,Price on Request,0,/extracted_product_images/EXT-0998.jpg,RECLINER
EXT-0999,DIVINE CHAIRS CATALOGUE (W-O PRICE AND W-O LOGO),RECLINER SERIES.pdf,recliner,4,Arbor,Price on Request,0,/extracted_product_images/EXT-0999.jpg,ARBOR
EXT-1000,DIVINE CHAIRS CATALOGUE (W-O PRICE AND W-O LOGO),RECLINER SERIES.pdf,recliner,5,Recliner,Price on Request,0,/extracted_product_images/EXT-1000.jpg,RECLINER
EXT-1001,DIVINE CHAIRS CATALOGUE (W-O PRICE AND W-O LOGO),RECLINER SERIES.pdf,recliner,5,Ancora,Price on Request,0,/extracted_product_images/EXT-1001.jpg,ANCORA
EXT-1002,DIVINE CHAIRS CATALOGUE (W-O PRICE AND W-O LOGO),RECLINER SERIES.pdf,recliner,6,Recliner,Price on Request,0,/extracted_product_images/EXT-1002.jpg,RECLINER
EXT-1003,DIVINE CHAIRS CATALOGUE (W-O PRICE AND W-O LOGO),RECLINER SERIES.pdf,recliner,7,Recliner,Price on Request,0,/extracted_product_images/EXT-1003.jpg,RECLINER
EXT-1004,DIVINE CHAIRS CATALOGUE (W-O PRICE AND W-O LOGO),RECLINER SERIES.pdf,recliner,7,Neroli,Price on Request,0,/extracted_product_images/EXT-1004.jpg,NEROLI
EXT-1005,DIVINE CHAIRS CATALOGUE (W-O PRICE AND W-O LOGO),RECLINER SERIES.pdf,recliner,8,Recliner,Price on Request,0,/extracted_product_images/EXT-1005.jpg,RECLINER
EXT-1006,DIVINE CHAIRS CATALOGUE (W-O PRICE AND W-O LOGO),RECLINER SERIES.pdf,recliner,8,Creta,Price on Request,0,/extracted_product_images/EXT-1006.jpg,CRETA
EXT-1007,DIVINE CHAIRS CATALOGUE (W-O PRICE AND W-O LOGO),RECLINER SERIES.pdf,recliner,9,Recliner,Price on Request,0,/extracted_product_images/EXT-1007.jpg,RECLINER
EXT-1008,DIVINE CHAIRS CATALOGUE (W-O PRICE AND W-O LOGO),RECLINER SERIES.pdf,recliner,9,Marcus,Price on Request,0,/extracted_product_images/EXT-1008.jpg,MARCUS
EXT-1009,DIVINE CHAIRS CATALOGUE (W-O PRICE AND W-O LOGO),RECLINER SERIES.pdf,recliner,10,Recliner,Price on Request,0,/extracted_product_images/EXT-1009.jpg,RECLINER
EXT-1010,DIVINE CHAIRS CATALOGUE (W-O PRICE AND W-O LOGO),RECLINER SERIES.pdf,recliner,10,London,Price on Request,0,/extracted_product_images/EXT-1010.jpg,LONDON
EXT-1011,DIVINE CHAIRS CATALOGUE (W-O PRICE AND W-O LOGO),RECLINER SERIES.pdf,recliner,11,Recliner,Price on Request,0,/extracted_product_images/EXT-1011.jpg,RECLINER
EXT-1012,DIVINE CHAIRS CATALOGUE (W-O PRICE AND W-O LOGO),RECLINER SERIES.pdf,recliner,11,Spencer,Price on Request,0,/extracted_product_images/EXT-1012.jpg,SPENCER
EXT-1013,DIVINE CHAIRS CATALOGUE (W-O PRICE AND W-O LOGO),RECLINER SERIES.pdf,recliner,12,Recliner,Price on Request,0,/extracted_product_images/EXT-1013.jpg,RECLINER
EXT-1050,DIVINE CHAIRS CATALOGUE (W-O PRICE AND W-O LOGO),TABLE & STAND SERIES.pdf,tables,2,The Leaf,Price on Request,0,/extracted_product_images/EXT-1050.jpg,THE LEAF
EXT-1051,DIVINE CHAIRS CATALOGUE (W-O PRICE AND W-O LOGO),TABLE & STAND SERIES.pdf,tables,2,1920 X 390,Price on Request,0,/extracted_product_images/EXT-1051.jpg,1920 X 390
EXT-1052,DIVINE CHAIRS CATALOGUE (W-O PRICE AND W-O LOGO),TABLE & STAND SERIES.pdf,tables,3,Yb 257,Price on Request,0,/extracted_product_images/EXT-1052.jpg,YB 257
EXT-1053,DIVINE CHAIRS CATALOGUE (W-O PRICE AND W-O LOGO),TABLE & STAND SERIES.pdf,tables,3,V13 Set,Price on Request,0,/extracted_product_images/EXT-1053.jpg,V13 SET
EXT-1054,DIVINE CHAIRS CATALOGUE (W-O PRICE AND W-O LOGO),TABLE & STAND SERIES.pdf,tables,4,Yb 247,Price on Request,0,/extracted_product_images/EXT-1054.jpg,YB 247
EXT-1055,DIVINE CHAIRS CATALOGUE (W-O PRICE AND W-O LOGO),TABLE & STAND SERIES.pdf,tables,4,R 09,Price on Request,0,/extracted_product_images/EXT-1055.jpg,R 09
EXT-1056,DIVINE CHAIRS CATALOGUE (W-O PRICE AND W-O LOGO),TABLE & STAND SERIES.pdf,tables,5,2343,Price on Request,0,/extracted_product_images/EXT-1056.jpg,2343
EXT-1057,DIVINE CHAIRS CATALOGUE (W-O PRICE AND W-O LOGO),TABLE & STAND SERIES.pdf,tables,5,2306,Price on Request,0,/extracted_product_images/EXT-1057.jpg,2306
EXT-1058,DIVINE CHAIRS CATALOGUE (W-O PRICE AND W-O LOGO),TABLE & STAND SERIES.pdf,tables,6,2323,Price on Request,0,/extracted_product_images/EXT-1058.jpg,2323
EXT-1059,DIVINE CHAIRS CATALOGUE (W-O PRICE AND W-O LOGO),TABLE & STAND SERIES.pdf,tables,6,801,Price on Request,0,/extracted_product_images/EXT-1059.jpg,801
EXT-1060,DIVINE CHAIRS CATALOGUE (W-O PRICE AND W-O LOGO),TABLE & STAND SERIES.pdf,tables,7,Centre Table,Price on Request,0,/extracted_product_images/EXT-1060.jpg,CENTRE TABLE
EXT-1061,DIVINE CHAIRS CATALOGUE (W-O PRICE AND W-O LOGO),TABLE & STAND SERIES.pdf,tables,7,815 Set,Price on Request,0,/extracted_product_images/EXT-1061.jpg,815 SET
EXT-1062,DIVINE CHAIRS CATALOGUE (W-O PRICE AND W-O LOGO),TABLE & STAND SERIES.pdf,tables,8,Centre Table,Price on Request,0,/extracted_product_images/EXT-1062.jpg,CENTRE TABLE
EXT-1063,DIVINE CHAIRS CATALOGUE (W-O PRICE AND W-O LOGO),TABLE & STAND SERIES.pdf,tables,8,2313,Price on Request,0,/extracted_product_images/EXT-1063.jpg,2313
EXT-1064,DIVINE CHAIRS CATALOGUE (W-O PRICE AND W-O LOGO),TABLE & STAND SERIES.pdf,tables,9,Ct 826,Price on Request,0,/extracted_product_images/EXT-1064.jpg,CT 826
EXT-1065,DIVINE CHAIRS CATALOGUE (W-O PRICE AND W-O LOGO),TABLE & STAND SERIES.pdf,tables,9,1400 X 725 X 400,Price on Request,0,/extracted_product_images/EXT-1065.jpg,1400 X 725 X 400
EXT-1066,DIVINE CHAIRS CATALOGUE (W-O PRICE AND W-O LOGO),TABLE & STAND SERIES.pdf,tables,10,7328,Price on Request,0,/extracted_product_images/EXT-1066.jpg,7328
EXT-1067,DIVINE CHAIRS CATALOGUE (W-O PRICE AND W-O LOGO),TABLE & STAND SERIES.pdf,tables,10,Side Table,Price on Request,0,/extracted_product_images/EXT-1067.jpg,SIDE TABLE
EXT-1068,DIVINE CHAIRS CATALOGUE (W-O PRICE AND W-O LOGO),TABLE & STAND SERIES.pdf,tables,11,Sl 041,Price on Request,0,/extracted_product_images/EXT-1068.jpg,SL 041
EXT-1069,DIVINE CHAIRS CATALOGUE (W-O PRICE AND W-O LOGO),TABLE & STAND SERIES.pdf,tables,11,Sl 023,Price on Request,0,/extracted_product_images/EXT-1069.jpg,SL 023
EXT-1070,DIVINE CHAIRS CATALOGUE (W-O PRICE AND W-O LOGO),TABLE & STAND SERIES.pdf,tables,12,Cj 1118B,Price on Request,0,/extracted_product_images/EXT-1070.jpg,CJ 1118B
EXT-1071,DIVINE CHAIRS CATALOGUE (W-O PRICE AND W-O LOGO),TABLE & STAND SERIES.pdf,tables,12,Side Table,Price on Request,0,/extracted_product_images/EXT-1071.jpg,SIDE TABLE
EXT-1072,DIVINE CHAIRS CATALOGUE (W-O PRICE AND W-O LOGO),TABLE & STAND SERIES.pdf,tables,13,K30,Price on Request,0,/extracted_product_images/EXT-1072.jpg,K30
EXT-1073,DIVINE CHAIRS CATALOGUE (W-O PRICE AND W-O LOGO),TABLE & STAND SERIES.pdf,tables,13,K31,Price on Request,0,/extracted_product_images/EXT-1073.jpg,K31
EXT-1074,DIVINE CHAIRS CATALOGUE (W-O PRICE AND W-O LOGO),TABLE & STAND SERIES.pdf,tables,14,Centre Table,Price on Request,0,/extracted_product_images/EXT-1074.jpg,CENTRE TABLE
EXT-1075,DIVINE CHAIRS CATALOGUE (W-O PRICE AND W-O LOGO),TABLE & STAND SERIES.pdf,tables,14,T59,Price on Request,0,/extracted_product_images/EXT-1075.jpg,T59
EXT-1076,DIVINE CHAIRS CATALOGUE (W-O PRICE AND W-O LOGO),TABLE & STAND SERIES.pdf,tables,15,Centre Table,Price on Request,0,/extracted_product_images/EXT-1076.jpg,CENTRE TABLE
EXT-1077,DIVINE CHAIRS CATALOGUE (W-O PRICE AND W-O LOGO),TABLE & STAND SERIES.pdf,tables,15,605S,Price on Request,0,/extracted_product_images/EXT-1077.jpg,605S
EXT-1078,DIVINE CHAIRS CATALOGUE (W-O PRICE AND W-O LOGO),TABLE & STAND SERIES.pdf,tables,16,Console,Price on Request,0,/extracted_product_images/EXT-1078.jpg,CONSOLE
EXT-1079,DIVINE CHAIRS CATALOGUE (W-O PRICE AND W-O LOGO),TABLE & STAND SERIES.pdf,tables,16,St 057,Price on Request,0,/extracted_product_images/EXT-1079.jpg,ST 057
EXT-1080,DIVINE CHAIRS CATALOGUE (W-O PRICE AND W-O LOGO),TABLE & STAND SERIES.pdf,tables,17,Console,Price on Request,0,/extracted_product_images/EXT-1080.jpg,CONSOLE
EXT-1081,DIVINE CHAIRS CATALOGUE (W-O PRICE AND W-O LOGO),TABLE & STAND SERIES.pdf,tables,17,St 018,Price on Request,0,/extracted_product_images/EXT-1081.jpg,ST 018
EXT-1082,DIVINE CHAIRS CATALOGUE (W-O PRICE AND W-O LOGO),TABLE & STAND SERIES.pdf,tables,18,F 43,Price on Request,0,/extracted_product_images/EXT-1082.jpg,F 43
EXT-1083,DIVINE CHAIRS CATALOGUE (W-O PRICE AND W-O LOGO),TABLE & STAND SERIES.pdf,tables,18,Sd  152,Price on Request,0,/extracted_product_images/EXT-1083.jpg,SD  152
EXT-1084,DIVINE CHAIRS CATALOGUE (W-O PRICE AND W-O LOGO),TABLE & STAND SERIES.pdf,tables,19,Z267,Price on Request,0,/extracted_product_images/EXT-1084.jpg,Z267
EXT-1085,DIVINE CHAIRS CATALOGUE (W-O PRICE AND W-O LOGO),TABLE & STAND SERIES.pdf,tables,19,N-M,Price on Request,0,/extracted_product_images/EXT-1085.jpg,N-M
EXT-1086,DIVINE CHAIRS CATALOGUE (W-O PRICE AND W-O LOGO),TABLE & STAND SERIES.pdf,tables,20,T-2016,Price on Request,0,/extracted_product_images/EXT-1086.jpg,T-2016
EXT-1087,DIVINE CHAIRS CATALOGUE (W-O PRICE AND W-O LOGO),TABLE & STAND SERIES.pdf,tables,20,E47,Price on Request,0,/extracted_product_images/EXT-1087.jpg,E47
EXT-1088,DIVINE CHAIRS CATALOGUE (W-O PRICE AND W-O LOGO),TABLE & STAND SERIES.pdf,tables,21,E94,Price on Request,0,/extracted_product_images/EXT-1088.jpg,E94
EXT-1089,DIVINE CHAIRS CATALOGUE (W-O PRICE AND W-O LOGO),TABLE & STAND SERIES.pdf,tables,21,E95,Price on Request,0,/extracted_product_images/EXT-1089.jpg,E95
EXT-1090,DIVINE CHAIRS CATALOGUE (W-O PRICE AND W-O LOGO),TABLE & STAND SERIES.pdf,tables,22,H13 Folding Table Stand,Price on Request,0,/extracted_product_images/EXT-1090.jpg,H13 FOLDING TABLE STAND
EXT-1091,DIVINE CHAIRS CATALOGUE (W-O PRICE AND W-O LOGO),TABLE & STAND SERIES.pdf,tables,23,Z207 Frame,Price on Request,0,/extracted_product_images/EXT-1091.jpg,Z207 FRAME
EXT-1092,DIVINE CHAIRS CATALOGUE (W-O PRICE AND W-O LOGO),TABLE & STAND SERIES.pdf,tables,23,1150 X 680 X 725H,Price on Request,0,/extracted_product_images/EXT-1092.jpg,1150 X 680 X 725H
EXT-1093,DIVINE CHAIRS CATALOGUE (W-O PRICE AND W-O LOGO),TABLE & STAND SERIES.pdf,tables,24,Bl 001,Price on Request,0,/extracted_product_images/EXT-1093.jpg,BL 001
EXT-1094,DIVINE CHAIRS CATALOGUE (W-O PRICE AND W-O LOGO),TABLE & STAND SERIES.pdf,tables,24,Bl 056 - 1,Price on Request,0,/extracted_product_images/EXT-1094.jpg,BL 056 - 1
PRINCE-001,A -DIVINE CHAIRS PRICELIST,+ PRINCE SERIES - PRICELIST WEF 1STMAY 2026.pdf,prince,2,Quartz,"₹34,000 + GST",34000,/extracted_product_images/PRINCE-001.jpg,"Quartz | Formedforstillness. | ₹34,000 + GST"
PRINCE-002,A -DIVINE CHAIRS PRICELIST,+ PRINCE SERIES - PRICELIST WEF 1STMAY 2026.pdf,prince,3,Paradox,Price on Request,0,/extracted_product_images/PRINCE-002.jpg,Paradox | Where form meets freedom | Price on Request
PRINCE-003,A -DIVINE CHAIRS PRICELIST,+ PRINCE SERIES - PRICELIST WEF 1STMAY 2026.pdf,prince,4,Ferrari,"₹47,500 + GST",47500,/extracted_product_images/PRINCE-003.jpg,"Ferrari | Modern comfort. | ₹47,500 + GST"
PRINCE-004,A -DIVINE CHAIRS PRICELIST,+ PRINCE SERIES - PRICELIST WEF 1STMAY 2026.pdf,prince,5,Valour,"₹48,500 + GST",48500,/extracted_product_images/PRINCE-004.jpg,"Valour | Bold inform. | ₹48,500 + GST"
PRINCE-005,A -DIVINE CHAIRS PRICELIST,+ PRINCE SERIES - PRICELIST WEF 1STMAY 2026.pdf,prince,6,Soho,"₹41,500 + GST",41500,/extracted_product_images/PRINCE-005.jpg,"Soho | Modern comfort. | ₹41,500 + GST"
PRINCE-006,A -DIVINE CHAIRS PRICELIST,+ PRINCE SERIES - PRICELIST WEF 1STMAY 2026.pdf,prince,7,Tiago,"₹32,000 + GST",32000,/extracted_product_images/PRINCE-006.jpg,"Tiago | Designed for focus. | ₹32,000 + GST"
PRINCE-007,A -DIVINE CHAIRS PRICELIST,+ PRINCE SERIES - PRICELIST WEF 1STMAY 2026.pdf,prince,8,Allure,"₹28,000 + GST",28000,/extracted_product_images/PRINCE-007.jpg,"Allure | LOUNGECHAIR | ₹28,000 + GST"
PRINCE-008,A -DIVINE CHAIRS PRICELIST,+ PRINCE SERIES - PRICELIST WEF 1STMAY 2026.pdf,prince,9,Pebble,"₹29,000 + GST",29000,/extracted_product_images/PRINCE-008.jpg,"Pebble | Soft curves. | ₹29,000 + GST"
PRINCE-009,A -DIVINE CHAIRS PRICELIST,+ PRINCE SERIES - PRICELIST WEF 1STMAY 2026.pdf,prince,10,Crafty,"₹32,000 + GST",32000,/extracted_product_images/PRINCE-009.jpg,"Crafty | Modern comfort. | ₹32,000 + GST"
PRINCE-010,A -DIVINE CHAIRS PRICELIST,+ PRINCE SERIES - PRICELIST WEF 1STMAY 2026.pdf,prince,11,Marina,"₹28,000 + GST",28000,/extracted_product_images/PRINCE-010.jpg,"Marina | LOUNGE CHAIR | ₹28,000 + GST"
PRINCE-011,A -DIVINE CHAIRS PRICELIST,+ PRINCE SERIES - PRICELIST WEF 1STMAY 2026.pdf,prince,12,Osaka,"₹32,000 + GST",32000,/extracted_product_images/PRINCE-011.jpg,"Osaka | Sculpted comfort. | ₹32,000 + GST"
PRINCE-012,A -DIVINE CHAIRS PRICELIST,+ PRINCE SERIES - PRICELIST WEF 1STMAY 2026.pdf,prince,13,Azzura,"₹22,000 + GST",22000,/extracted_product_images/PRINCE-012.jpg,"Azzura | Modern comfort. | ₹22,000 + GST"
PRINCE-013,A -DIVINE CHAIRS PRICELIST,+ PRINCE SERIES - PRICELIST WEF 1STMAY 2026.pdf,prince,14,Cassina,"₹26,000 + GST",26000,/extracted_product_images/PRINCE-013.jpg,"Cassina | Contemporary Comfort. | ₹26,000 + GST"
PRINCE-014,A -DIVINE CHAIRS PRICELIST,+ PRINCE SERIES - PRICELIST WEF 1STMAY 2026.pdf,prince,15,Meraki,"₹30,000 + GST",30000,/extracted_product_images/PRINCE-014.jpg,"Meraki | LOUNGE CHAIR | ₹30,000 + GST"
PRINCE-015,A -DIVINE CHAIRS PRICELIST,+ PRINCE SERIES - PRICELIST WEF 1STMAY 2026.pdf,prince,16,Scorpio,"₹27,000 + GST",27000,/extracted_product_images/PRINCE-015.jpg,"Scorpio | Curved for comfort | ₹27,000 + GST"
PRINCE-016,A -DIVINE CHAIRS PRICELIST,+ PRINCE SERIES - PRICELIST WEF 1STMAY 2026.pdf,prince,17,Tiesto,"₹19,000 + GST",19000,/extracted_product_images/PRINCE-016.jpg,"Tiesto | LOUNGE CHAIR | ₹19,000 + GST"
PRINCE-017,A -DIVINE CHAIRS PRICELIST,+ PRINCE SERIES - PRICELIST WEF 1STMAY 2026.pdf,prince,18,Avita,"₹32,000 + GST",32000,/extracted_product_images/PRINCE-017.jpg,"Avita | Modern comfort. | ₹32,000 + GST"
PRINCE-018,A -DIVINE CHAIRS PRICELIST,+ PRINCE SERIES - PRICELIST WEF 1STMAY 2026.pdf,prince,19,June,"₹35,000 + GST",35000,/extracted_product_images/PRINCE-018.jpg,"June | Comfort that inspires. | ₹35,000 + GST"
PRINCE-019,A -DIVINE CHAIRS PRICELIST,+ PRINCE SERIES - PRICELIST WEF 1STMAY 2026.pdf,prince,20,Rolf,"₹24,000 + GST",24000,/extracted_product_images/PRINCE-019.jpg,"Rolf | Moderncomfort. | ₹24,000 + GST"
PRINCE-020,A -DIVINE CHAIRS PRICELIST,+ PRINCE SERIES - PRICELIST WEF 1STMAY 2026.pdf,prince,21,Symphony,"₹29,750 + GST",29750,/extracted_product_images/PRINCE-020.jpg,"Symphony | Modern comfort. | ₹29,750 + GST"
PRINCE-021,A -DIVINE CHAIRS PRICELIST,+ PRINCE SERIES - PRICELIST WEF 1STMAY 2026.pdf,prince,22,Lancer,"₹41,000 + GST",41000,/extracted_product_images/PRINCE-021.jpg,"Lancer | Sleek design. | ₹41,000 + GST"
PRINCE-022,A -DIVINE CHAIRS PRICELIST,+ PRINCE SERIES - PRICELIST WEF 1STMAY 2026.pdf,prince,23,Zara,"₹39,500 + GST",39500,/extracted_product_images/PRINCE-022.jpg,"Zara | Comfort that inspires | ₹39,500 + GST"
PRINCE-023,A -DIVINE CHAIRS PRICELIST,+ PRINCE SERIES - PRICELIST WEF 1STMAY 2026.pdf,prince,24,Zara,"₹37,000 + GST",37000,/extracted_product_images/PRINCE-023.jpg,"Zara | without arms | ₹37,000 + GST"
PRINCE-024,A -DIVINE CHAIRS PRICELIST,+ PRINCE SERIES - PRICELIST WEF 1STMAY 2026.pdf,prince,25,Oxy,"₹32,000 + GST",32000,/extracted_product_images/PRINCE-024.jpg,"Oxy | Modern comfort | ₹32,000 + GST"
PRINCE-025,A -DIVINE CHAIRS PRICELIST,+ PRINCE SERIES - PRICELIST WEF 1STMAY 2026.pdf,prince,26,Finista,"₹28,000 + GST",28000,/extracted_product_images/PRINCE-025.jpg,"Finista | Moderncomfort. | ₹28,000 + GST"
PRINCE-026,A -DIVINE CHAIRS PRICELIST,+ PRINCE SERIES - PRICELIST WEF 1STMAY 2026.pdf,prince,27,Ethan,"₹28,000 + GST",28000,/extracted_product_images/PRINCE-026.jpg,"Ethan | Sculpted comfort. | ₹28,000 + GST"
PRINCE-027,A -DIVINE CHAIRS PRICELIST,+ PRINCE SERIES - PRICELIST WEF 1STMAY 2026.pdf,prince,28,Antonia,"₹26,000 + GST",26000,/extracted_product_images/PRINCE-027.jpg,"Antonia | Modern comfort. | ₹26,000 + GST"
PRINCE-028,A -DIVINE CHAIRS PRICELIST,+ PRINCE SERIES - PRICELIST WEF 1STMAY 2026.pdf,prince,29,Mackanzy,"₹29,000 + GST",29000,/extracted_product_images/PRINCE-028.jpg,"Mackanzy | Modern comfort. | ₹29,000 + GST"
PRINCE-029,A -DIVINE CHAIRS PRICELIST,+ PRINCE SERIES - PRICELIST WEF 1STMAY 2026.pdf,prince,30,Mustang,"₹29,500 + GST",29500,/extracted_product_images/PRINCE-029.jpg,"Mustang | Modern comfort. | ₹29,500 + GST"
PRINCE-030,A -DIVINE CHAIRS PRICELIST,+ PRINCE SERIES - PRICELIST WEF 1STMAY 2026.pdf,prince,31,Maharaja,"₹32,000 + GST",32000,/extracted_product_images/PRINCE-030.jpg,"Maharaja | Timeless luxury. | ₹32,000 + GST"
WS-001,A -DIVINE CHAIRS PRICELIST,WORKSTATION PRICELIST- AUG26.pdf,workstation,2,Norway (Imp),"₹34,000",34000,/extracted_product_images/workstation_001.jpg,"Norway (Imp) | ₹34,000 | Glass flled nylon frame with korean mesh in back and seat 3D Adjustable armrest. Innovation mechanism. Two position lock, zero pressure seat. 700 mm Nylon base with 60mm castors & class 4 gas lift."
WS-002,A -DIVINE CHAIRS PRICELIST,WORKSTATION PRICELIST- AUG26.pdf,workstation,2,Lido (Imp),"₹19,450",19450,/extracted_product_images/workstation_002.jpg,"Lido (Imp) | ₹19,450 | Glass flled nylon back & seat with Korean mesh. Fix PP armrest. Synchro tit cable control mechanism with single position lock. ninium die cast base with 60 mm nylon castors & class 4 gaslift."
WS-003,A -DIVINE CHAIRS PRICELIST,WORKSTATION PRICELIST- AUG26.pdf,workstation,2,Smart (Imp),"₹18,500",18500,/extracted_product_images/workstation_003.jpg,"Smart (Imp) | ₹18,500 | Glassfilled nylon back with inbuilt lumbar. Fix PU padded armrest. Center tilt mechanism. 650mm grey nylon base with 60 mm nylon castors & class 4 gaslift"
WS-004,A -DIVINE CHAIRS PRICELIST,WORKSTATION PRICELIST- AUG26.pdf,workstation,2,Brick (Blue / Grey) (Imp),"₹13,500",13500,/extracted_product_images/workstation_004.jpg,"Brick (Blue / Grey) (Imp) | ₹13,500 | Glass flled nylon mesh back with lumbar support & fabric seat. Fix PP armrest. Center tilt mechanism with single position lock. 650mm nylon base with 60 mm nylon castors & class 4 gaslift."
WS-005,A -DIVINE CHAIRS PRICELIST,WORKSTATION PRICELIST- AUG26.pdf,workstation,3,Deca (Imp),"₹12,000",12000,/extracted_product_images/workstation_005.jpg,"Deca (Imp) | ₹12,000 | Glass flled nylon mesh back with fixed lumbar support & fabric seat. Fix PP armrest. Center tilt mechanism with single position lock. 650mm nylon base with 60 mm nylon castors & class 4 gaslft."
WS-006,A -DIVINE CHAIRS PRICELIST,WORKSTATION PRICELIST- AUG26.pdf,workstation,3,Hexa (Imp),"₹13,500",13500,/extracted_product_images/workstation_006.jpg,"Hexa (Imp) | ₹13,500 | Glass flled nylon mesh back with fixed lumbar support & fabric seat. Fix PP armrest. Synchro tilt mechanism with single position lock. 650mm nylon base with 60 mm nylon castors & class 4 gaslift."
WS-007,A -DIVINE CHAIRS PRICELIST,WORKSTATION PRICELIST- AUG26.pdf,workstation,3,Trio (Grey) (Imp),"₹12,500",12500,/extracted_product_images/workstation_007.jpg,"Trio (Grey) (Imp) | ₹12,500 | Glass flled nylon mesh back with fixed lumbar support & fabric seat. Fix PP armrest. Synchro tilt mechanism with single position lock. 650mm nylon base with 60 mm nylon castors & class 4 gaslit."
WS-008,A -DIVINE CHAIRS PRICELIST,WORKSTATION PRICELIST- AUG26.pdf,workstation,3,Trio (Blk) (Imp),"₹11,500",11500,/extracted_product_images/workstation_008.jpg,"Trio (Blk) (Imp) | ₹11,500 | Glassfilled nylon mesh back with fixed lumbar support & fabric seat. Fix PP armrest. Synchro tilt mechanism with single position lock. 650mm nylon base with 60 mm nylon castors & class 4 gaslift."
WS-009,A -DIVINE CHAIRS PRICELIST,WORKSTATION PRICELIST- AUG26.pdf,workstation,4,Pearl (Imp),"₹14,500",14500,/extracted_product_images/workstation_009.jpg,"Pearl (Imp) | ₹14,500 | Glass flled nylon back with inbuilt lumbar support & fabric seat. Fix PP armrest. Backrest can be reclined. 650mm nylon base with 60 mm nylon castors & class 4 ga"
WS-010,A -DIVINE CHAIRS PRICELIST,WORKSTATION PRICELIST- AUG26.pdf,workstation,4,Sweety (Grey/Black /Blue) (Imp),"₹8,500",8500,/extracted_product_images/workstation_010.jpg,"Sweety (Grey/Black /Blue) (Imp) | ₹8,500 | Glass filled nylon mesh back with fixed lumbar support & fabric seat. Fix PP armrest. Center tit mechanism with single position lock. 650mm nylon base with 60 mm nylon castors & class 4 gaslift."
WS-011,A -DIVINE CHAIRS PRICELIST,WORKSTATION PRICELIST- AUG26.pdf,workstation,4,Glaze Seat Cushion (Grey) (Imp),"₹8,500",8500,/extracted_product_images/workstation_011.jpg,"Glaze Seat Cushion (Grey) (Imp) | ₹8,500 | Glass filled nylon back with mesh and fabric seat. Fixed PP armrest attached with the back. Fixed Lumbar support. Center tilt with single position lock. 650mm nylon base with 60mm nylon castors & class 4 Gas lift."
WS-012,A -DIVINE CHAIRS PRICELIST,WORKSTATION PRICELIST- AUG26.pdf,workstation,5,Omega (Grey) (Ind),"₹10,000",10000,/extracted_product_images/workstation_012.jpg,"Omega (Grey) (Ind) | ₹10,000 | Glassfilled nylon mesh back with fixed lumbar support & fabric seat. Fix PP armrest. Center tilt mechanism with single position lock. 650mm nylon base with 60 mm nylon castors & class 4 gaslft. (without seat outer)."
WS-013,A -DIVINE CHAIRS PRICELIST,WORKSTATION PRICELIST- AUG26.pdf,workstation,5,Octa,"₹10,500",10500,/extracted_product_images/workstation_013.jpg,"Octa | ₹10,500 | Glass filled Nylon back with Fabric Mesh. Fixed PP armrest attached with back. Fix lumbar support. Center tilt mechanism with single position lock. 650mm nylon base with twin wheel nylon castors & class 4 gas lift."
WS-014,A -DIVINE CHAIRS PRICELIST,WORKSTATION PRICELIST- AUG26.pdf,workstation,5,Winner Grey (Imp),"₹14,500",14500,/extracted_product_images/workstation_014.jpg,"Winner Grey (Imp) | ₹14,500 | Glass flled nylon mesh back with adjustable lumbar support & fabric seat. Nylon armrest with PU pad with flipping movement. Center tilt mechanism with single position lock. 650mm nylon base with 60 mm nylon castors & class 4 gaslit."
WS-015,A -DIVINE CHAIRS PRICELIST,WORKSTATION PRICELIST- AUG26.pdf,workstation,5,Winner Blk (Imp),"₹13,750",13750,/extracted_product_images/workstation_015.jpg,"Winner Blk (Imp) | ₹13,750 | Glass filled nylon mesh back with adjustable lumbar support & fabric seat. Nylon armrest with PU pad with flipping movement. Center tilt mechanism with single position lock. 650mm nylon base with 60 mm nylon castors & class 4 gaslf."
WS-016,A -DIVINE CHAIRS PRICELIST,WORKSTATION PRICELIST- AUG26.pdf,workstation,6,Eco,"₹10,000",10000,/extracted_product_images/workstation_016.jpg,"Eco | ₹10,000 | Commercial Ergonomic Workstation Chair with Mesh/Fabric Support."
WS-017,A -DIVINE CHAIRS PRICELIST,WORKSTATION PRICELIST- AUG26.pdf,workstation,6,Eco,"₹8,700",8700,/extracted_product_images/workstation_017.jpg,"Eco | ₹8,700 | Classfilled nylon mesh back with fixed lumbar support & fabric seat. 2D Adjustable PU pad armrest. Synchro tilt mechanism with single position lock. Auto weight mechanism available at additional cost. 650mm chrome base with 60 mm nylon castors & class 4 gaslift."
WS-018,A -DIVINE CHAIRS PRICELIST,WORKSTATION PRICELIST- AUG26.pdf,workstation,6,Zen (Grey (Ind),"₹8,800",8800,/extracted_product_images/workstation_018.jpg,"Zen (Grey (Ind) | ₹8,800 | Commercial Ergonomic Workstation Chair with Mesh/Fabric Support."
WS-019,A -DIVINE CHAIRS PRICELIST,WORKSTATION PRICELIST- AUG26.pdf,workstation,6,Zen (Black) (Ind),"₹8,000",8000,/extracted_product_images/workstation_019.jpg,"Zen (Black) (Ind) | ₹8,000 | Glass flled nylon mesh back with fixed lumbar support & fabric seat. 2D Adjustable PU pad armrest. Synchro tilt mechanism with single position lock. Auto weight mechanism available at additional cost. 650mm nylon base with 60 mm nylon castors & class 4 galift."
WS-020,A -DIVINE CHAIRS PRICELIST,WORKSTATION PRICELIST- AUG26.pdf,workstation,6,Time Grey (Ind),"₹8,600",8600,/extracted_product_images/workstation_020.jpg,"Time Grey (Ind) | ₹8,600 | Glassfilled nylon mesh back with fixed lumbar support & fabric seat. Adjustable PP armrest. Center tilt synchro mechanism with single position lock. 650mm chrome base with 60 mm nylon castors & class 4 gaslift."
WS-021,A -DIVINE CHAIRS PRICELIST,WORKSTATION PRICELIST- AUG26.pdf,workstation,6,Time Blk (Ind),"₹7,300",7300,/extracted_product_images/workstation_021.jpg,"Time Blk (Ind) | ₹7,300 | Glass flled nylon mesh back & fabric seat. Adjustable PP armrest. Center tilt synchro mechanism with single position lock. 650mm nylon base with 60 mm nylon castors & class 4 gaslft."
WS-022,A -DIVINE CHAIRS PRICELIST,WORKSTATION PRICELIST- AUG26.pdf,workstation,7,Vista Black (Ind),"₹7,900",7900,/extracted_product_images/workstation_022.jpg,"Vista Black (Ind) | ₹7,900 | Commercial Ergonomic Workstation Chair with Mesh/Fabric Support."
WS-023,A -DIVINE CHAIRS PRICELIST,WORKSTATION PRICELIST- AUG26.pdf,workstation,7,Vista Grey (Ind),"₹9,700",9700,/extracted_product_images/workstation_023.jpg,"Vista Grey (Ind) | ₹9,700 | Glass flled nylon mesh back with fixed lumbar support & fabric seat. 2D Adjustable PP armrest. Synchro tilt mechanism with single position lock. 650mm nylon base with 60 mm nylon castors & class 4 gaslit. VISTA DLX : With grey body & chrome base."
WS-024,A -DIVINE CHAIRS PRICELIST,WORKSTATION PRICELIST- AUG26.pdf,workstation,7,Karina Dlx (Ind),"₹7,600",7600,/extracted_product_images/workstation_024.jpg,"Karina Dlx (Ind) | ₹7,600 | Glassfilled nylon mesh back with fixed lumbar support & fabric seat. Fix/ Adjustable PP armrest. Synchro tit mechanism with single position lock. 650mm nylon base with 60 mm nylon castors & class 4 gaslift."
WS-025,A -DIVINE CHAIRS PRICELIST,WORKSTATION PRICELIST- AUG26.pdf,workstation,7,Polo Eco (Ind),"₹6,700",6700,/extracted_product_images/workstation_025.jpg,"Polo Eco (Ind) | ₹6,700 | Commercial Ergonomic Workstation Chair with Mesh/Fabric Support."
WS-026,A -DIVINE CHAIRS PRICELIST,WORKSTATION PRICELIST- AUG26.pdf,workstation,7,Polo Dlx (Ind),"₹7,200",7200,/extracted_product_images/workstation_026.jpg,"Polo Dlx (Ind) | ₹7,200 | Glass flled nylon mesh back with fixed lumbar support & fabric seat. Fix/ Adjustable PP armrest. Synchro tilt mechanism with single position lock. 650mm nylon base with 60 mm nylon castors & class 4 gaslit."
WS-027,A -DIVINE CHAIRS PRICELIST,WORKSTATION PRICELIST- AUG26.pdf,workstation,7,Eon Dlx (Ind),"₹7,900",7900,/extracted_product_images/workstation_027.jpg,"Eon Dlx (Ind) | ₹7,900 | Glassfilled nylon mesh back with fixed lumbar support & fabric seat. Fix/ Adjustable PP armrest. Synchro tit mechanism with single position lock. 650mm nylon base with 60 mm nylon castors & class 4 gaslift."
WS-028,A -DIVINE CHAIRS PRICELIST,WORKSTATION PRICELIST- AUG26.pdf,workstation,8,Ergon Blk (Ind),"₹9,500",9500,/extracted_product_images/workstation_028.jpg,"Ergon Blk (Ind) | ₹9,500 | Glass filled nylon mesh back with adjustable lumbar support & fabric seat. Adjustable PP armrest. Synchro tit mechanism with single position lock. 650mm nylon base with 60 mm nylon castors & class 4 gaslft."
WS-029,A -DIVINE CHAIRS PRICELIST,WORKSTATION PRICELIST- AUG26.pdf,workstation,8,Ergon Wht (Ind),"₹11,500",11500,/extracted_product_images/workstation_029.jpg,"Ergon Wht (Ind) | ₹11,500 | Glass filled nylon mesh back with adjustable lumbar support & fabric seat. Adjustable PP armrest. Synchro tilt mechanism with single position lock. 650mm nylon base with 60 mm nylon castors & class 4 gaslift."
WS-030,A -DIVINE CHAIRS PRICELIST,WORKSTATION PRICELIST- AUG26.pdf,workstation,8,Smile Eco (Ind),"₹6,800",6800,/extracted_product_images/workstation_030.jpg,"Smile Eco (Ind) | ₹6,800 | Commercial Ergonomic Workstation Chair with Mesh/Fabric Support."
WS-031,A -DIVINE CHAIRS PRICELIST,WORKSTATION PRICELIST- AUG26.pdf,workstation,8,Smile Dlx (Ind),"₹6,900",6900,/extracted_product_images/workstation_031.jpg,"Smile Dlx (Ind) | ₹6,900 | Glass flled nylon mesh back with fixed lumbar support & fabric seat. Fix/ Adjustable PP armrest. Synchro tilt mechanism with single position lock. 650mm nylon base with 60 mm nylon castors & class 4 gaslit."
WS-032,A -DIVINE CHAIRS PRICELIST,WORKSTATION PRICELIST- AUG26.pdf,workstation,8,Smile Cush Eco (Ind),"₹7,500",7500,/extracted_product_images/workstation_032.jpg,"Smile Cush Eco (Ind) | ₹7,500 | Commercial Ergonomic Workstation Chair with Mesh/Fabric Support."
WS-033,A -DIVINE CHAIRS PRICELIST,WORKSTATION PRICELIST- AUG26.pdf,workstation,8,Smile Cush Dlx (Ind),"₹7,700",7700,/extracted_product_images/workstation_033.jpg,"Smile Cush Dlx (Ind) | ₹7,700 | Glass filled nylon back with fixed lumbar support & fabric seat and back. Fix/ Adjustable PP armrest. Synchro tilt mechanism with single position lock. 650mm nylon base with 60 mm nylon castors & class 4 gaslift."
WS-034,A -DIVINE CHAIRS PRICELIST,WORKSTATION PRICELIST- AUG26.pdf,workstation,9,Sky (Ind),"₹6,400",6400,/extracted_product_images/workstation_034.jpg,"Sky (Ind) | ₹6,400 | Glass flled nylon mesh back with inbuilt lumbar support & fabric seat. Fix PP armrest attached to the back. Center tilt mechanism with single position lock. 650mm nylon base with 60 mm nylon castors & class 4 gaslft."
WS-035,A -DIVINE CHAIRS PRICELIST,WORKSTATION PRICELIST- AUG26.pdf,workstation,9,Jupitor (Grey) (Ind),"₹6,800",6800,/extracted_product_images/workstation_035.jpg,"Jupitor (Grey) (Ind) | ₹6,800 | Commercial Ergonomic Workstation Chair with Mesh/Fabric Support."
WS-036,A -DIVINE CHAIRS PRICELIST,WORKSTATION PRICELIST- AUG26.pdf,workstation,9,Jupitor (Black) (Ind),"₹6,400",6400,/extracted_product_images/workstation_036.jpg,"Jupitor (Black) (Ind) | ₹6,400 | Glass filled nylon mesh back with inbuilt lumbar support & fabric seat. Fix PP armrest attached to the back. Center tilt mechanism with single position lock. 650mm nylon base with 60 mm nylon castors & class 4 gaslift."
WS-037,A -DIVINE CHAIRS PRICELIST,WORKSTATION PRICELIST- AUG26.pdf,workstation,9,Leo (White) (Ind),"₹6,600",6600,/extracted_product_images/workstation_037.jpg,"Leo (White) (Ind) | ₹6,600 | Commercial Ergonomic Workstation Chair with Mesh/Fabric Support."
WS-038,A -DIVINE CHAIRS PRICELIST,WORKSTATION PRICELIST- AUG26.pdf,workstation,9,Leo (Black) (Ind),"₹5,700",5700,/extracted_product_images/workstation_038.jpg,"Leo (Black) (Ind) | ₹5,700 | Glass flled nylon mesh back with inbuilt lumbar support & fabric seat. Fix PP armrest attached to the back. Center tit mechanism with single position lock. 650mm nylon base with 60 mm nylon castors & class 4 gaslift."
WS-039,A -DIVINE CHAIRS PRICELIST,WORKSTATION PRICELIST- AUG26.pdf,workstation,9,Kabel (Ind),"₹6,200",6200,/extracted_product_images/workstation_039.jpg,"Kabel (Ind) | ₹6,200 | Glass flled nylon mesh back with inbuilt lumbar support & fabric seat. Fix PP armrest attached to the back. Center tilt mechanism with single position lock. 650mm nylon base with 60 mm nylon castors & class 4 gaslift."
WS-040,A -DIVINE CHAIRS PRICELIST,WORKSTATION PRICELIST- AUG26.pdf,workstation,10,Quest Dlx (Ind),"₹7,800",7800,/extracted_product_images/workstation_040.jpg,"Quest Dlx (Ind) | ₹7,800 | Glass filled nylon mesh back with fixed lumbar support & fabric seat. Fix/ Adjustable PP armrest. Synchro tilt mechanism with single position lock. 650mm nylon base with 60 mm nylon castors & class 4 gaslft."
WS-041,A -DIVINE CHAIRS PRICELIST,WORKSTATION PRICELIST- AUG26.pdf,workstation,10,Flash Dlx (Ind),"₹7,800",7800,/extracted_product_images/workstation_041.jpg,"Flash Dlx (Ind) | ₹7,800 | Glass flled nylon mesh back with fixed lumbar support & fabric seat. Fix/ Adjustable PP armrest. Synchro tit mechanism with single position lock. 650mm nylon base with 60 mm nylon castors & class 4 gaslf."
WS-042,A -DIVINE CHAIRS PRICELIST,WORKSTATION PRICELIST- AUG26.pdf,workstation,10,Vitro (Ind) Grey,"₹9,200",9200,/extracted_product_images/workstation_042.jpg,"Vitro (Ind) Grey | ₹9,200 | Glass filled nylon mesh back with adjustable lumbar support & fabric seat. Adjustable PP armrest. Synchro tilt mechanism with single position lock. 650mm chrome base with 60 mm nylon castors & class 4 gaslift."
WS-043,A -DIVINE CHAIRS PRICELIST,WORKSTATION PRICELIST- AUG26.pdf,workstation,10,Vitro (Ind) (Black),"₹7,500",7500,/extracted_product_images/workstation_043.jpg,"Vitro (Ind) (Black) | ₹7,500 | Glass flled nylon mesh back with adjustable lumbar support & fabric seat. Adjustable PP armrest. Synchro tilt mechanism with single position lock. 650mm chrome base with 60 mm nylon castors & class 4 gaslift."
WS-044,A -DIVINE CHAIRS PRICELIST,WORKSTATION PRICELIST- AUG26.pdf,workstation,11,Alpha Grey,"₹7,600",7600,/extracted_product_images/workstation_044.jpg,"Alpha Grey | ₹7,600 | Glass flled nylon mesh back with inbuilt lumbar support & fabric seat. Fix PP armrest attached to the back. Center tilt mechanism with single position lock. Chrome base with 60 mm nylon castors & class 4 gaslft."
WS-045,A -DIVINE CHAIRS PRICELIST,WORKSTATION PRICELIST- AUG26.pdf,workstation,11,Alpha Black,"₹6,500",6500,/extracted_product_images/workstation_045.jpg,"Alpha Black | ₹6,500 | Glass flled nylon mesh back with inbuilt lumbar support & fabric seat. Fix PP armrest attached to the back. Center tilt mechanism with single position lock. Nylon base with 60 mm nylon castors & class 4 gaslift."
WS-046,A -DIVINE CHAIRS PRICELIST,WORKSTATION PRICELIST- AUG26.pdf,workstation,11,Delta,"₹7,100",7100,/extracted_product_images/workstation_046.jpg,"Delta | ₹7,100 | Glassfilled nylon mesh back with inbuilt lumbar support & fabric seat. Fix PP armrest attached to the back. Center tilt mechanism with single position lock. 650mm chrome base with 60 mm nylon castors & class 4 gaslift."
WS-047,A -DIVINE CHAIRS PRICELIST,WORKSTATION PRICELIST- AUG26.pdf,workstation,11,Gamma,"₹15,500",15500,/extracted_product_images/workstation_047.jpg,"Gamma | ₹15,500 | Glass flled nylon backrest with lumbar support & mesh fabric. 4D Adjustable Armrest with Gel PU pad. Self weight syncro tilt mechanism with multi position lock & seat slider. 700mm aluminium diecast base with glassfilled nylon castors & class 4 Gas lift."
WS-048,A -DIVINE CHAIRS PRICELIST,WORKSTATION PRICELIST- AUG26.pdf,workstation,12,Colt (Ind),"₹6,800",6800,/extracted_product_images/workstation_048.jpg,"Colt (Ind) | ₹6,800 | Glass flled nylon mesh back with inbuilt lumbar support & fabric seat. Fix PP armrest attached to the back. Center tilt mechanism with single position lock. 650mm nylon base with 60 mm nylon castors & class 4 gaslift."
WS-049,A -DIVINE CHAIRS PRICELIST,WORKSTATION PRICELIST- AUG26.pdf,workstation,12,Colt White (Ind),"₹7,300",7300,/extracted_product_images/workstation_049.jpg,"Colt White (Ind) | ₹7,300 | Glass filled nylon mesh back with inbuilt lumbar support & fabric seat. Fix PP armrest attached to the back. Center tilt mechanism with single position lock. 650mm chrome base with 60 mm nylon castors & class 4 gaslift."
WS-050,A -DIVINE CHAIRS PRICELIST,WORKSTATION PRICELIST- AUG26.pdf,workstation,12,Mono (Ind),"₹5,700",5700,/extracted_product_images/workstation_050.jpg,"Mono (Ind) | ₹5,700 | Glass filled nylon mesh back with inbuilt lumbar support & fabric seat. Fix PP armrest attached to the back. Center tilt mechanism with single position lock. 650mm nylon base with 60 mm nylon castors & class 4 gaslit."
WS-051,A -DIVINE CHAIRS PRICELIST,WORKSTATION PRICELIST- AUG26.pdf,workstation,12,Mono White (Ind),"₹6,300",6300,/extracted_product_images/workstation_051.jpg,"Mono White (Ind) | ₹6,300 | Glass flled nylon mesh back with inbuilt lumbar support & fabric seat. Fix PP armrest attached to the back. Center tilt mechanism with single position lock. 650mm chrome base with 60 mm nylon castors & class 4 gaslift."
WS-052,A -DIVINE CHAIRS PRICELIST,WORKSTATION PRICELIST- AUG26.pdf,workstation,13,Queen White (Ind),"₹7,200",7200,/extracted_product_images/workstation_052.jpg,"Queen White (Ind) | ₹7,200 | Glass flled nylon mesh back with inbuilt lumbar support & fabric seat. Fix PP armrest attached to the back. Center tilt mechanism with single position lock. 650mm chrome base with 60 mm nylon castors & class 4 gaslift."
WS-053,A -DIVINE CHAIRS PRICELIST,WORKSTATION PRICELIST- AUG26.pdf,workstation,13,Queen (Ind),"₹6,300",6300,/extracted_product_images/workstation_053.jpg,"Queen (Ind) | ₹6,300 | Glass filled nylon mesh back with inbuilt lumbar support & fabric seat. Fix PP armrest attached to the back. Center tilt mechanism with single position lock. 650mm nylon base with 60 mm nylon castors & class 4 gaslift."
WS-054,A -DIVINE CHAIRS PRICELIST,WORKSTATION PRICELIST- AUG26.pdf,workstation,13,Sara White (Ind),"₹6,900",6900,/extracted_product_images/workstation_054.jpg,"Sara White (Ind) | ₹6,900 | Glass flled nylon mesh back with inbuilt lumbar support & fabric seat. Fix PP armrest attached to the back. Center tit mechanism with single position lock. 650mm chrome base with 60 mm nylon castors & class 4 gaslft."
WS-055,A -DIVINE CHAIRS PRICELIST,WORKSTATION PRICELIST- AUG26.pdf,workstation,13,Sara (Ind),"₹6,200",6200,/extracted_product_images/workstation_055.jpg,"Sara (Ind) | ₹6,200 | Glass flled nylon mesh back with inbuilt lumbar support & fabric seat. Fix PP armrest attached to the back. Center tilt mechanism with single position lock. 650mm nylon base with 60 mm nylon castors & class 4 gaslft."
WS-056,A -DIVINE CHAIRS PRICELIST,WORKSTATION PRICELIST- AUG26.pdf,workstation,14,Astor Visitor (Imp),"₹15,000",15000,/extracted_product_images/workstation_056.jpg,"Astor Visitor (Imp) | ₹15,000 | Finest composite leather on back & seat. Chrome finish armrest with pu pad. Round M.S. chrome plated cantilever pipe frame."
WS-057,A -DIVINE CHAIRS PRICELIST,WORKSTATION PRICELIST- AUG26.pdf,workstation,14,Sleek Visitor (Imp / Ind),"₹10,500",10500,/extracted_product_images/workstation_057.jpg,"Sleek Visitor (Imp / Ind) | ₹10,500 | Finest composite leather on back & seat. Chrome finish armrest with pu pad. Round M.S. chrome plated cantilever pipe frame."
WS-058,A -DIVINE CHAIRS PRICELIST,WORKSTATION PRICELIST- AUG26.pdf,workstation,14,Colt Visitor (White) (Ind),"₹7,900",7900,/extracted_product_images/workstation_058.jpg,"Colt Visitor (White) (Ind) | ₹7,900 | Commercial Ergonomic Workstation Chair with Mesh/Fabric Support."
WS-059,A -DIVINE CHAIRS PRICELIST,WORKSTATION PRICELIST- AUG26.pdf,workstation,14,Colt Visitor (Black) (Ind),"₹7,400",7400,/extracted_product_images/workstation_059.jpg,"Colt Visitor (Black) (Ind) | ₹7,400 | Glass flled nylon mesh back & fabric seat. Fix PP armrest attached to the back. Oblong M.S. chrome plated cantilever pipe frame."
WS-060,A -DIVINE CHAIRS PRICELIST,WORKSTATION PRICELIST- AUG26.pdf,workstation,14,Queen Visitor (White (Ind),"₹7,700",7700,/extracted_product_images/workstation_060.jpg,"Queen Visitor (White (Ind) | ₹7,700 | Commercial Ergonomic Workstation Chair with Mesh/Fabric Support."
WS-061,A -DIVINE CHAIRS PRICELIST,WORKSTATION PRICELIST- AUG26.pdf,workstation,14,Queen Visitor (Black) (Ind),"₹7,100",7100,/extracted_product_images/workstation_061.jpg,"Queen Visitor (Black) (Ind) | ₹7,100 | Glass flled nylon bucket shell with mesh back & fabric seat. Fix PP armrest attached to the back. Oblong M.S. chrome plated cantilever pipe frame."
WS-062,A -DIVINE CHAIRS PRICELIST,WORKSTATION PRICELIST- AUG26.pdf,workstation,15,Octa Visitor,"₹8,500",8500,/extracted_product_images/workstation_062.jpg,"Octa Visitor | ₹8,500 | Glass filled nylon mesh back & fabric seat. Fix PP armrest attached to the back. Oblong M.S. chrome plated cantilever pipe frame."
WS-063,A -DIVINE CHAIRS PRICELIST,WORKSTATION PRICELIST- AUG26.pdf,workstation,15,Sara Pp (White) (Ind),"₹6,400",6400,/extracted_product_images/workstation_063.jpg,"Sara Pp (White) (Ind) | ₹6,400 | Commercial Ergonomic Workstation Chair with Mesh/Fabric Support."
WS-064,A -DIVINE CHAIRS PRICELIST,WORKSTATION PRICELIST- AUG26.pdf,workstation,15,Sara Pp (Black) (Ind),"₹4,900",4900,/extracted_product_images/workstation_064.jpg,"Sara Pp (Black) (Ind) | ₹4,900 | Glass filled nylon mesh back attached with arms. PU cushion seat with hotpressed plywood. Fix PP legs."
WS-065,A -DIVINE CHAIRS PRICELIST,WORKSTATION PRICELIST- AUG26.pdf,workstation,15,Queen Pp (White) (Ind),"₹6,500",6500,/extracted_product_images/workstation_065.jpg,"Queen Pp (White) (Ind) | ₹6,500 | Commercial Ergonomic Workstation Chair with Mesh/Fabric Support."
WS-066,A -DIVINE CHAIRS PRICELIST,WORKSTATION PRICELIST- AUG26.pdf,workstation,15,Queen Pp (Black) (Ind),"₹5,100",5100,/extracted_product_images/workstation_066.jpg,"Queen Pp (Black) (Ind) | ₹5,100 | Glass filled nylon bucket shell with mesh back. PU cushion seat with hotpressed plywood. Fix PP legs."
WS-067,A -DIVINE CHAIRS PRICELIST,WORKSTATION PRICELIST- AUG26.pdf,workstation,15,Cosmo Cushion (Ind),"₹4,100",4100,/extracted_product_images/workstation_067.jpg,"Cosmo Cushion (Ind) | ₹4,100 | Glass filled nylon back along with arms. PU cushion seat with hotpressed plywood. Mild steel powder coated heavy gauge frame."
WS-068,A -DIVINE CHAIRS PRICELIST,WORKSTATION PRICELIST- AUG26.pdf,workstation,16,Key W/O Tablet (Ind) - Black,"₹6,900",6900,/extracted_product_images/workstation_068.jpg,"Key W/O Tablet (Ind) - Black | ₹6,900 | Commercial Ergonomic Workstation Chair with Mesh/Fabric Support."
WS-069,A -DIVINE CHAIRS PRICELIST,WORKSTATION PRICELIST- AUG26.pdf,workstation,16,Key Tablet (Ind) - Black,"₹7,700",7700,/extracted_product_images/workstation_069.jpg,"Key Tablet (Ind) - Black | ₹7,700 | Glass filled nylon mesh back & fabric seat. Multibend seat plywood with PU cushion & PP seat outer. PP armrest with forward- backward movement. M.S oblong powder coated pipe frame chair with castors/ bush."
WS-070,A -DIVINE CHAIRS PRICELIST,WORKSTATION PRICELIST- AUG26.pdf,workstation,16,Cosmo Tablet (Ind),"₹5,600",5600,/extracted_product_images/workstation_070.jpg,"Cosmo Tablet (Ind) | ₹5,600 | Glass flled nylon back with arms & fabric seat. Flip top design PP writing pad with metal support frame. Mild steel powder coated round pipe frame."
WS-071,A -DIVINE CHAIRS PRICELIST,WORKSTATION PRICELIST- AUG26.pdf,workstation,16,Flip Tablet (Imp) Grey,"₹12,000",12000,/extracted_product_images/workstation_071.jpg,"Flip Tablet (Imp) Grey | ₹12,000 | One piece PP shell with fabric seat. Flip top design PP writing pad with metal support frame. Mild steel powder coated round pipe frame."
WS-072,A -DIVINE CHAIRS PRICELIST,WORKSTATION PRICELIST- AUG26.pdf,workstation,16,Sweden Tablet (Ind),"₹5,800",5800,/extracted_product_images/workstation_072.jpg,"Sweden Tablet (Ind) | ₹5,800 | One piece PP shell with fabric seat. Flip top design PP writing pad with metal support frame. Mild steel powder coated round pipe frame."
PF-002,A -DIVINE CHAIRS PRICELIST,+PUFFY PRICELIST LIFESTYLE- AUG26.pdf,puffy,2,Libra,"₹12,500",12500,/extracted_product_images/puffy_002.jpg,"Libra | ₹12,500 | Timelesscomfort. | Sculpted for elegance. | WIDTH | FABRIC | HEIGHT | LENGTH | 700mm | 480mm | 480mm | 2.00 Mtr."
PF-003,A -DIVINE CHAIRS PRICELIST,+PUFFY PRICELIST LIFESTYLE- AUG26.pdf,puffy,3,Albert,"₹6,500",6500,/extracted_product_images/puffy_003.jpg,"Albert | ₹6,500 | Timelesscomfort. | HEIGHT | LENGTH | WIDTH | FABRIC | 420mm | 420mm | 420mm | 1Mtr."
PF-004,A -DIVINE CHAIRS PRICELIST,+PUFFY PRICELIST LIFESTYLE- AUG26.pdf,puffy,4,Merry,"₹8,000",8000,/extracted_product_images/puffy_004.jpg,"Merry | ₹8,000 | Compact design. | FABRIC | HEIGHT | LENGTH | WIDTH | 1.25Mtr. | 420mm | 420mm | 420mm"
PF-005,A -DIVINE CHAIRS PRICELIST,+PUFFY PRICELIST LIFESTYLE- AUG26.pdf,puffy,5,Moon,"₹6,750",6750,/extracted_product_images/puffy_005.jpg,"Moon | ₹6,750 | Earthytones. | WIDTH | FABRIC | LENGTH | HEIGHT | 420mm | 440mm | 440mm | 1.25Mtr."
PF-006,A -DIVINE CHAIRS PRICELIST,+PUFFY PRICELIST LIFESTYLE- AUG26.pdf,puffy,6,Drift,"₹6,500",6500,/extracted_product_images/puffy_006.jpg,"Drift | ₹6,500 | Compactluxury. | FABRIC | HEIGHT | LENGTH | WIDTH | 1Mtr. | 420mm | 420mm | 420mm"
PF-007,A -DIVINE CHAIRS PRICELIST,+PUFFY PRICELIST LIFESTYLE- AUG26.pdf,puffy,7,Dior,"₹8,250",8250,/extracted_product_images/puffy_007.jpg,"Dior | ₹8,250 | Timeless comfort. | Sculpted for style. | HEIGHT | LENGTH | WIDTH | FABRIC | 420mm | 420mm | 420mm | 1.25Mtr."
PF-008,A -DIVINE CHAIRS PRICELIST,+PUFFY PRICELIST LIFESTYLE- AUG26.pdf,puffy,8,Bloomington,"₹5,750",5750,/extracted_product_images/puffy_008.jpg,"Bloomington | ₹5,750 | WIDTH | LENGTH | HEIGHT | FABRIC | 420mm | 420mm | 1.25Mtr. | 420mm"
PF-009,A -DIVINE CHAIRS PRICELIST,+PUFFY PRICELIST LIFESTYLE- AUG26.pdf,puffy,9,Opal,"₹5,500",5500,/extracted_product_images/puffy_009.jpg,"Opal | ₹5,500 | Minimalform. | LENGTH | HEIGHT | WIDTH | FABRIC | 420mm | 420mm | 420mm | 1.25Mtr."
PF-010,A -DIVINE CHAIRS PRICELIST,+PUFFY PRICELIST LIFESTYLE- AUG26.pdf,puffy,10,Flow,"₹5,750",5750,/extracted_product_images/puffy_010.jpg,"Flow | ₹5,750 | LENGTH | WIDTH | FABRIC | HEIGHT | 420mm | 420mm | 420mm | 1.00Mtr."
PF-011,A -DIVINE CHAIRS PRICELIST,+PUFFY PRICELIST LIFESTYLE- AUG26.pdf,puffy,11,Bolt,"₹6,500",6500,/extracted_product_images/puffy_011.jpg,"Bolt | ₹6,500 | Compact luxury. | WIDTH | LENGTH | HEIGHT | FABRIC | 420mm | 500mm | 500mm | 1.50 Mtr."
PF-012,A -DIVINE CHAIRS PRICELIST,+PUFFY PRICELIST LIFESTYLE- AUG26.pdf,puffy,12,Hush,"₹6,250",6250,/extracted_product_images/puffy_012.jpg,"Hush | ₹6,250 | Compact luxury. | WIDTH | FABRIC | HEIGHT | LENGTH | 420mm | 420mm | 420mm | 1Mtr."
PF-013,A -DIVINE CHAIRS PRICELIST,+PUFFY PRICELIST LIFESTYLE- AUG26.pdf,puffy,13,Mushroom,"₹6,000",6000,/extracted_product_images/puffy_013.jpg,"Mushroom | ₹6,000 | Compactcomfort. | LENGTH | HEIGHT | FABRIC | WIDTH | 420mm | 420mm | 420mm | 1.00Mtr."
PF-014,A -DIVINE CHAIRS PRICELIST,+PUFFY PRICELIST LIFESTYLE- AUG26.pdf,puffy,14,Vibe,"₹9,000",9000,/extracted_product_images/puffy_014.jpg,"Vibe | ₹9,000 | LENGTH | WIDTH | FABRIC | HEIGHT | 1.50Mtr. | 420mm | 420mm | 420mm"
PF-015,A -DIVINE CHAIRS PRICELIST,+PUFFY PRICELIST LIFESTYLE- AUG26.pdf,puffy,15,Astro,"₹6,500",6500,/extracted_product_images/puffy_015.jpg,"Astro | ₹6,500 | Timeless design. | HEIGHT | LENGTH | WIDTH | FABRIC | 420mm | 420mm | 420mm | 1Mtr."
PF-016,A -DIVINE CHAIRS PRICELIST,+PUFFY PRICELIST LIFESTYLE- AUG26.pdf,puffy,16,Gold,"₹6,250",6250,/extracted_product_images/puffy_016.jpg,"Gold | ₹6,250 | Minimal form. | HEIGHT | LENGTH | WIDTH | FABRIC | 1Mtr. | 420mm | 420mm | 420mm"
PF-017,A -DIVINE CHAIRS PRICELIST,+PUFFY PRICELIST LIFESTYLE- AUG26.pdf,puffy,17,Kenzi,"₹11,000",11000,/extracted_product_images/puffy_017.jpg,"Kenzi | ₹11,000 | WIDTH | LENGTH | HEIGHT | FABRIC | 500mm | 1.00 Mtr. | 420mm | 500mm"
PF-018,A -DIVINE CHAIRS PRICELIST,+PUFFY PRICELIST LIFESTYLE- AUG26.pdf,puffy,18,Capsule,"₹5,500",5500,/extracted_product_images/puffy_018.jpg,"Capsule | ₹5,500 | Minimal form. | HEIGHT | LENGTH | WIDTH | FABRIC | 420mm | 1 Mtr. | 420mm | 420mm"
PF-019,A -DIVINE CHAIRS PRICELIST,+PUFFY PRICELIST LIFESTYLE- AUG26.pdf,puffy,19,Kazo,"₹8,500",8500,/extracted_product_images/puffy_019.jpg,"Kazo | ₹8,500 | Earthytones. | HEIGHT | WIDTH | FABRIC | LENGTH | 420mm | 440mm | 440mm | 1.50Mtr."
PF-020,A -DIVINE CHAIRS PRICELIST,+PUFFY PRICELIST LIFESTYLE- AUG26.pdf,puffy,20,Eva,"₹5,500",5500,/extracted_product_images/puffy_020.jpg,"Eva | ₹5,500 | Minimal form. | WIDTH | HEIGHT | LENGTH | FABRIC | 1Mtr, | 420mm | 420mm | 420mm"
PF-021,A -DIVINE CHAIRS PRICELIST,+PUFFY PRICELIST LIFESTYLE- AUG26.pdf,puffy,21,Torry,"₹7,750",7750,/extracted_product_images/puffy_021.jpg,"Torry | ₹7,750 | Compact charm, | WIDTH | FABRIC | HEIGHT | LENGTH | 420mm | 420mm | 125Mtr. | 420mm"
PF-022,A -DIVINE CHAIRS PRICELIST,+PUFFY PRICELIST LIFESTYLE- AUG26.pdf,puffy,22,Vitro,"₹10,250",10250,/extracted_product_images/puffy_022.jpg,"Vitro | ₹10,250 | FABRIC | LENGTH | WIDTH | HEIGHT | 420mm | 1Mtr. | 420mm | 420mm"
PF-023,A -DIVINE CHAIRS PRICELIST,+PUFFY PRICELIST LIFESTYLE- AUG26.pdf,puffy,23,Lume,"₹7,000",7000,/extracted_product_images/puffy_023.jpg,"Lume | ₹7,000 | Compact luxury. | FABRIC | HEIGHT | LENGTH | WIDTH | 1.50Mtr. | 420mm | 420mm | 420mm"
PF-024,A -DIVINE CHAIRS PRICELIST,+PUFFY PRICELIST LIFESTYLE- AUG26.pdf,puffy,24,Snug,"₹10,000",10000,/extracted_product_images/puffy_024.jpg,"Snug | ₹10,000 | Compactluxury. | FABRIC | HEIGHT | LENGTH | WIDTH | 420mm | 520mm | 520mm | 2.00Mtr."
PF-025,A -DIVINE CHAIRS PRICELIST,+PUFFY PRICELIST LIFESTYLE- AUG26.pdf,puffy,25,Zoya,"₹7,500",7500,/extracted_product_images/puffy_025.jpg,"Zoya | ₹7,500 | LENGTH | WIDTH | FABRIC | HEIGHT | 420mm | 420mm | 420mm | 1Mtr."
PF-026,A -DIVINE CHAIRS PRICELIST,+PUFFY PRICELIST LIFESTYLE- AUG26.pdf,puffy,26,Majesty,"₹14,000",14000,/extracted_product_images/puffy_026.jpg,"Majesty | ₹14,000 | Compact luxury | HEIGHT | LENGTH | WIDTH | FABRIC | 420mm | 1.5 Mtr. | 900mm | 420mm"
PF-027,A -DIVINE CHAIRS PRICELIST,+PUFFY PRICELIST LIFESTYLE- AUG26.pdf,puffy,27,Novel,"₹14,000",14000,/extracted_product_images/puffy_027.jpg,"Novel | ₹14,000 | Compact luxury. | WIDTH | FABRIC | LENGTH | HEIGHT | 1.75 Mtr. | 420mm | 900mm | 420mm"
PF-028,A -DIVINE CHAIRS PRICELIST,+PUFFY PRICELIST LIFESTYLE- AUG26.pdf,puffy,28,Louis,"₹11,000",11000,/extracted_product_images/puffy_028.jpg,"Louis | ₹11,000 | Compact luxury. | WIDTH | LENGTH | HEIGHT | FABRIC | 420mm | 420mm | 1.75Mtr."
PF-029,A -DIVINE CHAIRS PRICELIST,+PUFFY PRICELIST LIFESTYLE- AUG26.pdf,puffy,29,Drum,"₹14,000",14000,/extracted_product_images/puffy_029.jpg,"Drum | ₹14,000 | Compactluxury | WIDTH | LENGTH | FABRIC | HEIGHT | 420mm | 900mm | 900mm | 2.5Mtr."
DV-SOFA-002,A -DIVINE CHAIRS PRICELIST,+SOFA LIFESTYLE PRICELIST- AUG26.pdf,sofa,2,Canvas,"₹60,000",60000,/extracted_product_images/sofa_002.jpg,"Canvas | ₹60,000 | Luxury Crafted Designer Sofa - Available in 1-Seater, 2-Seater, 3-Seater & Sectional Configurations"
DV-SOFA-003,A -DIVINE CHAIRS PRICELIST,+SOFA LIFESTYLE PRICELIST- AUG26.pdf,sofa,3,Vegas,"₹56,000",56000,/extracted_product_images/sofa_003.jpg,"Vegas | ₹56,000 | Luxury Crafted Designer Sofa"
DV-SOFA-004,A -DIVINE CHAIRS PRICELIST,+SOFA LIFESTYLE PRICELIST- AUG26.pdf,sofa,4,Flame,"₹48,500",48500,/extracted_product_images/sofa_004.jpg,"Flame | ₹48,500 | Luxury Crafted Designer Sofa"
DV-SOFA-005,A -DIVINE CHAIRS PRICELIST,+SOFA LIFESTYLE PRICELIST- AUG26.pdf,sofa,5,Lopez,"₹36,500",36500,/extracted_product_images/sofa_005.jpg,"Lopez | ₹36,500 | Luxury Crafted Designer Sofa"
DV-SOFA-006,A -DIVINE CHAIRS PRICELIST,+SOFA LIFESTYLE PRICELIST- AUG26.pdf,sofa,6,Montana,"₹58,000",58000,/extracted_product_images/sofa_006.jpg,"Montana | ₹58,000 | Luxury Crafted Designer Sofa"
DV-SOFA-007,A -DIVINE CHAIRS PRICELIST,+SOFA LIFESTYLE PRICELIST- AUG26.pdf,sofa,7,Arcus,"₹33,500",33500,/extracted_product_images/sofa_007.jpg,"Arcus | ₹33,500 | Luxury Crafted Designer Sofa"
DV-SOFA-008,A -DIVINE CHAIRS PRICELIST,+SOFA LIFESTYLE PRICELIST- AUG26.pdf,sofa,8,Zara,"₹40,000",40000,/extracted_product_images/sofa_008.jpg,"Zara | ₹40,000 | Luxury Crafted Designer Sofa"
DV-SOFA-009,A -DIVINE CHAIRS PRICELIST,+SOFA LIFESTYLE PRICELIST- AUG26.pdf,sofa,9,Liberty,"₹62,000",62000,/extracted_product_images/sofa_009.jpg,"Liberty | ₹62,000 | Luxury Crafted Designer Sofa"
DV-SOFA-010,A -DIVINE CHAIRS PRICELIST,+SOFA LIFESTYLE PRICELIST- AUG26.pdf,sofa,10,Liberty,"₹62,000",62000,/extracted_product_images/sofa_010.jpg,"Liberty | ₹62,000 | Luxury Crafted Designer Sofa"
DV-SOFA-011,A -DIVINE CHAIRS PRICELIST,+SOFA LIFESTYLE PRICELIST- AUG26.pdf,sofa,11,Nova,"₹52,500",52500,/extracted_product_images/sofa_011.jpg,"Nova | ₹52,500 | Luxury Crafted Designer Sofa"
DV-SOFA-012,A -DIVINE CHAIRS PRICELIST,+SOFA LIFESTYLE PRICELIST- AUG26.pdf,sofa,12,Curve,"₹65,000",65000,/extracted_product_images/sofa_012.jpg,"Curve | ₹65,000 | Luxury Crafted Designer Sofa"
DV-SOFA-013,A -DIVINE CHAIRS PRICELIST,+SOFA LIFESTYLE PRICELIST- AUG26.pdf,sofa,13,Meridian,"₹65,000",65000,/extracted_product_images/sofa_013.jpg,"Meridian | ₹65,000 | Luxury Crafted Designer Sofa"
DV-SOFA-014,A -DIVINE CHAIRS PRICELIST,+SOFA LIFESTYLE PRICELIST- AUG26.pdf,sofa,14,Tiara,"₹32,000",32000,/extracted_product_images/sofa_014.jpg,"Tiara | ₹32,000 | Luxury Crafted Designer Sofa"
DV-SOFA-015,A -DIVINE CHAIRS PRICELIST,+SOFA LIFESTYLE PRICELIST- AUG26.pdf,sofa,15,Fortune,"₹34,000",34000,/extracted_product_images/sofa_015.jpg,"Fortune | ₹34,000 | Luxury Crafted Designer Sofa"
DV-SOFA-016,A -DIVINE CHAIRS PRICELIST,+SOFA LIFESTYLE PRICELIST- AUG26.pdf,sofa,16,Chester,"₹50,000",50000,/extracted_product_images/sofa_016.jpg,"Chester | ₹50,000 | Luxury Crafted Designer Sofa"
DV-SOFA-017,A -DIVINE CHAIRS PRICELIST,+SOFA LIFESTYLE PRICELIST- AUG26.pdf,sofa,17,Newvogue,"₹32,000",32000,/extracted_product_images/sofa_017.jpg,"Newvogue | ₹32,000 | Luxury Crafted Designer Sofa"
DV-SOFA-018,A -DIVINE CHAIRS PRICELIST,+SOFA LIFESTYLE PRICELIST- AUG26.pdf,sofa,18,Heritage,"₹36,500",36500,/extracted_product_images/sofa_018.jpg,"Heritage | ₹36,500 | Luxury Crafted Designer Sofa"
DV-SOFA-019,A -DIVINE CHAIRS PRICELIST,+SOFA LIFESTYLE PRICELIST- AUG26.pdf,sofa,19,Zurich,"₹98,000",98000,/extracted_product_images/sofa_019.jpg,"Zurich | ₹98,000 | Luxury Crafted Designer Sofa"
DV-SOFA-020,A -DIVINE CHAIRS PRICELIST,+SOFA LIFESTYLE PRICELIST- AUG26.pdf,sofa,20,Glamour,"₹35,000",35000,/extracted_product_images/sofa_020.jpg,"Glamour | ₹35,000 | Luxury Crafted Designer Sofa"
DV-SOFA-021,A -DIVINE CHAIRS PRICELIST,+SOFA LIFESTYLE PRICELIST- AUG26.pdf,sofa,21,Florance,"₹30,000",30000,/extracted_product_images/sofa_021.jpg,"Florance | ₹30,000 | Luxury Crafted Designer Sofa"
DV-SOFA-022,A -DIVINE CHAIRS PRICELIST,+SOFA LIFESTYLE PRICELIST- AUG26.pdf,sofa,22,Imperial,"₹36,000",36000,/extracted_product_images/sofa_022.jpg,"Imperial | ₹36,000 | Luxury Crafted Designer Sofa"
DV-SOFA-023,A -DIVINE CHAIRS PRICELIST,+SOFA LIFESTYLE PRICELIST- AUG26.pdf,sofa,23,Tokyo,"₹28,000",28000,/extracted_product_images/sofa_023.jpg,"Tokyo | ₹28,000 | Luxury Crafted Designer Sofa"
DV-SOFA-024,A -DIVINE CHAIRS PRICELIST,+SOFA LIFESTYLE PRICELIST- AUG26.pdf,sofa,24,Saphire,"₹29,500",29500,/extracted_product_images/sofa_024.jpg,"Saphire | ₹29,500 | Luxury Crafted Designer Sofa"
DV-SOFA-025,A -DIVINE CHAIRS PRICELIST,+SOFA LIFESTYLE PRICELIST- AUG26.pdf,sofa,25,Mapple,"₹29,500",29500,/extracted_product_images/sofa_025.jpg,"Mapple | ₹29,500 | Luxury Crafted Designer Sofa"
DV-SOFA-026,A -DIVINE CHAIRS PRICELIST,+SOFA LIFESTYLE PRICELIST- AUG26.pdf,sofa,26,California,"₹28,000",28000,/extracted_product_images/sofa_026.jpg,"California | ₹28,000 | Luxury Crafted Designer Sofa"
DV-SOFA-027,A -DIVINE CHAIRS PRICELIST,+SOFA LIFESTYLE PRICELIST- AUG26.pdf,sofa,27,Oxy,"₹32,000",32000,/extracted_product_images/sofa_027.jpg,"Oxy | ₹32,000 | Luxury Crafted Designer Sofa"
DV-SOFA-028,A -DIVINE CHAIRS PRICELIST,+SOFA LIFESTYLE PRICELIST- AUG26.pdf,sofa,28,Corbusier,"₹35,000",35000,/extracted_product_images/sofa_028.jpg,"Corbusier | ₹35,000 | Luxury Crafted Designer Sofa"
DV-SOFA-029,A -DIVINE CHAIRS PRICELIST,+SOFA LIFESTYLE PRICELIST- AUG26.pdf,sofa,29,Dream,"₹32,000",32000,/extracted_product_images/sofa_029.jpg,"Dream | ₹32,000 | Luxury Crafted Designer Sofa"
DV-SOFA-030,A -DIVINE CHAIRS PRICELIST,+SOFA LIFESTYLE PRICELIST- AUG26.pdf,sofa,30,June,"₹35,500",35500,/extracted_product_images/sofa_030.jpg,"June | ₹35,500 | Luxury Crafted Designer Sofa"
DV-SOFA-031,A -DIVINE CHAIRS PRICELIST,+SOFA LIFESTYLE PRICELIST- AUG26.pdf,sofa,31,Kitkat,"₹26,000",26000,/extracted_product_images/sofa_031.jpg,"Kitkat | ₹26,000 | Luxury Crafted Designer Sofa"
DV-SOFA-032,A -DIVINE CHAIRS PRICELIST,+SOFA LIFESTYLE PRICELIST- AUG26.pdf,sofa,32,Barcelona,"₹39,000",39000,/extracted_product_images/sofa_032.jpg,"Barcelona | ₹39,000 | Luxury Crafted Designer Sofa"
DV-SOFA-033,A -DIVINE CHAIRS PRICELIST,+SOFA LIFESTYLE PRICELIST- AUG26.pdf,sofa,33,Futon,"₹18,500",18500,/extracted_product_images/sofa_033.jpg,"Futon | ₹18,500 | Luxury Crafted Designer Sofa"
DV-SOFA-034,A -DIVINE CHAIRS PRICELIST,+SOFA LIFESTYLE PRICELIST- AUG26.pdf,sofa,34,Havoc,"₹18,500",18500,/extracted_product_images/sofa_034.jpg,"Havoc | ₹18,500 | Luxury Crafted Designer Sofa"
DV-SOFA-035,A -DIVINE CHAIRS PRICELIST,+SOFA LIFESTYLE PRICELIST- AUG26.pdf,sofa,35,Aero,"₹34,500",34500,/extracted_product_images/sofa_035.jpg,"Aero | ₹34,500 | Luxury Crafted Designer Sofa"
DV-SOFA-036,A -DIVINE CHAIRS PRICELIST,+SOFA LIFESTYLE PRICELIST- AUG26.pdf,sofa,36,Crystal,"₹50,000",50000,/extracted_product_images/sofa_036.jpg,"Crystal | ₹50,000 | Luxury Crafted Designer Sofa"
DV-SOFA-037,A -DIVINE CHAIRS PRICELIST,+SOFA LIFESTYLE PRICELIST- AUG26.pdf,sofa,37,Nero,"₹40,000",40000,/extracted_product_images/sofa_037.jpg,"Nero | ₹40,000 | Luxury Crafted Designer Sofa"
DV-SOFA-038,A -DIVINE CHAIRS PRICELIST,+SOFA LIFESTYLE PRICELIST- AUG26.pdf,sofa,38,Benz,"₹31,500",31500,/extracted_product_images/sofa_038.jpg,"Benz | ₹31,500 | Luxury Crafted Designer Sofa"
DV-SOFA-039,A -DIVINE CHAIRS PRICELIST,+SOFA LIFESTYLE PRICELIST- AUG26.pdf,sofa,39,Veronica,"₹47,000",47000,/extracted_product_images/sofa_039.jpg,"Veronica | ₹47,000 | Luxury Crafted Designer Sofa"
